nama_destinasi,username,komentar,rating,tanggal
Ramayana Ballet Prambanan,MK,"Selalu suka dengan pertunjukan nya, sedih krn hujan jadinya indoor show nya....","5,0
/5",8 Apr 2025
Ramayana Ballet Prambanan,Miranda Tjahjadi,Sangatt sangatt baguss dan sangattt recomendeddd utk di tonton. Anak2 pun senang sekali dgn pertunjukannya,"5,0
/5",7 Apr 2025
Ramayana Ballet Prambanan,Riqi Riqi,Pengalaman pertunjukan kebudayaan jawa terbaik,"5,0
/5",5 Apr 2025
Ramayana Ballet Prambanan,Muhammad Iqbal,Ngk nyesalll nnton ini walaupun di indoor tapi mudh2an next time bisa nnton di outdoor dan mmg praktis kalau kita booking deluannn 🙏🏻,"5,0
/5",4 Mar 2025
Ramayana Ballet Prambanan,Intan Ama Yuniari,bagus bgttttttttttttttttttttttrtttrttrrttt,"5,0
/5",1 Mar 2025
Ramayana Ballet Prambanan,Chusnul Syahri,Keren bangettttttt 🔥🔥🔥🔥,"5,0
/5",1 Mar 2025
Ramayana Ballet Prambanan,Sarah Febra Aldina,Sangat bagus. Cerita jelas dan sangat menghibur,"5,0
/5",22 Feb 2025
Ramayana Ballet Prambanan,Trisnawati Trisnawati,"Bagus sekali. Pertunjukan yang sangat mendidik, memperkenalkan ke anak juga gimana cerita Ramayana","5,0
/5",20 Feb 2025
Ramayana Ballet Prambanan,HH,"Semuanya keren, cuma kasian jatayunya kepalanya tengkleng sepertinya disalah bantal waktu tidur , tp jadi lucu liatnya 😆 sehat2 ya jatayu","5,0
/5",20 Feb 2025
Ramayana Ballet Prambanan,Hayu Priyanggono,It’s was amazing performance,"5,0
/5",16 Feb 2025
Ramayana Ballet Prambanan,NU,Indah sekali! Performance memuaskan!,"5,0
/5",5 Feb 2025
Ramayana Ballet Prambanan,Ita Asmani,Dapat diskon saat penbelian tiket.,"5,0
/5",2 Feb 2025
Ramayana Ballet Prambanan,Ondo Ungkap A,Harga tiket ramayana paling murah untuk semua OTA yang ada. Penukaran voucher juga cepat dan tanpa kesusahan. Maju trus tiket.com,"5,0
/5",30 Jan 2025
Ramayana Ballet Prambanan,aisyah Sumalyani,"Minimal sekali seumur hidup wajib liat ramayana ballet prambanan ! Syg waktu itu dpt yg indoor, kalau outdoor view langsung prambanan.","5,0
/5",4 Jan 2025
Ramayana Ballet Prambanan,ipungtelegmailcom ipungtelegmailcom,"Pengalaman hal baru untuk anak anak lebih mengenal budaya negeri,dari segi cerita,narasi,tata lampu,Custom, hingga detail make up nya terlihat benar totalitas sebuah pertunjukam","5,0
/5",2 Jan 2025
Ramayana Ballet Prambanan,PP,"Bagus, Edukatif, Berbudaya, Emosional, Menarik","5,0
/5",26 Dec 2024
Ramayana Ballet Prambanan,AI,"Alur cerita mudah dipahami dan visualisasinya tersampaikan, ada sisipan komedinya, tidak membosankan. Worth to try. Mungkin akan lebih enak klo outdoor, berhubung di November (musim hujan) kedapatan j...","5,0
/5",25 Dec 2024
Ramayana Ballet Prambanan,RS,"Bagus, belajar mengenalkan kesenian","5,0
/5",23 Dec 2024
Ramayana Ballet Prambanan,Bagas Restu Dony Fredy Kurniawan,one of the best local show,"5,0
/5",1 Dec 2024
Ramayana Ballet Prambanan,Muhammad Ade kurniawan,"Seru juga, lumayan bagus","5,0
/5",27 Nov 2024
Ramayana Ballet Prambanan,CW,Aaaaaaaaaaaaaaaaaaaaaaaaaaaaaaaaaaaaaa,"5,0
/5",22 Nov 2024
Ramayana Ballet Prambanan,Diana Cherny Dheashinta,Seru banget???!?!!! Sebenernya aku diajak temenku kesini trs keren sii pemainnya. Kebetulan di indoor karena musim hujan dan memang malemnya hujan. Bagus banget bisa ngeliat prambanan di malam hari me...,"5,0
/5",21 Nov 2024
Ramayana Ballet Prambanan,SS,keren banget tiket .com..pengalaman yg tak terlupakan bisa menonton sendratari yg sangat susah tiketnya...tapi terimakasih tiket.com sudah membantu saya...keren abiss pokoknya,"5,0
/5",18 Nov 2024
Ramayana Ballet Prambanan,TP,"Keren , pengalaman yg baru , lestaribudayaku","5,0
/5",11 Nov 2024
Ramayana Ballet Prambanan,OD,Senang sekali bisa solo traveling tahun ini,"5,0
/5",10 Nov 2024
Ramayana Ballet Prambanan,AD,sangat memudahkan. penukaran tiket juga praktis pertunjukannya juga menarik,"5,0
/5",9 Nov 2024
Ramayana Ballet Prambanan,EK,keren banget pasti meski aku ngga bisa nonton krna ada halangan,"5,0
/5",8 Nov 2024
Ramayana Ballet Prambanan,Taufikur Rofik,pertunjukan sejarah nya sangat profesional,"5,0
/5",5 Nov 2024
Ramayana Ballet Prambanan,Cyntia Rofiastuti,"Teater nya seru. Lighting dan soundnya support panggung bgt jadi lebih bagus secara visual. Tp sayang bgt, pesenn tiket outdoor tp haruss move ke indoor grgr hujan huhuhu tp gapapa. Overall good ^ ^","5,0
/5",4 Nov 2024
Ramayana Ballet Prambanan,RA,"""Nyaman, layanan baik, lokasi strategis, kamar bersih dan modern, sarapan enak.""","5,0
/5",3 Nov 2024
Ramayana Ballet Prambanan,WW,"Keren banget, pakai tiket.com diskonnya banyak","5,0
/5",25 Oct 2024
Ramayana Ballet Prambanan,MA,Sekali seumur hidup harus banget nonton pagelaran ini secara langsung. Ambiance dan tata pertunjunkan yang bagus banget dengan alur cerita top. Penggunana element api dalam pertunjukan makin menunjukk...,"5,0
/5",23 Oct 2024
Ramayana Ballet Prambanan,AR,"Kereen! Bener2 pengalaman baru nonton Sendratari Ramayana Prambanan, next mau coba nonton yg lain juga. Terima kasih!","5,0
/5",14 Oct 2024
Ramayana Ballet Prambanan,Rentha Lyonie Simanjuntak,😍😍😍😍😍😍😍😍😍😍😍😍😍😍😍😍😍😍😍😍😍😍😍,"5,0
/5",14 Oct 2024
Ramayana Ballet Prambanan,Devi Trimurni P,Seru banget pertunjukannya dan pas banget dapet yg outdoor jadi ada kembang api juga,"5,0
/5",10 Oct 2024
Ramayana Ballet Prambanan,SELLA HOLVASARI,Sangat bagus penampilannya,"5,0
/5",9 Oct 2024
Ramayana Ballet Prambanan,PR,such a amazing memories.,"5,0
/5",6 Oct 2024
Ramayana Ballet Prambanan,Andriani Suri Krisna Putri,Pertunjukan spektakuler aselikkkkk,"5,0
/5",5 Oct 2024
Ramayana Ballet Prambanan,Ari Indah Lestari,"Sudah lama punya keinganan buat nonton ini. Ternyata pertunjukannya bagus banget. Gk nyesel beli tiket Sendratari Ramayana yg outdoor dengan latar belakang Candi Prambanan, apalagi kalau ada Bulan Pur...","5,0
/5",4 Oct 2024
Ramayana Ballet Prambanan,YULIA FAZRI MAULUDYA,Sangat memuaskan ⭐⭐⭐⭐⭐,"5,0
/5",2 Oct 2024
Ramayana Ballet Prambanan,IC,"Bagus banget, pengalaman yang sangat seru","5,0
/5",1 Oct 2024
Ramayana Ballet Prambanan,LD,"Bagus bangettt Tapi harus baca sinopsisnya yaa jadi bisa paham lagi bagian scene apaaa Secara keseluruhan bagus pol, seluruh pemain , dr pemeran utama , pendukung, gamelan , lighting dll itu bener ben...","5,0
/5",1 Oct 2024
Ramayana Ballet Prambanan,DS,One of the best experiences I had ✨,"5,0
/5",28 Sep 2024
Ramayana Ballet Prambanan,AM,"Keren banget pertunjukannya, ga ngebosenin selama nonton, setelah selesai sudah terpikir mau nonton lagi","5,0
/5",26 Sep 2024
Ramayana Ballet Prambanan,Yofie Meisya Nathania,"Seru bangett, nyaman,","5,0
/5",26 Sep 2024
Ramayana Ballet Prambanan,Syendi Subhekti,"Pertunjukan megah luar biasa, pengalaman yang seru dengan view yang sangat sulit terlupakan","5,0
/5",25 Sep 2024
Ramayana Ballet Prambanan,HP,"First time nonton Prambanan Ballet, seru banget walaupun gak begitu paham ya sama alu ceritanya karena full tarian gak ada narasi. Tapi bagus banget buat ditonton. Jadi pengalaman mengesankan selama d...","5,0
/5",24 Sep 2024
Ramayana Ballet Prambanan,ratna agustina,"Menyenangkan, gampang banget","5,0
/5",21 Sep 2024
Ramayana Ballet Prambanan,Putri Dewi,"Keren bangeet, 1000 worth to spend your money on","5,0
/5",21 Sep 2024
Ramayana Ballet Prambanan,AA,it was fantastic and magical,"5,0
/5",10 Sep 2024
Ramayana Ballet Prambanan,Nurfitria Marhamah Pipit,Pertunjukannya keren abis,"5,0
/5",9 Sep 2024
Ramayana Ballet Prambanan,laylidaygmailcom laylidaygmailcom,"Unik, berkesan dan prosedur yang simpel","5,0
/5",9 Sep 2024
Ramayana Ballet Prambanan,laylidaygmailcom laylidaygmailcom,Pengalaman berkesan dan unik,"5,0
/5",9 Sep 2024
Ramayana Ballet Prambanan,MR,"So amazing dan sangat seru sekali, minimal sekali semur hidup untuk menonton pertunjukan ini","5,0
/5",22 Aug 2024
Ramayana Ballet Prambanan,KA,Baru pertama kali nonton dan sangat bagus,"5,0
/5",22 Aug 2024
Ramayana Ballet Prambanan,YA,"Keren bangettt, engga nyesell sama sekali buat nonton ramayana ballet. Semoga bisa nonton lagii","5,0
/5",21 Aug 2024
Ramayana Ballet Prambanan,Triza Rizky Ramadhani,"Eksperience yang tidak terlupakan nnton ini. Bersama keluarga, anak2 jg excited. Tata panggung Dan tata cahaya yg bagus. Background Candi prambanan menambah bagus stage panggung. Tata Tari Dan musik j...","5,0
/5",19 Aug 2024
Ramayana Ballet Prambanan,TM,mantapppppppppppppppppp,"5,0
/5",13 Aug 2024
Ramayana Ballet Prambanan,Bagas Tri Mulyana,"Kerenn tariannya tidak monoton, ada 2 sesi","5,0
/5",11 Aug 2024
Ramayana Ballet Prambanan,Kelvin Kelvin,"Keren dan seru, menonton bersama keluarga","5,0
/5",10 Aug 2024
Ramayana Ballet Prambanan,Kelvin Kelvin,"Sangat mengejutkan, seru, atraksi keren, dapat membeli makanan dan minuman sebelum masuk ke area penonton, di sarankan membaca dahulu cerita cinta rama dan shinta karena tidak ada teks/ dialog agar me...","5,0
/5",10 Aug 2024
Ramayana Ballet Prambanan,Tutik Haryanti Dina Hartono,Beli ticket nya online jauh jauh hari sebelum hari yang saya inginkan .saya beli tiket untuk keluarga 7 orang dengan tiket Special a.300 ribu. Dengan begitu saya dapat tempat duduk yang sangat bagus b...,"5,0
/5",10 Aug 2024
Ramayana Ballet Prambanan,Heny Vera Oktaria Dewi,Bagi yang belum pernah nyobain dan yang suka bgt sama tampilan tari drama kamu harus coba ya,"5,0
/5",7 Aug 2024
Ramayana Ballet Prambanan,Heny Vera Oktaria Dewi,"Pengalaman pertama menonton sendratari ramayana di prambanan, magical banget.. landcsape prambananan dengan sorot lampu yang menambah nilai magic dari penampilan nya","5,0
/5",7 Aug 2024
Ramayana Ballet Prambanan,Hana Fauzia,Pertunjukkan yg keren banget. Beberapa kali merinding liat stage act para penari.,"5,0
/5",31 Jul 2024
Ramayana Ballet Prambanan,PS,It was awesome! Love it!,"5,0
/5",30 Jul 2024
Ramayana Ballet Prambanan,AR,mantapp dan kerenn seru bgt,"5,0
/5",24 Jul 2024
Ramayana Ballet Prambanan,MM,Tempatnya bagus dan bersih,"5,0
/5",24 Jul 2024
Ramayana Ballet Prambanan,AK,Amazing🔥 Pertunjukan yang sangat luar biasa 🔥,"5,0
/5",20 Jul 2024
Ramayana Ballet Prambanan,AMALIA RIANTIKA,Seru banget cuma memang kalo posisi belakang berasa goyang2 but aman 😍 pingin lagi,"5,0
/5",14 Jul 2024
Ramayana Ballet Prambanan,PA,View dan pelayanan bagus,"5,0
/5",12 Jul 2024
Ramayana Ballet Prambanan,FS,Very recommended! And it's all worth it! Love it...,"5,0
/5",12 Jul 2024
Ramayana Ballet Prambanan,santi juli,"Bagus banget, top banget, view yang luar biasa, g kecewa jauh2 datang ke prambana.","5,0
/5",11 Jul 2024
Ramayana Ballet Prambanan,Tirza Clara Gitawardhany,Sebenernya batal pergi but i know for sure pertunjukannya keren. Semoga next time bisa nonton langsung,"5,0
/5",10 Jul 2024
Ramayana Ballet Prambanan,NM,Kereeeeenn keren keren keren bangetttttt,"5,0
/5",6 Jul 2024
Ramayana Ballet Prambanan,KR,Worth it to watch and valuable. We learn and enjoy at the same time,"5,0
/5",3 Jul 2024
Ramayana Ballet Prambanan,GZ,Keren dan bagus banget!!,"5,0
/5",2 Jul 2024
Ramayana Ballet Prambanan,tennya sri arifin,Wajib Nonton sih kalau ke Jogja seru sekali ✨✨,"5,0
/5",1 Jul 2024
Ramayana Ballet Prambanan,FC,sekali dalam seumur hidup harus nonton ini ga bakal nyesel karena sangat indah,"5,0
/5",26 Jun 2024
Ramayana Ballet Prambanan,Aditia Saputra,"Kalo ke Jogja emang harus nonton ini sih, keren parah","5,0
/5",26 Jun 2024
Ramayana Ballet Prambanan,Mhd Reza Irjaldi Hasibuan,"Theater drama tentang kebudayaan, sangat bagus","5,0
/5",24 Jun 2024
Ramayana Ballet Prambanan,Novita Purwoningtyas,Worth every penny!!!!!!!!!!!!!!!!!!!!!!!!,"5,0
/5",24 Jun 2024
Ramayana Ballet Prambanan,Novita Purwoningtyas,Worth every penny!!!! Dont think twice lah to buy this ticket,"5,0
/5",24 Jun 2024
Ramayana Ballet Prambanan,Ferdi Ferdi,"Bagus, layak untuk dicoba ketika berkunjung ke jogja.","5,0
/5",24 Jun 2024
Ramayana Ballet Prambanan,ER,Worth it..even my kids 10 yo and 3 yo very interested with this performance..Amazing,"5,0
/5",22 Jun 2024
Ramayana Ballet Prambanan,RR,"Seruuu bangett,pokonya kalau ke jogja wajib sih nonton sendratari ramayan,ceritanya seru viewnya cuantik polll","5,0
/5",20 Jun 2024
Ramayana Ballet Prambanan,MR,Bagus banget dan viewnya sangat teramat cantik,"5,0
/5",17 Jun 2024
Ramayana Ballet Prambanan,Ardian Hafidz Annafi,Ok bgt sih sayang kurang lama,"5,0
/5",16 Jun 2024
Ramayana Ballet Prambanan,Agung Agung,Ok ok ok ok ok ok ok ok ok,"5,0
/5",13 Jun 2024
Ramayana Ballet Prambanan,Ade Siti Nurrohmah,"Seneng banget liat nya, semoga bisa kembali lagi dengan orang yg sama❣️","5,0
/5",9 Jun 2024
Ramayana Ballet Prambanan,Ade Wahyudi,Bagus banget acara nya keren,"5,0
/5",7 Jun 2024
Ramayana Ballet Prambanan,Yohana Yohana,"Seatnya oke, semua orang kedapetan viewnya. Performancenya keren bangettt 💖💖💖","5,0
/5",7 Jun 2024
Ramayana Ballet Prambanan,PP,"Keren banget, worth it, ga antri, langsung masuk Yg 300rb dapet free minuman, bebas pilih apa aja Hospitalitynya juga bagus banget","5,0
/5",3 Jun 2024
Ramayana Ballet Prambanan,AN,Pertunjukannya sangat bagus,"5,0
/5",2 Jun 2024
Ramayana Ballet Prambanan,NR,"good vibes, good view, good performance. syg dtg nya aga t**** dikit huhu..","5,0
/5",1 Jun 2024
Ramayana Ballet Prambanan,Diah Winanti,Pergi nonton bareng² sama teman pilih tiket khusus dpt free minuman. Pertunjukan sangat bagus. 👍👍👍,"5,0
/5",29 May 2024
Ramayana Ballet Prambanan,RH,Ketika ke jogja wajib banget berkunjung ke sini cerita dan tarianya menarik banget,"5,0
/5",27 May 2024
Ramayana Ballet Prambanan,Nadia Rifka,Magical show amazing🥹,"5,0
/5",25 May 2024
Ramayana Ballet Prambanan,Vina Puspitasari,Menyenangkan so magical,"5,0
/5",24 May 2024
Ramayana Ballet Prambanan,Yuniar Cahyaningtias,Bagus banget gak nyesel deh nonton dengan harga tiket lumayan,"5,0
/5",21 May 2024
Ramayana Ballet Prambanan,muhamad rizqi ramadhana,"Sangat ramah, pertunukan yang luar biasa","5,0
/5",18 May 2024
Ramayana Ballet Prambanan,AR,Kereenn bangettttt pengen bangett kesinii lagii,"5,0
/5",18 May 2024
Ramayana Ballet Prambanan,Dewi Riesna Dinawaty,"Wajib banget ditonton, dramanya cantik, bagus, pemandangan prambanan dimalam hari juga cNtik bangetttttt","5,0
/5",15 May 2024
Ramayana Ballet Prambanan,FA,Sangat menyenangkan sekali,"5,0
/5",13 May 2024
Ramayana Ballet Prambanan,SS,pertunjukan yang luar biasa,"5,0
/5",13 May 2024
Ramayana Ballet Prambanan,LL,"Pengalaman menarik, tempat seru","5,0
/5",7 May 2024
Ramayana Ballet Prambanan,YS,Pertunjukan yang sangat seru.,"5,0
/5",7 May 2024
Ramayana Ballet Prambanan,Anna,it was extremely nice show! before the show you can buy a dinner at the restaurant nearby and spend the whole evening in the front of the temple. highly recommended,"5,0
/5",7 Feb 2024
Ramayana Ballet Prambanan,Deviani Aprianti Yusuf,Bagus durasi lama seneng deh,"5,0
/5",8 Jan 2024
Ramayana Ballet Prambanan,Nadhira Azman,"A local theatre performance is a once in a lifetime experience. Best if you could watch it in their outdoor setting (depends on season). We went in dec, indoor performance was still good enough. Redee...","5,0
/5",4 Jan 2024
Ramayana Ballet Prambanan,PP,"Ternyata gak bisa pilih seat ya kalau booknya dari Tiket. Dan aku gak terlalu awal datangnya, jadi dapat seat di baris ketiga☹️ dannn selama acara berlangsung ada sekitar 5 bangku kosong di baris 2. S...","5,0
/5",27 Dec 2023
Ramayana Ballet Prambanan,Fakhira Hanna Safira Fidaus,"Bagus banget ampun, magical show bener bener terhipnotis sama penampilan penari, pengiring gamelan, tata lampu keren abizzz.","5,0
/5",24 Dec 2023
Ramayana Ballet Prambanan,Fransiska Magdalena Sitanggang,Suoer keren.. Indoor aja bagus. Apalagi pentas outdoor. Tidak pernah bosan dengan acara ini.. Tamu2 sayapun selalu menikmati pementasan dan bilang akan melihat episode2 dilain waktu. Trimakasih..,"5,0
/5",21 Dec 2023
Ramayana Ballet Prambanan,JK,Beautiful performance by talented people. Suggest to go watch their shows when visiting Jogjakarta and during the dry season so you can watch outdoors and get a view of the Prambanan background. I was...,"5,0
/5",13 Dec 2023
Ramayana Ballet Prambanan,Shinta Cahaya Wati,Menakjubkan banget ga sia2 kelas khusus,"5,0
/5",7 Dec 2023
Ramayana Ballet Prambanan,Kerry Nurrakhman,"Amazing view, amazing place and amazing show","5,0
/5",29 Nov 2023
Ramayana Ballet Prambanan,Kurniawati Dewi Harsono,Teater seperti ini harus banyak diadakan. Keren sekali. Terima kasih,"5,0
/5",24 Nov 2023
Ramayana Ballet Prambanan,Mohammad Gilang Stansyach,Bagusss banget acara nya,"5,0
/5",23 Nov 2023
Ramayana Ballet Prambanan,HT,Kereeen tapi kurang penerangan di parkirannya sampe saya jatuh 😂,"5,0
/5",22 Nov 2023
Ramayana Ballet Prambanan,Nurul Fitriani Rahayu,Keren penampilannya. Sukaaa,"5,0
/5",20 Nov 2023
Ramayana Ballet Prambanan,Adelliawati Noerhalim,Mantab. Experience baruu,"5,0
/5",19 Nov 2023
Ramayana Ballet Prambanan,MICHELLE ANGELA TIARA ROTTY,seru banget bisa menikmati sendratari!,"5,0
/5",18 Nov 2023
Ramayana Ballet Prambanan,Ming Xiu,performance was 1.5 hours with a short intermission break. the star of the show was the monkey performer as his dance move was the most dynamic. would need to read the synopsis of the show before the ...,"5,0
/5",28 Oct 2023
Ramayana Ballet Prambanan,ES,Love Indonesia ga pernah bosan,"5,0
/5",24 Oct 2023
Ramayana Ballet Prambanan,Arsha Khila,Pengalaman yang seruu sekali,"5,0
/5",10 Oct 2023
Ramayana Ballet Prambanan,AP,Sehr schöne Anziehung und Tanz. Alles ganz besonders,"5,0
/5",7 Oct 2023
Ramayana Ballet Prambanan,IR,Keren banget pertunjukanya,"5,0
/5",5 Oct 2023
Ramayana Ballet Prambanan,RS,Very recommended. Panggung open air dengan view cantik candi prambanan di malam hari. Layak untuk di ulang. Saya sendiri sudah menonton pertunjukan ini 3x,"5,0
/5",29 Sep 2023
Ramayana Ballet Prambanan,KL,"Baguusss, seru. View background candi prambanannya cantik bgttt","5,0
/5",27 Sep 2023
Ramayana Ballet Prambanan,AW,Great! 🥰 pasti bakal berkunjung lagi deh,"5,0
/5",23 Sep 2023
Ramayana Ballet Prambanan,ID,"Keren banget.. durasinya lumayan lama dan kmrn beli tiket di kelas khusus dapet view nya pas bgt, free minuman juga hehe..","5,0
/5",13 Sep 2023
Ramayana Ballet Prambanan,AS,bagus sekali dengan latar prambanan yang indah,"5,0
/5",12 Sep 2023
Ramayana Ballet Prambanan,Avinash Sharma,"Excellent show, specially Lanka Dahan","5,0
/5",10 Sep 2023
Ramayana Ballet Prambanan,JM,"Simply amazing, the dancers, the costumes, the venue...","5,0
/5",7 Sep 2023
Ramayana Ballet Prambanan,Liana Anggraeni,Pengalaman pertama nonton theater outdoor dan belakangnya langsung candi prambanan 💗,"5,0
/5",7 Sep 2023
Ramayana Ballet Prambanan,WW,Bagus bgtt!!! Kerennn worth to watch dehhh,"5,0
/5",3 Sep 2023
Ramayana Ballet Prambanan,Febby Desy Lia,"Kereeenn🔥, pertunjukkan yang sangat bagusss","5,0
/5",31 Aug 2023
Ramayana Ballet Prambanan,Frandika Christianto,hrus ntn inii sumpaah,"5,0
/5",30 Aug 2023
Ramayana Ballet Prambanan,Rizky Dea Safitri,Nice price nice view nice experience,"5,0
/5",23 Aug 2023
Ramayana Ballet Prambanan,AP,Bagus banget! Akan kembali lagi untuk nonton di seat tengah,"5,0
/5",23 Aug 2023
Ramayana Ballet Prambanan,Kalyana Candra,Kerennnn!!! Kebetulan kesini pas 17 Agustus dan menang jadi best costume,"5,0
/5",22 Aug 2023
Ramayana Ballet Prambanan,Salsabila Dinda Putri,Spektakuler! Watch-worthy at least once 🫶🏻✨,"5,0
/5",20 Aug 2023
Ramayana Ballet Prambanan,SV,Life changing experience!,"5,0
/5",20 Aug 2023
Ramayana Ballet Prambanan,CM,Sekeren itu ! Wajib nonton sih,"5,0
/5",16 Aug 2023
Ramayana Ballet Prambanan,Levita Dharma Sukmawati,Keren bangettt. Datang pas bertepatan purnama makin keren. Wajib nonton klo ke Jogja.,"5,0
/5",13 Aug 2023
Ramayana Ballet Prambanan,RK,fantastic performance at a magical location!,"5,0
/5",12 Aug 2023
Ramayana Ballet Prambanan,EN,"Unforgettable experience! Mulai dari kostum, akting, tata panggung, pencahayaan, sampe detil tarian nya super cool buat orang awam kayak saya! Ditambah majestic view dari candi prambanan yang kalo mal...","5,0
/5",7 Aug 2023
Ramayana Ballet Prambanan,Hosnul Hotimah,great performance!!!!,"5,0
/5",30 Jul 2023
Ramayana Ballet Prambanan,RC,Okkk keren banget sangat worth it,"5,0
/5",26 Jul 2023
Ramayana Ballet Prambanan,Sentot Lasiyanto,"Keren, keluarga suka dan enjoy dengan tadiannya","5,0
/5",21 Jul 2023
Ramayana Ballet Prambanan,Iyang Apendi,Terimakasih atas pertunjukannya. Keren banget,"5,0
/5",19 Jul 2023
Ramayana Ballet Prambanan,Yuda Mulyadi Melody,"Without dialogue, but I'm so enjoy it.","5,0
/5",19 Jul 2023
Ramayana Ballet Prambanan,AD,"Seru banget, dari kemarin pingin nonton ini karna liat di tiktok dan ternyata emg bagus bgt bgt","5,0
/5",17 Jul 2023
Ramayana Ballet Prambanan,AA,"view malem nya okehh bgtt, kebetulan beli yg outdoor jg jadi kece bgt kebagian yang ada api api nya jg seruu poll💥💥","5,0
/5",12 Jul 2023
Ramayana Ballet Prambanan,Ayesha Ryzka,Kereeen banget.. Legendary,"5,0
/5",6 Jul 2023
Ramayana Ballet Prambanan,Fadila Amelia,Keren banget. Dan terkagum2. Ya Allah sampe gk bisa berkata2. KEREEEENNNN BANGET!!!!,"5,0
/5",5 Jul 2023
Ramayana Ballet Prambanan,RS,Pertunjukannya keren walaupun agak kurang khidmat karena berbarengan malam takbiran iduladha,"5,0
/5",4 Jul 2023
Ramayana Ballet Prambanan,Dwiyankie Pangestu,super nice show and really worth it,"5,0
/5",30 Jun 2023
Ramayana Ballet Prambanan,Suhita Pitaloka,"Memuaskan, pertunjukannya epic, cocok untuk wisata keluarga.","5,0
/5",29 Jun 2023
Ramayana Ballet Prambanan,SF,"Bagus sekali, seperti kurang kalo hanya lihat 1x,anak anak jga senang, semoga dapat datang kesini lagi😊","5,0
/5",28 Jun 2023
Ramayana Ballet Prambanan,Firman Aulia,Pertunjukan yg sangat menarik. Dengan cerita bagus,"5,0
/5",27 Jun 2023
Ramayana Ballet Prambanan,AS,"Asik, seru, nyaman dari awal masuk sampai selesai, dalam pagelaran suasana hati terbawa dalam alur cerita. Terimakasih","5,0
/5",25 Jun 2023
Ramayana Ballet Prambanan,ERU KARYAWANTO,Sendratari Ramayana di Prambanan,"5,0
/5",18 Jun 2023
Ramayana Ballet Prambanan,YK,"Oke, Proses redeem mudah, pertunjukan oke","5,0
/5",13 Jun 2023
Ramayana Ballet Prambanan,Fandy Akbar Pradana Putra,Really good performance Keep Support local culture,"5,0
/5",6 Jun 2023
Ramayana Ballet Prambanan,Siti Koriyah,"bagussss banget asli, lebih mengenal budaya di indonesia","5,0
/5",28 May 2023
Ramayana Ballet Prambanan,Inmas Yomi,Keren. Luar biasa. Menikmati sendratari ramayana (Cerita Anoman Obong) dengan vie langsung candi prambanan,"5,0
/5",25 May 2023
Ramayana Ballet Prambanan,Abigail Alfa Putri Prasetyan,Bagus banget! Wajib dikunjungi utk yg butuh hiburan di jogja,"5,0
/5",12 May 2023
Ramayana Ballet Prambanan,NK,it was really fun and amazing performance 🤩🙌🏻,"5,0
/5",7 May 2023
Ramayana Ballet Prambanan,Syahrul Ramadhan,Bagus penampilannya cuma pas sesi kedua hujan,"5,0
/5",4 May 2023
Ramayana Ballet Prambanan,Herlina Anggi,Seru banget pokonya nambah pengalaman,"5,0
/5",29 Apr 2023
Ramayana Ballet Prambanan,Irene,"an enjoyable performance. ticket comes with a free drink of coffee, tea or mineral water. there's a 10 mins interval in between.","5,0
/5",17 Mar 2023
Ramayana Ballet Prambanan,SY,"meskipun gajadi nonton, tapi yakin banget kalo pertunjukannha epic dan fantastis! keep it up temen2 sendratari!!","5,0
/5",6 Feb 2023
Ramayana Ballet Prambanan,Dori Gusvawijaya,Nice show! Berharap selanjutnya bisa nonton yg outdoor.,"5,0
/5",5 Feb 2023
Ramayana Ballet Prambanan,Dewi Delvya Rismayani,Bagus.. sangat mengentertaint dan mengedukasi juga buat anak2.. tempat duduk utk menonton juga nyaman,"5,0
/5",19 Jan 2023
Ramayana Ballet Prambanan,PH,"bagus, cocok untuk keluarga","5,0
/5",10 Jan 2023
Ramayana Ballet Prambanan,DP,"Bagus sekali, harus nonton lg bila kejogya, kerenz","5,0
/5",4 Jan 2023
Ramayana Ballet Prambanan,Muhammad Iqbal Maulana,"Performance yang sangat menarik, cerita dikemas dalam bahasa Jawa","5,0
/5",1 Jan 2023
Ramayana Ballet Prambanan,Djoki Djoki,Recommend for classic Ramayana epic teather,"5,0
/5",25 Dec 2022
Ramayana Ballet Prambanan,Marthen Yopary S,Amazing performance.. great atmosphere with gamelan sound.,"5,0
/5",22 Dec 2022
Ramayana Ballet Prambanan,KG,Pengalaman pertama melihat ramayana ballet dan bagus...,"5,0
/5",14 Dec 2022
Ramayana Ballet Prambanan,AR,"Super worth it! The dance, make up, property, story are amazing. Really enjoyed it!","5,0
/5",19 Nov 2022
Ramayana Ballet Prambanan,AS,bagussssss bgtssssssss,"5,0
/5",8 Nov 2022
Ramayana Ballet Prambanan,Lubna Hanifa Moeljawan,Baguss banget sangat worth it,"5,0
/5",2 Nov 2022
Ramayana Ballet Prambanan,Sari Saraswati,"puas banget beli disini dapet potongan diskon,, pertunjukkanny bagus","5,0
/5",30 Oct 2022
Ramayana Ballet Prambanan,Griajeng Ruthjunitarani,😍😍😍😍 Wajib tonton pertunjukan ini kalau ke Jogja!,"5,0
/5",30 Sep 2022
Ramayana Ballet Prambanan,Tika Yosefine,Show yang bagus dan penukaran tiket mudah,"5,0
/5",25 Sep 2022
Ramayana Ballet Prambanan,BD,"Keren, wajib nonton versi outdoornya","5,0
/5",19 Aug 2022
Ramayana Ballet Prambanan,Bayu Pamungkas,"It was so good. To bad that night rain wont stop, so the venue ekchange from outdoor into indoor. But it was SO GOOD!","5,0
/5",14 Aug 2022
Ramayana Ballet Prambanan,GG,Pertunjukannya baguss,"5,0
/5",6 Aug 2022
Ramayana Ballet Prambanan,Ien Tirto Buwono The,tontonan yang menarik,"5,0
/5",21 Jul 2022
Ramayana Ballet Prambanan,Dwiky Widityo,"Pemandangannya bagus, pertunjukannya keren","5,0
/5",20 Jul 2022
Ramayana Ballet Prambanan,Dwiky Widityo,"Pertunjukannya bagus, pemandangannya bagus","5,0
/5",20 Jul 2022
Ramayana Ballet Prambanan,TN,sumpah ini pertunjukan keren banget huhuhu akhirnya kesampaian juga nnton sendratari ramayana prambanan,"5,0
/5",13 Jul 2022
Ramayana Ballet Prambanan,HA,Pertunjukan bagus dan menarik,"5,0
/5",5 Jul 2022
Ramayana Ballet Prambanan,Suhita Pitaloka,Funtastic. Teater musikal yg mengangumkan.. dengan kesederhanaan tempat dan pencahayaan panggung tidak mengurangi suasana acara. Anak saya yg terkecil pun menyukai tarian2 dan menyimak jalan cerita sa...,"5,0
/5",28 Jun 2022
Ramayana Ballet Prambanan,Maria Sofjan Teguh,bagus cerita dan lighting nya,"5,0
/5",30 May 2022
Ramayana Ballet Prambanan,Tiffani Olivia Luthfi,"Keren sih ceritanya dan kostumnya eye catching bgt...rugi deh kalo blm pernah nonton. Amazing bgt liat para penarinya, benar benar memukau bagi saya yg senang dg berbagai kebudayaan.","5,0
/5",24 May 2022
Ramayana Ballet Prambanan,MD,Ga bakalan nyesel pengen liat lagi,"5,0
/5",10 May 2022
Ramayana Ballet Prambanan,Sylvia Laurent,Tarian cerita Rama dan Sita dengan intisari kesetian Sita sangat epic,"5,0
/5",1 May 2022
Ramayana Ballet Prambanan,Evi Evi,"Penampilan bagus, background ok","5,0
/5",9 Apr 2022
Ramayana Ballet Prambanan,YA,seperti biasa..memukau,"5,0
/5",21 Mar 2022
Ramayana Ballet Prambanan,AF,"Kereeen banget, kalau liburan jogja pasti kesini lagi","5,0
/5",18 Jan 2022
Ramayana Ballet Prambanan,Muhammad ghozwan Dzakiy,Keren bagus polllllll,"5,0
/5",10 Dec 2021
Ramayana Ballet Prambanan,IP,mantaaaaappppppppppp,"5,0
/5",15 Nov 2021
Ramayana Ballet Prambanan,Perdana J L,Pertunjukan yang menarik untuk disaksikan,"4,0
/5",8 Apr 2025
Ramayana Ballet Prambanan,Nirma Sari Sitaba,"Luar biasa penampilannya, puas nontonnya next akan kembali lagi","4,0
/5",19 Jan 2025
Ramayana Ballet Prambanan,Yoseph Wicaksono,Pertunjukan bagus namun sayang ruangan agak panas. Namun petugas kurang tegas untuk perbedaan kursi kelas penonton. Ada penonton yang duduk tidak sesuai kelas tiket yang dibeli.,"4,0
/5",16 Dec 2024
Ramayana Ballet Prambanan,ST,Lumayan jadi tahu cerita ramayana,"4,0
/5",30 Nov 2024
Ramayana Ballet Prambanan,AS,Pertama kali nonton Penari nya ada yg lucuu,"4,0
/5",29 Nov 2024
Ramayana Ballet Prambanan,AP,"Seru bngttt,keren!!!!! Mau lagiii","4,0
/5",16 Oct 2024
Ramayana Ballet Prambanan,RF,Udiaisjsjsjdjdizjsjsksksks,"4,0
/5",3 Sep 2024
Ramayana Ballet Prambanan,Wahyu Kurniawan,Sedikit chaos karena yang sudah beli online dan dapat qr code tetap harus mencetak tiket dan antre panjang. Karena tidak ada pemberitahuan saat pembelian online,"4,0
/5",10 Aug 2024
Ramayana Ballet Prambanan,MT,A magical experience,"4,0
/5",31 Jul 2024
Ramayana Ballet Prambanan,Adinda Pratiwi,Terbaik acaranya lama dan tidak bosan,"4,0
/5",29 Jul 2024
Ramayana Ballet Prambanan,BS,"Sangat menarik dan mempesona, terpukau di buatnya","4,0
/5",15 Jun 2024
Ramayana Ballet Prambanan,Indah Sulistiyowati,Kurang lama! Harusnya dibuat durasi 3 jam karena sangat seru,"4,0
/5",31 May 2024
Ramayana Ballet Prambanan,MB,"profesional, ramah keluarga dan rekan, menakhubkan.","4,0
/5",26 May 2024
Ramayana Ballet Prambanan,Kerstin Wodhams,"We opted for VIP tickets. They have very comfortable seats and a half time (actually 3/4 time) drink and snack. The snack didn't look to be vegan friendly. You can see the top of Prambanan, illuminate...","4,0
/5",14 May 2024
Ramayana Ballet Prambanan,Firda Fahlefi,Bagusss mau nonton lg,"4,0
/5",13 May 2024
Ramayana Ballet Prambanan,JS,"Overall bagus, tpi lebih menunggu ketika mereka bersuara saat tampil. Cuman beberapa yg bersuara kaya saat rahwana muncul gitu. Ada translatenya di layar panggung. Kebetulan shownya in door. Kecewa sa...","4,0
/5",2 Jan 2024
Ramayana Ballet Prambanan,TA,"Bagus , seni kebudayaan nya juga sangat detail gerakan tarinya","4,0
/5",5 Dec 2023
Ramayana Ballet Prambanan,Stefani Ajeng Angreni Lebdo Putri,"Seru sih,keren banget. LOnya ramah dan helpfull mengarahkan ke seat dengan ramah sopan dan baik. Sayang sound system kurang oke sehingga mengurangi kemagisan penampilan sendratari. Mendem gitu lho sua...","4,0
/5",1 Oct 2023
Ramayana Ballet Prambanan,NH,"Bagus, mantap, suka jalan ceritanya","4,0
/5",16 Sep 2023
Ramayana Ballet Prambanan,Glori Elisabeth,Bagus untuk tariannya.,"4,0
/5",12 Sep 2023
Ramayana Ballet Prambanan,Dian Marlaini Saputri Batubara,"Agak membosankan, tapi lumayan menarik untuk sebuah atraksi unik.","4,0
/5",22 Jun 2023
Ramayana Ballet Prambanan,Hemasayu Nirmala Putri,"Kalau sudah booking prosesnya cepet aja tinggal scan terus masuk. Free minuman, boleh pilih teh, kopi, atau air mineral. Ada jajanan juga kalau mau camilan. Harga jajanan juga masih masuk akal, tidak ...","4,0
/5",20 May 2023
Ramayana Ballet Prambanan,Hardy Johanes Bharata,Sedikit kecewa karena habis hujan yg menyebabkan ntnnya harus indoor padahal kalau ntnnya outdoor sangat bagus. Performance dari pemainnya keren,"4,0
/5",22 Nov 2022
Ramayana Ballet Prambanan,Indra Hidayat Sani,"Keren sendratari nya, anak dan istri saya pada suka","4,0
/5",17 Sep 2022
Ramayana Ballet Prambanan,Ien Tirto Buwono The,pengalaman menonton yang menarik,"4,0
/5",21 Jul 2022
Ramayana Ballet Prambanan,EK,"It was good. It would be good if there's tv near the seating to show the translation of the show. it's too far and couldn't see anything, and the transition was fast. For everyone, just expect that th...","4,0
/5",14 Jul 2022
Ramayana Ballet Prambanan,Rizka Faradilla Zulfiana,Ga bisa pilih seat aja sih. Tp kalo ceritanya yg indoor bagus juga,"4,0
/5",10 May 2022
Ramayana Ballet Prambanan,JK,"Sendratari nya bagus tapi sayang manajemen nya berantakan, saat tukar tiket hanya ada satu line bercampur dr yg beli online, via chat dan on the spot sehingga antri lama, setelah banyak yg komplain da...","3,0
/5",5 Jan 2025
Ramayana Ballet Prambanan,Galih Prasetyo,Butifulfhdhdjdudddbdbd,"3,0
/5",11 Feb 2023
Ramayana Ballet Prambanan,Amando Hamonangan Saragih,perlu upgrade cerita biar menarik,"3,0
/5",1 Dec 2022
Ramayana Ballet Prambanan,AS,bagusssss tapi cerita tidak bisa dimengerti,"3,0
/5",29 Nov 2022
Ramayana Ballet Prambanan,EE,Sayangnya hujan jd pindah ditrimurti. Disingkat jg ceritanya jadinya,"3,0
/5",5 Jun 2022
Ramayana Ballet Prambanan,SK,"Terpaksa indoor krn hujan, kurang optimal kalo pememtasan dlm gedunh","2,0
/5",19 Jun 2022
Ramayana Ballet Prambanan,RA,"Saya pesan untuk outdoor tapi karna hujan pertujukan di pindahkan ke indoor, kapasitas indoor nya tidak sesuai dengan banyaknya orang yg menonton pada saat itu Dan saya berdiri sampai setengah acara l...","1,0
/5",20 Sep 2024
Legenda Roro Jonggrang Prambanan,DS,"Show : indoor jadi cocok utk cuaca musim hujan, dalam 2 bahasa (indo dan inggris), pemain menjiwai, bagus Harga : sedikit mahal, harga sama dg di PL Tips : datang minimal 30 menit lebih awal karena me...","5,0
/5",4 Jan 2025
Legenda Roro Jonggrang Prambanan,Addina Kamala,"Kerennn, penampilan yang sangat memuaskan.","5,0
/5",3 Jan 2025
Legenda Roro Jonggrang Prambanan,Meida Simatupang,"Wajib banget sih nonton pertunjukan ini. Mengedukasi dan menarik untuk ditonton. Saking serunya, satu jam berasa 15 Menit","5,0
/5",31 Dec 2024
Legenda Roro Jonggrang Prambanan,Amelia Rosa,Alur ceritanya menarik dan shownya sangat bagus.,"5,0
/5",30 Dec 2024
Legenda Roro Jonggrang Prambanan,AP,"Gudbngt pokoknha deh, cobain aja lngsung","5,0
/5",17 Dec 2024
Legenda Roro Jonggrang Prambanan,Diah Ramadhani,Luar biasa seruuu... wajib ksni klu ke Jogja,"5,0
/5",15 Dec 2024
Legenda Roro Jonggrang Prambanan,Endah Prameswari Kusumawardhani,keren banget meski aku ngga bisa nonton,"5,0
/5",8 Nov 2024
Legenda Roro Jonggrang Prambanan,Endah Prameswari Kusumawardhani,sama aja aku biang keren pastinya meski aku ngga bisa nonton,"5,0
/5",8 Nov 2024
Legenda Roro Jonggrang Prambanan,MN,"Keren, rekomendasi nonton yg lain nya juga","5,0
/5",22 Oct 2024
Legenda Roro Jonggrang Prambanan,Dimas Hanson,"Pertunjukan yang bagus, saya suka","5,0
/5",1 Oct 2024
Legenda Roro Jonggrang Prambanan,Arfan Rahman,"Pertunjukan yang memukau, ceritanya tersampaikan dengan baik ditambah dengan efek grafis sebagai pendukung jalannya cerita menambah kemudahan bagi penonton untuk memahami jalur cerita.","5,0
/5",20 Sep 2024
Legenda Roro Jonggrang Prambanan,FK,Penampilannya bagus dan ada komedinya jd seru,"5,0
/5",30 Aug 2024
Legenda Roro Jonggrang Prambanan,TS,Mantab wajib nonton,"5,0
/5",28 Aug 2024
Legenda Roro Jonggrang Prambanan,Julie Kathleen Holmes,"This is a short (45min) show in the small indoor theatre at Prambanan, so no view of the candi but because of the background screen there's written explanation of the story and plot throughout. The sh...","5,0
/5",9 Aug 2024
Legenda Roro Jonggrang Prambanan,Diana Idola Hotmarito,Sangat oke dan ingin kembali lagi,"5,0
/5",7 Aug 2024
Legenda Roro Jonggrang Prambanan,Audrey Malica Putri,Bagus bgt teruss ceritanyaa menarikkkkk poll,"5,0
/5",26 Jul 2024
Legenda Roro Jonggrang Prambanan,EP,"Baguss, wajib nonton ini kalau me jogja","5,0
/5",10 Jul 2024
Legenda Roro Jonggrang Prambanan,LP,"Bagus dan menarik! Pertunjukannya disajikan dalam sentuhan tradisional dan modern. Cerita dikemas secara lugas dalam durasi pertunjukan selama 1 jam, sehingga cocok juga untuk ditonton oleh anak-anak....","5,0
/5",10 Jul 2024
Legenda Roro Jonggrang Prambanan,Adhwa Maulidya,Pengalaman yg seru untuk pertunjukan roro jongrang semoga seni budaya indonesia tetap terjaga semangat untuk para seniman indonesia,"5,0
/5",3 Jul 2024
Legenda Roro Jonggrang Prambanan,EP,"Pertama kali nonton sendratari di Prambanan, bagus banget, sangat berkesan","5,0
/5",26 Jun 2024
Legenda Roro Jonggrang Prambanan,NS,"Sendratari yang disajikan bagus, cantik dan ada humornya juga. Best moment deh pokoknya. Keren👍🏻","5,0
/5",9 Jun 2024
Legenda Roro Jonggrang Prambanan,Nadaa Nadaa,Bagus bgt!! Suka kalau sudah budaya kaitannya,"5,0
/5",4 Jun 2024
Legenda Roro Jonggrang Prambanan,Ayu Jembar Sari,"Keren banget sih, such a good experience, definitely will come back","5,0
/5",28 May 2024
Legenda Roro Jonggrang Prambanan,Steven Arianto,"wajib banget nyobain nonton sendratari ramayana atau roro jonggrang ini kalau ke Candi Prambanan, Yogyakarta. gak akan nyesel dehh pokoknyaa","5,0
/5",28 May 2024
Legenda Roro Jonggrang Prambanan,AR,"kereen, bagus, nyaman","5,0
/5",6 Jan 2024
Legenda Roro Jonggrang Prambanan,WL,Sendratari melestarikan budaya,"5,0
/5",4 Jan 2024
Legenda Roro Jonggrang Prambanan,Wulan Dwi Lestari,Wisata budaya selalu menyenangkan,"5,0
/5",4 Jan 2024
Legenda Roro Jonggrang Prambanan,Satrio Putranto,"Sebagai pecinta seni , Sangat menarik sekali bisa mendapatkan kesempatan menonton Senin sendratari Langsung.. sangat menjunjung tinggi nilai budaya dan sejarah, bukan hanya orang Indonesia tp jg ada o...","5,0
/5",3 Jan 2024
Legenda Roro Jonggrang Prambanan,AW,Best next akan coba yang lain,"5,0
/5",26 Dec 2023
Legenda Roro Jonggrang Prambanan,Azyumar Luthfi Muhammad Alfariz,Bagus banget. Mewah gitu kesannya walaupun sebentar 🥹,"5,0
/5",27 Nov 2023
Legenda Roro Jonggrang Prambanan,Muthi Selmia,bagusss bgt seru bener bener selama pementasan ga ngerasa bosen sampe waltunya abis ada bocilbocilnya ngasi hawa komedi lucuuu bgt seru sgt rekomen,"5,0
/5",18 Aug 2023
Legenda Roro Jonggrang Prambanan,SANUSI EMILUDIN,"Keren banget, penampilan sendra tari nya bagus, ada lucu nya juga, kereen banget pokoknya, recommended","5,0
/5",5 Aug 2023
Legenda Roro Jonggrang Prambanan,Adelia Tri,pengalaman yg menarik,"5,0
/5",14 Jul 2023
Legenda Roro Jonggrang Prambanan,Felana Tambunan,"Ga nyesallll!! Keren luar biasa!!!! Lengkap, bersih dan nyaman!! Tempat LUAR BIASA!!","5,0
/5",4 Jul 2023
Legenda Roro Jonggrang Prambanan,Felana Tambunan,"Wah, pengalaman yang tak terlupakan selama di Jogja. Meski kami mengalami adanya gempa Tektonik, thanks God everythings fine. Theater nya indah baik dalam maupun luarnya. Pengunjung disambut dengan or...","5,0
/5",4 Jul 2023
Legenda Roro Jonggrang Prambanan,RA,"KEREN banget pertunjukan mya, semua karakter di mainkan sangat menjiwai","5,0
/5",20 Jun 2023
Legenda Roro Jonggrang Prambanan,NY,A great show for spend a night for 1 hour.,"5,0
/5",9 Jun 2023
Legenda Roro Jonggrang Prambanan,Yunita Widyarini,Kerennnnnnnnnnnnnnnnnnnnnnb,"5,0
/5",23 May 2023
Legenda Roro Jonggrang Prambanan,Yunita Widyarini,Keren parah hebattttt seruuuu,"5,0
/5",23 May 2023
Legenda Roro Jonggrang Prambanan,Sandry Dwiliani Fitry,Puas banget sama pentasnya,"5,0
/5",11 May 2023
Legenda Roro Jonggrang Prambanan,Nabilah Aulia Putri,"Seru banget! Gak nyesal nonton ini, juga dapat diskon to Do!!! Great Job","5,0
/5",11 Mar 2023
Legenda Roro Jonggrang Prambanan,Rifki Santosa,Acaranya Seru..menghibur dan melestarikan budaya bangsa Indonesia,"5,0
/5",21 Feb 2023
Legenda Roro Jonggrang Prambanan,santi dian puspita sari,"Menarik,wajib tuk nonton sendratari kalo ke Prambanan. 👍","5,0
/5",11 Feb 2023
Legenda Roro Jonggrang Prambanan,gilang ramadan,Cerita nya masih kurang masuk bro,"5,0
/5",2 Jan 2023
Legenda Roro Jonggrang Prambanan,Salma Azizah Nurdin,keren bangeeetttttttt,"5,0
/5",4 Jul 2022
Legenda Roro Jonggrang Prambanan,Ika Setya Wijayanti,"Menghibur sekali. Ada cerita Legenda yg diangkat, dan cerita nya mengedukasi. Terima kasih","5,0
/5",1 Jul 2022
Legenda Roro Jonggrang Prambanan,Vernia Nur Hadytia,Menghibur dan memberikan wawasan,"5,0
/5",15 May 2022
Legenda Roro Jonggrang Prambanan,Eka Listiyani,Bagusss bgt ini emang totonan mahal sih,"5,0
/5",28 Mar 2022
Legenda Roro Jonggrang Prambanan,MS,"sukakkk, terimakasih banyak tapi kurang lama hehehe.","5,0
/5",26 Mar 2022
Legenda Roro Jonggrang Prambanan,Abra Nirmalasari,"Pertunjukan kontemporer, bagus","5,0
/5",4 Feb 2022
Legenda Roro Jonggrang Prambanan,RK,Seru bangett! Worth every rupiahs,"5,0
/5",1 Jan 2022
Legenda Roro Jonggrang Prambanan,Swasti Aswagati,Fantastic and my girls loveeee it so much,"5,0
/5",3 Dec 2021
Legenda Roro Jonggrang Prambanan,KW,"bagus sih, tp mestinya kalo udah beli online ga perlu nukerin tiket offline di loket lg sih","4,0
/5",9 May 2024
Legenda Roro Jonggrang Prambanan,Luthfiana Nurjanah,"Seruuu gaiss, wajib dicoba si","4,0
/5",8 May 2024
Legenda Roro Jonggrang Prambanan,Dita Vania Larasati,"Acara Sendratari Roro Jonggrang bagus, lumayan canggih ada visual effectnya dgn layar video. Tarian-tariannya kombinasi tari tradisional dan modern, musiknya tidak live tapi dimainkan dari rekaman. Ut...","4,0
/5",9 Jan 2024
Legenda Roro Jonggrang Prambanan,Eko Sopiyan,"Kereeen bgttttt, pokoknya ga menyesal nonton acara ini.. klo ke Jogja/Magelang wajib bgt!!! Nonton","4,0
/5",2 Jan 2024
Legenda Roro Jonggrang Prambanan,Farida Nurochmah Dwiarini,Bagus dan menyengangka,"4,0
/5",17 Jul 2023
Legenda Roro Jonggrang Prambanan,RN,"Bagus, namun terlalu singkat","4,0
/5",10 Sep 2022
Legenda Roro Jonggrang Prambanan,Djonny Tambunan,Bagus karena di modernisasi,"4,0
/5",22 Jan 2022
Legenda Roro Jonggrang Prambanan,RP,Baguss sekali untuk ditonton,"3,0
/5",4 Jan 2024
Legenda Roro Jonggrang Prambanan,Regina Yolanda Sukoco,Kurang tradisional karena dicampur kontemporere dan dance kpop Harusnya yg dijual konsep tradisional yg di pertahankan,"3,0
/5",20 Aug 2023
Legenda Roro Jonggrang Prambanan,Shabrina Kartika Hafiana,Oke ajasih. Tapi bagusan yang rama shinta.,"3,0
/5",22 Jun 2023
Legenda Roro Jonggrang Prambanan,Agung Prasetyo,Saya kira di outdoor ternyata di indoor,"3,0
/5",4 Nov 2021
Legenda Roro Jonggrang Prambanan,PW,"Bisa bisanyaa tempat duduk kami diambil, ada kecurangan menurut saya di sana. Saya sampai ternyata ada tiket double. Benar2.. tidak rekomendasi.","1,0
/5",4 Jan 2025
Tiket Masuk Candi Prambanan,Moh Sulaiman,"Mantap penukaran barcode tiket.com gak ngantri jadi cepet gak capek,ketimbang beli langsung di loket ,yang ngantri nyaa super panjang","5,0
/5",9 Apr 2025
Tiket Masuk Candi Prambanan,CECEP ANJAS SETIAWAN,"Prambanan keren, anak-anak pada happy","5,0
/5",9 Apr 2025
Tiket Masuk Candi Prambanan,Navisa dini arti,Cocok buat keluarga dan menikmanti indahnya prambanan,"5,0
/5",7 Apr 2025
Tiket Masuk Candi Prambanan,Lutfiah Yuliandini A,Keren keren keren keren keren keren,"5,0
/5",7 Apr 2025
Tiket Masuk Candi Prambanan,Lutfiah Yuliandini A,Keren keren keren keren keren keren keren,"5,0
/5",7 Apr 2025
Tiket Masuk Candi Prambanan,Lutfiah Yuliandini A,Keren keren keren keren keren keren keren,"5,0
/5",7 Apr 2025
Tiket Masuk Candi Prambanan,Lutfiah Yuliandini A,Keren keren keren keren keren,"5,0
/5",7 Apr 2025
Tiket Masuk Candi Prambanan,Lutfiah Yuliandini A,Keren keren keren keren keren keren keren,"5,0
/5",7 Apr 2025
Tiket Masuk Candi Prambanan,Lutfiah Yuliandini A,Keren keren keren keren keren keren keren,"5,0
/5",7 Apr 2025
Tiket Masuk Candi Prambanan,Desi Sukmawati,Pas penukaran tiket tidak antri sama sekali,"5,0
/5",7 Apr 2025
Tiket Masuk Candi Prambanan,Fina Oktavia Manurung,"Petunjuk arah sangat jelas, juga area candi sangat bersih.","5,0
/5",6 Apr 2025
Tiket Masuk Candi Prambanan,HH,Cepat penukaran nya dan efisien,"5,0
/5",6 Apr 2025
Tiket Masuk Candi Prambanan,RA,Sangat memudahkan jika memesan disini,"5,0
/5",6 Apr 2025
Tiket Masuk Candi Prambanan,RK,Seru banget d prambanan. Puas banget keliling2 sekitaran candi,"5,0
/5",6 Apr 2025
Tiket Masuk Candi Prambanan,Mochamad Nur Hidayat,"Beli tiket 2 bayarnya cuma 1 , karena ada tiketpoint jadi dipotong deh harganya 👌","5,0
/5",6 Apr 2025
Tiket Masuk Candi Prambanan,Christyani Marchelina Sinaga,Prambanan keren. Fasilitasnya juga okaylahg,"5,0
/5",5 Apr 2025
Tiket Masuk Candi Prambanan,JS,Masih menjadi favorit utk berkunjung dan untuk moment berfoto,"5,0
/5",4 Apr 2025
Tiket Masuk Candi Prambanan,Yoan Christine,Oke. Hanya agak lama waktu tukar tiket karena ga muncul di komputer kasirnya. Semoga bs diperbaiki kedepannya,"5,0
/5",3 Apr 2025
Tiket Masuk Candi Prambanan,DK,"Bagus, review ny mungkin sperti yg lain","5,0
/5",2 Apr 2025
Tiket Masuk Candi Prambanan,Diny Megawaty Meray,Keindagan yang sangat luar biasa,"5,0
/5",1 Apr 2025
Tiket Masuk Candi Prambanan,Stella Angelica L Gaol,"Edukatif, cocok untuk liburan keluarga sambil wisata sejarah dan budaya","5,0
/5",26 Mar 2025
Tiket Masuk Candi Prambanan,tina tina,Perjalanan yang tidak akan pernah terlupakan. So happy and amazing temple...,"5,0
/5",25 Mar 2025
Tiket Masuk Candi Prambanan,Theresia Shinta,Penukaran tiket di loket mudah dan asiknya dapat promo tiket kalo beli di Tiket.com,"5,0
/5",19 Mar 2025
Tiket Masuk Candi Prambanan,ZF,"Bulan lalu, saya berkesempatan mengunjungi salah satu situs bersejarah yang sangat terkenal di Indonesia, yakni Candi Prambanan, yang terletak di daerah Sleman, Yogyakarta. Candi ini merupakan komplek...","5,0
/5",17 Mar 2025
Tiket Masuk Candi Prambanan,irwin workspace,"Gak ribet, gak perlu antri.","5,0
/5",15 Mar 2025
Tiket Masuk Candi Prambanan,AF,Niceee bagus recmnd bgt,"5,0
/5",14 Mar 2025
Tiket Masuk Candi Prambanan,Habib Erie Maulana,"good holidays , i like a trip & kuliner","5,0
/5",11 Mar 2025
Tiket Masuk Candi Prambanan,FF,"Sayangnya tidak bisa uplod foto lebih dari 3mb, padahal sy ingin cerita mengenai foto tsb. Sayang sekali","5,0
/5",10 Mar 2025
Tiket Masuk Candi Prambanan,MP,"first time kesini ternyata seluas itu, ada tour guide buat yg mau tau sejarah tentang candi prambanan.","5,0
/5",9 Mar 2025
Tiket Masuk Candi Prambanan,DP,Mantep sekali cumanpanas banget cuacanya,"5,0
/5",6 Mar 2025
Tiket Masuk Candi Prambanan,Desanti Perdani,"Bagusss, kereen. Pemandangannya indah, mengenalkan anak2 pada budaya dan history negara kita","5,0
/5",5 Mar 2025
Tiket Masuk Candi Prambanan,Muhammad Iqbal,"Bagussss, praktisss dan pelayanan ny juga ramaahhh","5,0
/5",4 Mar 2025
Tiket Masuk Candi Prambanan,Clarissa Sarira Rantetasak,suka banget dgn oelayanan ya,"5,0
/5",3 Mar 2025
Tiket Masuk Candi Prambanan,Clarissa Sarira Rantetasak,oke banget pelanyanan ok,"5,0
/5",3 Mar 2025
Tiket Masuk Candi Prambanan,Daniel Sahala Hutabarat,Cepat tanpa antri lama,"5,0
/5",1 Mar 2025
Tiket Masuk Candi Prambanan,SA,"Happy semua disini stlh bbrp tahun lalu,dan kebetulan saat kita kesana cuaca mendukung,tdk panas dan tidak hujan...jd adem","5,0
/5",1 Mar 2025
Tiket Masuk Candi Prambanan,Kukuh Suryana,"sat set.. beli online tukar di tempat,, langsung masuk","5,0
/5",27 Feb 2025
Tiket Masuk Candi Prambanan,Faizal Aswari,bangunan tua bersejarah,"5,0
/5",23 Feb 2025
Tiket Masuk Candi Prambanan,Syamsuar Hidayat,Lumayan dpt potongan harga tiket dr poin,"5,0
/5",21 Feb 2025
Tiket Masuk Candi Prambanan,Retno Ayu Ningtyas,Pemandangan super cantik,"5,0
/5",19 Feb 2025
Tiket Masuk Candi Prambanan,Malik Sanjaya,gak ngantri lagi murah,"5,0
/5",19 Feb 2025
Tiket Masuk Candi Prambanan,Novita Permatasari,memudahkan kita untuk pesan tiket masuk,"5,0
/5",19 Feb 2025
Tiket Masuk Candi Prambanan,Andy Saputra,"keren bgt, so magical and very beautiful","5,0
/5",19 Feb 2025
Tiket Masuk Candi Prambanan,SA,Beli tiket disini dapet line antrian khusus 🤙🏻,"5,0
/5",17 Feb 2025
Tiket Masuk Candi Prambanan,Siti Aida Siswarana,Mrnyenngkan dekali dan mudah dalam registrasi di lokasi,"5,0
/5",17 Feb 2025
Tiket Masuk Candi Prambanan,FM,"Rame banget pas pergi,karna banyak anak"" study tour Sukaa tmptnyaa❤️❤️❤️","5,0
/5",16 Feb 2025
Tiket Masuk Candi Prambanan,Mohammad Darmawan Jayawijaya,seru menarik cocok untuk keluarga maupun untuk jalan jalan,"5,0
/5",15 Feb 2025
Tiket Masuk Candi Prambanan,PEBRI SAPUTRA,Bwkwjdbdododnsbahavskdkdbdjdbdb,"5,0
/5",11 Feb 2025
Tiket Masuk Candi Prambanan,AP,Sangat baguss dan keren,"5,0
/5",10 Feb 2025
Tiket Masuk Candi Prambanan,Dian Fazrianti,"Beli tiket dr aplikasi ga pake ngantri,,tempatnya skrg muter² lumayan capek..tp ada buggy car kok jd aman","5,0
/5",9 Feb 2025
Tiket Masuk Candi Prambanan,NS,"Tidak perlu antri panjang pas long weekend kmaren... tukar di loket khusus, hanya 5mnt saja","5,0
/5",5 Feb 2025
Tiket Masuk Candi Prambanan,YS,Beruntung bisa mendatangi salah satu situs warisan budaya indonesia yang ada di jogjakarta,"5,0
/5",5 Feb 2025
Tiket Masuk Candi Prambanan,Endra Imam Prabowo,Bagus untuk pemesanan dan pelayanan semua baik,"5,0
/5",5 Feb 2025
Tiket Masuk Candi Prambanan,Lizen Saputra,Proses penukaran mudah dan tempat yang menyenangkan.,"5,0
/5",5 Feb 2025
Tiket Masuk Candi Prambanan,Tri Rejeki,"Karena kesana lagi long weekend, beli lewat tiket.com malah jd ba perlu antri cukuo langsung cetak barcode","5,0
/5",4 Feb 2025
Tiket Masuk Candi Prambanan,Tri Rejeki,Ngga perlu ngantri karena pas kesana lg long weekend,"5,0
/5",4 Feb 2025
Tiket Masuk Candi Prambanan,Novian Rahadi,"Dapat potongan harga, terus penukaran tiket juga mudah","5,0
/5",4 Feb 2025
Tiket Masuk Candi Prambanan,Luluk Romdhoniyah,Enak ga pake antri😗,"5,0
/5",4 Feb 2025
Tiket Masuk Candi Prambanan,Aidil Putra,Akhirnya bisa ke Prambanan juga ekwk,"5,0
/5",4 Feb 2025
Tiket Masuk Candi Prambanan,Agus Tayudin Rohimat,sangat mudah sekali pesan langsung di aplikasi,"5,0
/5",4 Feb 2025
Tiket Masuk Candi Prambanan,Rizky Amalia,Bagus dan cepat. Harga sama dengan beli langsung,"5,0
/5",4 Feb 2025
Tiket Masuk Candi Prambanan,osis osis,"ok, anak2 suka dan bisa tau warisan nenek moyang","5,0
/5",3 Feb 2025
Tiket Masuk Candi Prambanan,Ragini sinha,Tidak ribet saat penukaran tiket. Tidak perlu antree. Terimakasih tiket.com,"5,0
/5",2 Feb 2025
Tiket Masuk Candi Prambanan,Adrian Ariasakti,Proses tukar tiket sat set no antri antri club!,"5,0
/5",2 Feb 2025
Tiket Masuk Candi Prambanan,Nurul Mukarromah,"Sebetulnya aku ga jadi pergi ke Prambanan karna akhirnya ku memutuskan untuk pergi ke lokasi yg berbeda. Tapi aku pernah ke Prambanan, itu amat sangat oke. Kemarin jg ketika ikut trip, lewatin sekitar...","5,0
/5",2 Feb 2025
Tiket Masuk Candi Prambanan,REZA AULIA FARAHKAN,"Helpful banget,, mending beli tiket di tiket.com, ga perlu ngantri cascus","5,0
/5",2 Feb 2025
Tiket Masuk Candi Prambanan,FB,ramai pengunjung pada saat libur imlek di tambah hujan,"5,0
/5",1 Feb 2025
Tiket Masuk Candi Prambanan,Muhamad Kailani,Simple mudah gk perlu antri loket,"5,0
/5",1 Feb 2025
Tiket Masuk Candi Prambanan,Prima Audita,"Mantap banget tiket.com Begitu longweekend liat antrian udah kaya apa, begitu loketnya sediakan penukaran tiket online, langsung booking via tiket.com gak perlu antri² cepet banget sat set langsung pr...","5,0
/5",1 Feb 2025
Tiket Masuk Candi Prambanan,HL,Baguss sekalii… oke mantap bangetttt sekalii siippp,"5,0
/5",1 Feb 2025
Tiket Masuk Candi Prambanan,Siti Laily Yulie Afandy,Bagus banget dan bersejarah utk anak,"5,0
/5",1 Feb 2025
Tiket Masuk Candi Prambanan,Siti Laily Yulie Afandy,Banyak wawasan untuk anak2 terutama tentang sejarahnya.,"5,0
/5",1 Feb 2025
Tiket Masuk Candi Prambanan,Rama Ensa Sapransyah,"Bagus, cuma oleh karena musim libur panjang jadi ramai oengunjung, dan cuaca mendung berakhir hujan, jadi spot foto yang bagus nya kurang maksimal.","5,0
/5",1 Feb 2025
Tiket Masuk Candi Prambanan,Hery wandhana Gajah,"Kerenn, view nya bagus, cocok banget buat pasangan Bawa tripod tapi hahahaha Worth it banget","5,0
/5",1 Feb 2025
Tiket Masuk Candi Prambanan,YW,"Proses redeem sangat mudah, ada counter khusus,jadi ga perlu antri...","5,0
/5",1 Feb 2025
Tiket Masuk Candi Prambanan,Leni Sumarni,"Ke 2 kalinya ke prambanan, dan selalu membuat berkesan. Semoga bisa berkunjung ke sana lago di lain waktu. Aamiin.","5,0
/5",1 Feb 2025
Tiket Masuk Candi Prambanan,Iin Ariyanti,"Halamannya luas sekali, bagus untuk spot foto, recommend untuk dikunjungi ketika ke jogjakarta","5,0
/5",31 Jan 2025
Tiket Masuk Candi Prambanan,Deni Deni,Ga perlu ribet beli tiket dan antri,"5,0
/5",31 Jan 2025
Tiket Masuk Candi Prambanan,HT,beli tiket lewat tiket.com lebih cepat dan ga perlu antri saat di lokasi..,"5,0
/5",31 Jan 2025
Tiket Masuk Candi Prambanan,AGUS IMAM GHOZALI,Antri cepat walau pas musim libur panjanh,"5,0
/5",31 Jan 2025
Tiket Masuk Candi Prambanan,EJ,Bagus sekali,"5,0
/5",30 Jan 2025
Tiket Masuk Candi Prambanan,Muhammad Dio Ramadhan,Good snd easy to use,"5,0
/5",30 Jan 2025
Tiket Masuk Candi Prambanan,GD,Tempatnya luas dan cocok untuk rekreasi keluarga.,"5,0
/5",30 Jan 2025
Tiket Masuk Candi Prambanan,Deni Deni,Ga perlu antri buat cetak tiket ya 👍,"5,0
/5",30 Jan 2025
Tiket Masuk Candi Prambanan,Diyah Ayu Wulandari,"Sangat dianjurkan pesan tiket online, barcode pesanan ditukar dulu di loket, karena masuk ke dalam harus pegang masing2. Jika tidak beli tiket online, harus ikut antri beli tiket di loket, dan antrean...","5,0
/5",30 Jan 2025
Tiket Masuk Candi Prambanan,Diyah Ayu Wulandari,"Sangat dianjurkan pesan tiket online, barcode pesanan ditukar dulu di loket, karena masuk ke dalam harus pegang tiket masing2. Jika tidak beli tiket online, harus ikut antri beli tiket di loket, dan a...","5,0
/5",30 Jan 2025
Tiket Masuk Candi Prambanan,Muhammad Dio Ramadhan,Good and very easy for use the ticket,"5,0
/5",29 Jan 2025
Tiket Masuk Candi Prambanan,NY,"lagi dateng pas panas banget tapi ttp bisa explore, karena pesen online jadi dapet diskon","5,0
/5",29 Jan 2025
Tiket Masuk Candi Prambanan,CS,Top class hospitality. Terima kasih banyak!,"5,0
/5",27 Jan 2025
Tiket Masuk Candi Prambanan,FH,"Seru dan cepet, tidak perlu mengantri beli tiket di tempat. Kalo pake aplikasi tiket.com tinggal tuker ke loket nya aja kasih bercode nya","5,0
/5",24 Jan 2025
Tiket Masuk Candi Prambanan,AD,Memuaskan sekali beli tiket destinasi wisata di tiket. Com... Why? Krn ga perlu antri beli tiket di tempat yang mana kami ke Prambanan saat libur nataru... Ampun deh antrinya... Kl pake beli online di...,"5,0
/5",23 Jan 2025
Tiket Masuk Candi Prambanan,AR,Tempatnya sesuai ekspektasi pengunjung,"5,0
/5",22 Jan 2025
Tiket Masuk Candi Prambanan,Friscila Meynawati Hendrakusuma,Jadi lebih gampang dan ga ngantri2 lagi. Prambanan juga udh semakin bagus sekarang,"5,0
/5",22 Jan 2025
Tiket Masuk Candi Prambanan,MP,Worth it untuk semua kalangan,"5,0
/5",22 Jan 2025
Tiket Masuk Candi Prambanan,ANDIKA BRANIDEL AMRAN,"Tempat bagus dan bersih, akses mudah","5,0
/5",22 Jan 2025
Tiket Masuk Candi Prambanan,TS,Wisata waktu musim libur akhir tahun ternyata pas mau beli tiket masuk antriannya puanjanggg banget. Saya iseng buka tiket.com ternyata ada menu beli tiket masuk prambanan. Cukup klik...bayar...sudah ...,"5,0
/5",21 Jan 2025
Tiket Masuk Candi Prambanan,HA,"Bagusssss, worth it dengan harga segitu bisa liat 3 candi sekaligus, tamannya bagus, ada rusa dan burung-burung juga","5,0
/5",20 Jan 2025
Tiket Masuk Candi Prambanan,Galih Parama,pengalaman yang seru apalagi tidak perlu antri beli tiket karna beli di tiket.com,"5,0
/5",19 Jan 2025
Tiket Masuk Candi Prambanan,RR,Ok Ok Ok Ok OK Ok Ok Ok Ok Ok Ok Ok Ok Ok Ok Ok,"5,0
/5",19 Jan 2025
Tiket Masuk Candi Prambanan,Rizki Brazilia Nugraha,"Pengalaman menyenangkan , akses pembelian tiket mudah masuk lebih cepat","5,0
/5",18 Jan 2025
Tiket Masuk Candi Prambanan,Muhammad Hanafi,Bagus bagsuksjdhdkdkdgisksusksjdhbsss sjsjsjs,"5,0
/5",16 Jan 2025
Tiket Masuk Candi Prambanan,ashri qurratun,"Salah satu destinasi wajib kalo ke Jogja! Salah satu icon jogja yg amat sangat menggambarkan Jogja, suka banget!! Notes: kurang rekomen untuk orang tua karena jalannya super duper jauuuhhh. Apa lagi p...","5,0
/5",15 Jan 2025
Tiket Masuk Candi Prambanan,Diki Maulana,The best tidak ada duanya,"5,0
/5",14 Jan 2025
Tiket Masuk Candi Prambanan,Adam Dewangga Menggolo,Sudah Baik. Lebih cepat tanpa perlu antri on the spot,"5,0
/5",14 Jan 2025
Tiket Masuk Candi Prambanan,WC,Ada loket terpisah untuk yang sudah beli lewat tiketcom. Praktis! Kadang dapet diskon sedikit dibanding beli di tempat.,"5,0
/5",14 Jan 2025
Tiket Masuk Candi Prambanan,Eduardus junaidi,"Puas dengan pembelian di tiket.com karena masuknya gak perlu antri, jadi ada antrian khusus pembelian di tiket.com. Thanks","5,0
/5",14 Jan 2025
Tiket Masuk Candi Prambanan,Agung Arya Anggara,Mantap pemandangan nya bagus cocok buat foto-foto,"5,0
/5",12 Jan 2025
Tiket Masuk Candi Prambanan,IN,Bagus keren indah sekali,"5,0
/5",12 Jan 2025
Tiket Masuk Candi Prambanan,Doddy Hari Chrismastono,"Great overal, will come back later","5,0
/5",12 Jan 2025
Tiket Masuk Candi Prambanan,Iqbal Yanri,Berliburan sekaligus mengenal sejarah,"5,0
/5",11 Jan 2025
Tiket Masuk Candi Prambanan,LA,"Bagus buat ajak anak"" liburan","5,0
/5",11 Jan 2025
Tiket Masuk Candi Prambanan,Sugiyanti Sugiyanti,Beautifull place dope amazing,"5,0
/5",11 Jan 2025
Tiket Masuk Candi Prambanan,Marwan Arifin,Fasilitas lengkap dan suasana asri,"5,0
/5",11 Jan 2025
Tiket Masuk Candi Prambanan,Siti Hanipah,"Mudah, tidak ribet saat masuk tinggal scan barcode yang ada di app","5,0
/5",10 Jan 2025
Tiket Masuk Candi Prambanan,Ikhwan Fatha,Fantastis candi Hindu terbesar di indonesia,"5,0
/5",10 Jan 2025
Tiket Masuk Candi Prambanan,Sunarti Sunarti,Pokoknya ga ribet langsung dapat tiket tanpa menggantri,"5,0
/5",10 Jan 2025
Tiket Masuk Candi Prambanan,OR,"Tadinya hampir terjadi kegagalan dalam mencetak tiket, nunggu sekitar 5 menit baru berhasil. Tapi secara keseluruhan wisata candi bagus sekali","5,0
/5",10 Jan 2025
Tiket Masuk Candi Prambanan,LA,"keren sih kesini tuh karna emang belum pernah ke prambanan kan, kalo ke jogja pasti ke borobudur. nah pas ke jogja lagi disempetin ke prambanan. rilll disini tuh bagus banget candi222nya. kayak heran ...","5,0
/5",10 Jan 2025
Tiket Masuk Candi Prambanan,AM,"so perfect isn't it, that's it, okay it's enough","5,0
/5",10 Jan 2025
Tiket Masuk Candi Prambanan,ES,Pesan online lebih mudah dan tifak perlu antri masuk,"5,0
/5",9 Jan 2025
Tiket Masuk Candi Prambanan,Atikah Yulianti,"Bagusss , beli online lebih cepat , jdu tidak antri","5,0
/5",9 Jan 2025
Tiket Masuk Candi Prambanan,Nurul Maulidawati,Lumayan jadi free masuknya karena beli di tiket.com pakai poin :D,"5,0
/5",9 Jan 2025
Tiket Masuk Candi Prambanan,Kesia Marlie,Semakin bagus krn bnyk yg diperbaiki,"5,0
/5",9 Jan 2025
Tiket Masuk Candi Prambanan,EH,Mending beli disini deh dr pd di loket antri panjang. Ini tinggal tunjukin barcode scan langsung masuk tanPa antri.,"5,0
/5",8 Jan 2025
Tiket Masuk Candi Prambanan,Tri Wahyu Budi Utomo,"Warisan peninggalan leluhur yg wajib dijaga dan dilestarikan, pakai tiket dot com no antri-antri. Mantap","5,0
/5",8 Jan 2025
Tiket Masuk Candi Prambanan,IS,Keren bangat borobudur,"5,0
/5",8 Jan 2025
Tiket Masuk Candi Prambanan,IYAN KURNIAWAN IYAN KURNIAWAN,"Rapi tertata dan bagus, alangkah bagus ada sound yg menceritakan legendanya","5,0
/5",8 Jan 2025
Tiket Masuk Candi Prambanan,KM,"Easy traveling, ga perlu repot antri tiket~","5,0
/5",8 Jan 2025
Tiket Masuk Candi Prambanan,Abror Abror,Praktis gak perlu antri,"5,0
/5",7 Jan 2025
Tiket Masuk Candi Prambanan,OMAH OMAH,Luar biasa petugasnya ramah,"5,0
/5",7 Jan 2025
Tiket Masuk Candi Prambanan,NS,"seru bgt. sayangnya kemarin hujan, jd gabisa foto banyak2","5,0
/5",7 Jan 2025
Tiket Masuk Candi Prambanan,Irwan Irwan,Dapat cerita sejarah dari pawang,"5,0
/5",7 Jan 2025
Tiket Masuk Candi Prambanan,GUSTIYAWAN Suriansyah,Ok ok okokokoookokkok,"5,0
/5",7 Jan 2025
Tiket Masuk Candi Prambanan,A Zalfa Aqila Bandi,Keren bangettttt ampun,"5,0
/5",7 Jan 2025
Tiket Masuk Candi Prambanan,GV,"Keren, bisa lihat landscape historis","5,0
/5",7 Jan 2025
Tiket Masuk Candi Prambanan,SF,"good suasana antri yg luar biasa, tp pake tiket.com smuanya aman terkendalii makasih ya tiket.com","5,0
/5",6 Jan 2025
Tiket Masuk Candi Prambanan,Novia SURYANI,"Amazing tempke, thank you tiket.com","5,0
/5",6 Jan 2025
Tiket Masuk Candi Prambanan,Dina Kurniawati,Terakhir kali mengunjungi prambanan sekitar 20 tahun lalu saat menjadi mahasiswa di Jogja dulu masih gersang dan belum banyak pepohonan namun Prambanan yang sekarang sangat asri. Namun saat mencari to...,"5,0
/5",6 Jan 2025
Tiket Masuk Candi Prambanan,Sintia Permata Sari,Kapan2 kalau ke jogja mau ke prambanan lagi,"5,0
/5",6 Jan 2025
Tiket Masuk Candi Prambanan,Yoga Pratama,bagus bgtvhujjkkllkitggiiolkjhyfddyukllkjgyujj,"5,0
/5",6 Jan 2025
Tiket Masuk Candi Prambanan,Fitria Juliarti Hadinoto,"Beli tiket masuk prambanan pakai tiket.com, begitu sampai depan loket candi antri panjang, dan sy info petugas kl sdh beli tiket lewat tiket.com, alhamdulillah malah ada loket khusus tiket.com dan tan...","5,0
/5",6 Jan 2025
Tiket Masuk Candi Prambanan,Hilda Putri Yanti,bagusss tempat nyaa dan bersih,"5,0
/5",5 Jan 2025
Tiket Masuk Candi Prambanan,OL,bagus banget dan worth it!,"5,0
/5",5 Jan 2025
Tiket Masuk Candi Prambanan,ahmad ariyadi,Mantap joss. Menarik,"5,0
/5",5 Jan 2025
Tiket Masuk Candi Prambanan,HERI KRISMANTO,Tempatnya bagus dan bersih,"5,0
/5",5 Jan 2025
Tiket Masuk Candi Prambanan,RP,Praktis dan mudah ga perlu lana2 antri,"5,0
/5",4 Jan 2025
Tiket Masuk Candi Prambanan,RP,Ga perlu pake antri beli tiket jd gampang dan praktis,"5,0
/5",4 Jan 2025
Tiket Masuk Candi Prambanan,Dwi Wahyuni,Okeeeeeeeeeeeeeerrrrrrrrrr,"5,0
/5",4 Jan 2025
Tiket Masuk Candi Prambanan,Asep rustandi,"Sangat menyenangkan, simple tinggal di tunjukin ke petugas","5,0
/5",4 Jan 2025
Tiket Masuk Candi Prambanan,suzanzefi suzanzefi,Bagus n senang menikmatinya. N juga mudah sekali,"5,0
/5",4 Jan 2025
Tiket Masuk Candi Prambanan,Rohmani Okta Nuzulia,Best candi terbaik menurut saya dan tempat istirahatnya banyak,"5,0
/5",4 Jan 2025
Tiket Masuk Candi Prambanan,Tigor Hamonangan Nasution,Cocok untuk wisata keluarga,"5,0
/5",4 Jan 2025
Tiket Masuk Candi Prambanan,TI,Yaaa standart candi lah,"5,0
/5",4 Jan 2025
Tiket Masuk Candi Prambanan,Natasha Lystia,Sangat cepat dan tidak perlu antre,"5,0
/5",4 Jan 2025
Tiket Masuk Candi Prambanan,RS,Menarik untuk di explore,"5,0
/5",4 Jan 2025
Tiket Masuk Candi Prambanan,Lena Purnamawati,"Sering ke Jogja tapi baru kali ini main ke Prambanan, MashaAllah secantik itu ternyata kalau di lihat dari dekat mata ini takjub sekali…melihat setiap detail kecantikan nya…Subhanallah 💕maha suci All...","5,0
/5",3 Jan 2025
Tiket Masuk Candi Prambanan,AW,Sangat padat parkir mobilnya kalau dtg pas high season. Untung beli tiket masuknya lewat tiket.com jd gak perlu antri cukup ke petugasnya scan barcode trs print tiket. Sangat puas berkunjung ke candi ...,"5,0
/5",3 Jan 2025
Tiket Masuk Candi Prambanan,TW,sekeren itu 😍pasti bakal balik lagi bersama keluarga 🥰,"5,0
/5",3 Jan 2025
Tiket Masuk Candi Prambanan,Artha Widyatama Rama Davis,Baguss. Sangat mengesankan belajar banyak sejarah,"5,0
/5",3 Jan 2025
Tiket Masuk Candi Prambanan,Wisnu Giri Nugroho Wisnu Giri Nugroho,mudah dalam memesan tiket dan harga lebih hemat dari beli ditempatny langsung.,"5,0
/5",3 Jan 2025
Tiket Masuk Candi Prambanan,BC,Selalu puas kunjungan kesini bersama keluarga,"5,0
/5",2 Jan 2025
Tiket Masuk Candi Prambanan,RM,Always in love on this tourism spot. Will always go back.,"5,0
/5",2 Jan 2025
Tiket Masuk Candi Prambanan,Puspita Sari,Mempermudah untk kunjungan,"5,0
/5",2 Jan 2025
Tiket Masuk Candi Prambanan,ARIF ABDURAHMAN,Bagus sekali pokoknya mah,"5,0
/5",2 Jan 2025
Tiket Masuk Candi Prambanan,Muhammad Ichsan Nasution,👍🏻👍🏻👍🏻👍🏻👍🏻👍🏻,"5,0
/5",2 Jan 2025
Tiket Masuk Candi Prambanan,IQBAL CHALID,Ga ada kata kata yg penting nice,"5,0
/5",2 Jan 2025
Tiket Masuk Candi Prambanan,IQBAL CHALID,Sejarah yg tidak terlupakan,"5,0
/5",2 Jan 2025
Tiket Masuk Candi Prambanan,IQBAL CHALID,Pokoknya mah nice lah,"5,0
/5",2 Jan 2025
Tiket Masuk Candi Prambanan,MM,Memudahkan pengguna dalam mencari informasi seputar tempat wisata,"5,0
/5",2 Jan 2025
Tiket Masuk Candi Prambanan,Ignasius Waturu,"Keren, seruu nanti main lagi kesana","5,0
/5",2 Jan 2025
Tiket Masuk Candi Prambanan,Bimo Asfriyanto,Sangat mudah diakses,"5,0
/5",2 Jan 2025
Tiket Masuk Candi Prambanan,MB,Ga perlu antri langsung sat set masuk,"5,0
/5",2 Jan 2025
Tiket Masuk Candi Prambanan,Fatkur Rochman,"Sampai sna tinggal tunjukan ke petugas nya, nanti di ganti dgn di cetak .","5,0
/5",2 Jan 2025
Tiket Masuk Candi Prambanan,Fincent Sutanto,objek wisata yang memiliki sejarah panjang di jogja,"5,0
/5",1 Jan 2025
Tiket Masuk Candi Prambanan,Fincent Sutanto,tempat bersejarah yang jadi objek wisata favorit di jogja,"5,0
/5",1 Jan 2025
Tiket Masuk Candi Prambanan,Oki Rivadli,good place and have valuable history hehehheheh,"5,0
/5",1 Jan 2025
Tiket Masuk Candi Prambanan,AV,Kereeeennnn̈nn̈nnnnnnnnnnnnnnnnnnnn,"5,0
/5",1 Jan 2025
Tiket Masuk Candi Prambanan,HP,Bagus cepat efektif top dehhhh pokokeeeee,"5,0
/5",1 Jan 2025
Tiket Masuk Candi Prambanan,Kadek Herry,Sangat bagus pengalaman saya pertama ke Prambanan luar biasa,"5,0
/5",1 Jan 2025
Tiket Masuk Candi Prambanan,Muhammad Fuady,Ok ok ok Ok ok ok Ok ok ok Ok ok ok Ok ok ok Ok ok ok,"5,0
/5",1 Jan 2025
Tiket Masuk Candi Prambanan,Endah Puspitasari,"Beli tiket masuk prambanan lewat tiket.com ada counternya sendiri, jd gak perlu antri panjang","5,0
/5",1 Jan 2025
Tiket Masuk Candi Prambanan,Aisyah Putri Lestari,"Mantap, ada candi, ada museum","5,0
/5",1 Jan 2025
Tiket Masuk Candi Prambanan,JA,sipp👍🏻👍🏻👍🏻👍🏻👍🏻👍🏻👍🏻👍🏻👍🏻👍🏻,"5,0
/5",1 Jan 2025
Tiket Masuk Candi Prambanan,Dinda Safira Jatmi,"Gue saranin sih kalo mau beli tiketnya mesti cek online kaya tiket.com gini deh, udah murah trus kalo ada point gitu dari abis pesen hotel gitu2 itu bisa kepake bgt jadi makin murah, terakhir pesen 2 ...","5,0
/5",1 Jan 2025
Tiket Masuk Candi Prambanan,ALICE SILVANA,Okmmmmmmmmmmmmmmmmmmmm,"5,0
/5",1 Jan 2025
Tiket Masuk Candi Prambanan,AM,Simple dan memudahkan tidak ada antri langsung cuss,"5,0
/5",1 Jan 2025
Tiket Masuk Candi Prambanan,Erika Anjani Putri Nirman,Menyenangkan sekaliiiii,"5,0
/5",1 Jan 2025
Tiket Masuk Candi Prambanan,Astri Ramadani Pertiwi,"transportasi kesana mudah diakses, cukup goride ke stasiun Lempuyangan, naik krl ke brambanan, terus gojek lg ke candinya, tiket cuma 50k bisa beli via aplikasi atau on the spot, suka bgt pas plgnya, ...","5,0
/5",1 Jan 2025
Tiket Masuk Candi Prambanan,JR,"keren banget, seru, walaupun balik parkiran harus muter jauh hehe.. tapi marketingnya jago banget sampe duitku habis beli oleh” di sepanjang jalan pulang😂","5,0
/5",31 Dec 2024
Tiket Masuk Candi Prambanan,Sri Hidayati,"Liburan asyik bersama keluarga, Prambanan temple tempat yg bersejarah","5,0
/5",31 Dec 2024
Tiket Masuk Candi Prambanan,BURHANNUDIN ANWAR,Lebih praktis karena gak usah ikut antri beli tiket,"5,0
/5",30 Dec 2024
Tiket Masuk Candi Prambanan,Tedi Sepwanto Muharam,"Seru banget main ke prambanan, hanya saja memang panas. Disarankan membawa payung dan memakai sunscreen","5,0
/5",30 Dec 2024
Tiket Masuk Candi Prambanan,Yuni Rachmawati,Saya banyak belajar tentang pengalaman spiritula,"5,0
/5",30 Dec 2024
Tiket Masuk Candi Prambanan,YR,Menarikbanyak hal yang bisa saya pelajari dan pahami secara sepiritual,"5,0
/5",30 Dec 2024
Tiket Masuk Candi Prambanan,Dita Andi Saputro,"Jika kamu mau menikah denganku, kamu harus membangun seribu candi untukku hanya dalam waktu semalam,"" kata Roro Jonggrang. ""Apa? Itu tidak mungkin!"" kata Bandung Bondowoso. Tapi dia tidak menyerah. Ia...","5,0
/5",30 Dec 2024
Tiket Masuk Candi Prambanan,Dita Andi Saputro,"Raja Prambanan memiliki seorang putri yang cantik bernama Roro Jonggrang. Bandung Bondowoso jatuh cinta padanya dan ingin menikahinya. ""Kamu sangat cantik. Maukah kamu menjadi permaisuriku?"" tanya Ban...","5,0
/5",30 Dec 2024
Tiket Masuk Candi Prambanan,Dita Andi Saputro,"It’s already dawn. We have to go,” said the leader of the genies to Bandung Bondowoso. All the genies immediately stopped their work and ran for cover from the sun, which they afraid of. They didn’t k...","5,0
/5",30 Dec 2024
Tiket Masuk Candi Prambanan,Dita Andi Saputro,The king of Prambanan had a beautiful daughter named Roro Jonggrang. Bandung Bondowoso fell in love with her and wanted to marry her. “You’re very beautiful. Would you be my queen?” asked Bandung Bond...,"5,0
/5",30 Dec 2024
Tiket Masuk Candi Prambanan,Dita Andi Saputro,legenda Roro Jonggrang sebenarnya lebih kompleks dibandingkan kisah singkat tersebut. Cerita Roro Jonggrang kerap dijadikan bahan bacaan pada buku sekolah untuk diidentifikasi dan melatih tingkat pema...,"5,0
/5",30 Dec 2024
Tiket Masuk Candi Prambanan,Dita Andi Saputro,"tak dapat dipungkiri bahwa legenda masih populer sampai sekarang. Umumnya cerita tersebut berbau sejarah, termasuk kaitannya dengan peninggalan zaman dahulu yang masih ada situsnya sampai sekarang. Sa...","5,0
/5",30 Dec 2024
Tiket Masuk Candi Prambanan,Dita Andi Saputro,"Legenda merupakan salah satu dari jenis cerita rakyat. Bersifat keduniawian, tak jarang legenda menceritakan hal yang tidak masuk akal dan sulit untuk dibayangkan apabila terjadi di zaman sekarang.","5,0
/5",30 Dec 2024
Tiket Masuk Candi Prambanan,DD,Seruuuuuuuuuuuu bangettttttttttttttt,"5,0
/5",29 Dec 2024
Tiket Masuk Candi Prambanan,AJENG KARTIKA UTARI,Check in tiketnya sangat cepat jadi kami tidak perlu mengantri lama untuk masuk kedalam Candi Prambanan. Terima kasih tiket.com sudah menyediakan fitur pemesanan e-ticket.,"5,0
/5",29 Dec 2024
Tiket Masuk Candi Prambanan,Ade Fitri Ramadhani,"Beli online aja, biar ga ribet antre","5,0
/5",29 Dec 2024
Tiket Masuk Candi Prambanan,Indra Winata,great place for historical sightseeing.,"5,0
/5",29 Dec 2024
Tiket Masuk Candi Prambanan,GS,View ny luar biasa. Cocok untuk duduk bersantai di taman,"5,0
/5",28 Dec 2024
Tiket Masuk Candi Prambanan,PRIYUWONO LAKSMONO ANUGROHO,Wisata edukasi untuk anak anak,"5,0
/5",28 Dec 2024
Tiket Masuk Candi Prambanan,Desita Oktavia,kerennn bisa dapetin foto sama pasangan jadi lebih okeee,"5,0
/5",28 Dec 2024
Tiket Masuk Candi Prambanan,Anisa noer aulia,"Untuk penukaran tiket online ada loket khusus, nadi lebih cepat.. 🫶","5,0
/5",28 Dec 2024
Tiket Masuk Candi Prambanan,Rizki Rudiantoro,"Semua serba satset, ada redemption counter sendiri jadi lebih cepat","5,0
/5",28 Dec 2024
Tiket Masuk Candi Prambanan,Sofian Arip,"Ok ga ada kendala, Meski harus antri lagi di loket buat cetak tiketnya","5,0
/5",27 Dec 2024
Tiket Masuk Candi Prambanan,maria margaretha situmorang,"Bagus banget, cakep, area parkir ada gak kayak di borobudur","5,0
/5",27 Dec 2024
Tiket Masuk Candi Prambanan,Farina Nurullita Lagoda,Proses masuknya cepet top deh,"5,0
/5",26 Dec 2024
Tiket Masuk Candi Prambanan,Ririn Aryani,"Liburan keluarga. Seru sih, cuma pas disana panas banget, utg ada yg nyewain payung. Jangan lupa jg pake sunscreen biat ga kebakar kulit ny","5,0
/5",26 Dec 2024
Tiket Masuk Candi Prambanan,dhebby hapsary,"Bersih bagus tertata dgn rapi...ga nyesel klw liburan k""prambanan.pusat oleh2 nya pun murah2 n tmp nya ga berantakan rapi bgtt","5,0
/5",26 Dec 2024
Tiket Masuk Candi Prambanan,MF,"baguus dan indah , ingin kembali kesana bareng keluarga","5,0
/5",25 Dec 2024
Tiket Masuk Candi Prambanan,sandi wahidi,Luar biasa dan bagus,"5,0
/5",24 Dec 2024
Tiket Masuk Candi Prambanan,VS,"Seruu bangett, kesana pas belum terlalu ramee","5,0
/5",24 Dec 2024
Tiket Masuk Candi Prambanan,Felix adiwibowo adriyoso,Luar biasa destinasi dijogja satu ini!!!,"5,0
/5",24 Dec 2024
Tiket Masuk Candi Prambanan,FA,"Beli di tiket.com bisa dapet potongan dengan pake poin. Di Candi Prambanan juga ada loket penukaran e-ticket, jadi langsung dan nggak campur sama yang beli tiket on the spot.","5,0
/5",24 Dec 2024
Tiket Masuk Candi Prambanan,Jodi Ferdiansyah,"Mantappppppp, mudah dan cepat","5,0
/5",24 Dec 2024
Tiket Masuk Candi Prambanan,NN,bagus pemanandanganny nda nyesel,"5,0
/5",23 Dec 2024
Tiket Masuk Candi Prambanan,Novan Sundawan,"Pembelian tiket online tanpa harus antri, tempat yang indah area bersih","5,0
/5",22 Dec 2024
Tiket Masuk Candi Prambanan,Abdul Aziz,"Nice lah, karena dapat konser gratis walau liat dari samping","5,0
/5",20 Dec 2024
Tiket Masuk Candi Prambanan,Abdul Aziz,"Ke Prambanan cukup worthit, pas saat itu ada konser, jadi bisa liat gratisan juga 🫣🫣","5,0
/5",20 Dec 2024
Tiket Masuk Candi Prambanan,DF,"Pelayanannya ramah, fasilitasnya lengkap","5,0
/5",20 Dec 2024
Tiket Masuk Candi Prambanan,RM,"Bagus, bersih, indah","5,0
/5",19 Dec 2024
Tiket Masuk Candi Prambanan,Nurlaila Sofia,"seruu bgt. waktu datang panas waktu balik hujan, kadang cuaca gabisa ditebak","5,0
/5",19 Dec 2024
Tiket Masuk Candi Prambanan,Fauziah Hutami Putri,Bagus banget view nya. Estetikkk puoooll 💛,"5,0
/5",13 Dec 2024
Tiket Masuk Candi Prambanan,IF,"Tempat wisata yang bagus, dari segi sejarah dan pemandangan sungguh menakjubkan","5,0
/5",12 Dec 2024
Tiket Masuk Candi Prambanan,AN,seru bangetttt!!!!!!!!!!!!!!!,"5,0
/5",8 Dec 2024
Tiket Masuk Candi Prambanan,IN,"Luas dan rapi. Hanya utk kereta keliling, jadwalnya tidak jelas walau gratis. Sehingga mesti pake kereta private yg bayar lagi","5,0
/5",7 Dec 2024
Tiket Masuk Candi Prambanan,QA,easiest way to get the ticket and don’t have to wait it really helped ✨,"5,0
/5",7 Dec 2024
Tiket Masuk Candi Prambanan,IP,"Nyaman banget staycation di sini.. Stafnya ramah, kamar bersih, fasilitas terawat dengan baik, proses check-in mudah. Booking murah sama Bang Jemmyco 085268269398","5,0
/5",6 Dec 2024
Tiket Masuk Candi Prambanan,Fitri Ekayani,"Tempat bersih, lingkungan nyaman","5,0
/5",6 Dec 2024
Tiket Masuk Candi Prambanan,Hotmarlinang Panggabean,Bagus lebih murah dari tiket.com,"5,0
/5",5 Dec 2024
Tiket Masuk Candi Prambanan,YK,bagusssssssssssss bangettttttttttttttttttttt,"5,0
/5",5 Dec 2024
Tiket Masuk Candi Prambanan,AY,"Mudah, tidak ribet dan terbebas dari antrian","5,0
/5",4 Dec 2024
Tiket Masuk Candi Prambanan,Theodora Kenny,Sangat membantu jadi ga usah antri di loket masuk,"5,0
/5",3 Dec 2024
Tiket Masuk Candi Prambanan,mhmdfzi mhmdfzi,seruu bgttt naek kendaraan listrik ngelilingin prambanan,"5,0
/5",3 Dec 2024
Tiket Masuk Candi Prambanan,Gilang Yoenal Marinta,Mantap banget bagus keren murah waw gitu aku su,"5,0
/5",1 Dec 2024
Tiket Masuk Candi Prambanan,IP,"Staf ramah, fasilitas terawat dengan baik, proses redeem voucher mudah. Booking murah sama Bang Jemmyco 085268269398","5,0
/5",1 Dec 2024
Tiket Masuk Candi Prambanan,IP,"Staf ramah, fasilitas terawat dengan baik, proses redeem voucher mudah. Booking murah sama Bang Jemmyco 085268269398","5,0
/5",1 Dec 2024
Tiket Masuk Candi Prambanan,MP,"Perginya hari senin, ternyata sedang pembersihan jadi hanya bisa melihat dari luar candi aja. Tapi nilai plusnya tidak terlalu ramai, jadi leluasa foto2 dari luar.","5,0
/5",27 Nov 2024
Tiket Masuk Candi Prambanan,IP,"Sangat puas, kapan kapan bisa ke sini lagi","5,0
/5",24 Nov 2024
Tiket Masuk Candi Prambanan,winda nur zahro,"baguss,dari stasiun yk ke brambanan. naik krl bisa sampe prambanan","5,0
/5",24 Nov 2024
Tiket Masuk Candi Prambanan,RA,Keren happy jauh jauh,"5,0
/5",21 Nov 2024
Tiket Masuk Candi Prambanan,Endang Purnawati Rumondang,Indah seru ramah pelayanan nya,"5,0
/5",21 Nov 2024
Tiket Masuk Candi Prambanan,Agustina Welenfrida Bahy,Aman. Lengkap dan sesuai dengann ynag di cari,"5,0
/5",20 Nov 2024
Tiket Masuk Candi Prambanan,Alfian Ardhy siswoyo,Perjalanan nyaman tempat strategis,"5,0
/5",19 Nov 2024
Tiket Masuk Candi Prambanan,Rusti Nella Rinawati Siahaan,Sangat membantu saat lagi liburan bersama keluarga,"5,0
/5",18 Nov 2024
Tiket Masuk Candi Prambanan,Yulita Dayana,"Pengalaman nya seru banget pertama kali bawa anak liat salah satu peninggalan di Indonesia. Cuma pintu keluar menuju parkiran jauh sekali, yang bawa anak balita di sarankan bawa stroller","5,0
/5",18 Nov 2024
Tiket Masuk Candi Prambanan,Yudy Tjahjono M Sc,Cepat mudah simple. Penukaran dengan barcode,"5,0
/5",15 Nov 2024
Tiket Masuk Candi Prambanan,Yudy Tjahjono M Sc,"Cepat dan mudah, penukaran tak berbelit hanya tunjuk Barcode","5,0
/5",15 Nov 2024
Tiket Masuk Candi Prambanan,Ahmad soim,semoga lain kali saya bisa kesana lagi,"5,0
/5",13 Nov 2024
Tiket Masuk Candi Prambanan,Agung Qosym Yus,Niceeeeeeeeeeeeeeeeeeeeeeeeeeeeeeeeeeeee,"5,0
/5",12 Nov 2024
Tiket Masuk Candi Prambanan,Agung Qosym Yus,Niceeeeeeeeeeeeeeeeeeeeeeeeeeeeeeeeeeeee,"5,0
/5",12 Nov 2024
Tiket Masuk Candi Prambanan,WD,"Pembelian Tiket Masuk Candi Prambanan melalui ticket.com sangat mudah dan cepat, mantap!","5,0
/5",10 Nov 2024
Tiket Masuk Candi Prambanan,prihartini prihartini,"Akhirnya kesini lagi, masyaallah","5,0
/5",10 Nov 2024
Tiket Masuk Candi Prambanan,Talita Zulmi,Harganya affordable banget !! Lebih murah dari di lokasi,"5,0
/5",8 Nov 2024
Tiket Masuk Candi Prambanan,Deni Aditiya,"Dengan memesan melalui tiket.com saya tidak perlu antri di loket, bisa non tunai serta bisa menggunakan voucher. ada loket khusus yg order lewat applikasi.","5,0
/5",8 Nov 2024
Tiket Masuk Candi Prambanan,KA,"Lama tak berkunjung ke Prambanan, saat ini pengelolaannya sudah cukup baik. Di dalam area bersih, pengunjungnya teratur tdk berdesakan serta saat akan keluar juga tidak diputar² dulu ke pasarnya, hany...","5,0
/5",7 Nov 2024
Tiket Masuk Candi Prambanan,MR,"sangat-sangat menyenangkan. tiketnya lebih affordable dripada borobudur tapi ga kalah seru. ada banyak aktifitas yg bisa dilakukan buat explore prambanan. ada sewa sepeda, skuter dll. tempatnya juga s...","5,0
/5",6 Nov 2024
Tiket Masuk Candi Prambanan,Nyimas Nuraini,Kerennn. Next kesini lagi...,"5,0
/5",6 Nov 2024
Tiket Masuk Candi Prambanan,Taufikur Rofik,tempat sejarah yang penuh makna,"5,0
/5",5 Nov 2024
Tiket Masuk Candi Prambanan,SYARIFUDDIN SYARIFUDDIN,Keren. Pelayanannya cepat dan tidak berbelit belit,"5,0
/5",5 Nov 2024
Tiket Masuk Candi Prambanan,Mardiah Rahmadani,Bersih dan cukup memuaskan,"5,0
/5",4 Nov 2024
Tiket Masuk Candi Prambanan,Nurul Wanda Oktiavani,Harga lebih murah tipis daripada di counter. Untuk selebihnya normal seperti tiket pada umumnya,"5,0
/5",4 Nov 2024
Tiket Masuk Candi Prambanan,talentio kristandi,"Cepat, gak perlu antri, tapi tetap perlu ke loket pembelian tiket paling kiri untuk tukar jadi tiket fisik baru bisa masuk ke entrance gatenya","5,0
/5",4 Nov 2024
Tiket Masuk Candi Prambanan,AV,Nice place & facilities.,"5,0
/5",31 Oct 2024
Tiket Masuk Candi Prambanan,Muhammad Doddy Aldo,"Oke, saran untuk yg mau berkunjung sebaiknya jgn hari senin krn akses terbatas","5,0
/5",25 Oct 2024
Tiket Masuk Candi Prambanan,Afkarul Azmi,Mantappppppppppppppppppppppppppppppppppp,"5,0
/5",21 Oct 2024
Tiket Masuk Candi Prambanan,GG,"Sangat baik sangat memuaskan, cukup untuk fasilitasnya","5,0
/5",19 Oct 2024
Tiket Masuk Candi Prambanan,Ignatius Wendy Gunawan,Gampang redeemnya. Mudah.,"5,0
/5",18 Oct 2024
Tiket Masuk Candi Prambanan,Sergio Vitiello,Best app ever! Real useful and simple to use!,"5,0
/5",17 Oct 2024
Tiket Masuk Candi Prambanan,WA,"Lokasi bersih, cocok untuk pejalan kaki, cukup sepi walau di hari minggu","5,0
/5",17 Oct 2024
Tiket Masuk Candi Prambanan,Muhammad Rizki,Bangunan megah dan taman yg luas dan ada pasar buat oleh oleh nya..,"5,0
/5",16 Oct 2024
Tiket Masuk Candi Prambanan,SRI RETNO SAPUTRI,"Beautiful place, tempatnya teduh, dingin. Kesini berkali2 ga bakal bosen sih","5,0
/5",16 Oct 2024
Tiket Masuk Candi Prambanan,tommy wijaya,penukaran tiket cepat👍🏻,"5,0
/5",15 Oct 2024
Tiket Masuk Candi Prambanan,Emanuella Tantri,Luar biasa tinggal scan di mesin tanpa antri panjang. Harga lebih murah krn dpt promo daripada beli di loket atau melalui web. Mantap indah sekali,"5,0
/5",13 Oct 2024
Tiket Masuk Candi Prambanan,WP,aaa.,"5,0
/5",12 Oct 2024
Tiket Masuk Candi Prambanan,BP,"Pemandangan yang sangat luar biasa dan suasanany sangat menarik ,😷😷😍😍😍😍","5,0
/5",12 Oct 2024
Tiket Masuk Candi Prambanan,AR,Pelayanan cepat. Tiket harus di reedem dulu di loket 1,"5,0
/5",11 Oct 2024
Tiket Masuk Candi Prambanan,AASS,Really enjoyed visiting Prambanan and learning about its history. Had a great tour guide - Seno.,"5,0
/5",11 Oct 2024
Tiket Masuk Candi Prambanan,Maychika Putri,Nice place🫶🫶🫶🫶🫶🫶🫶🫶🫶🫶🫶🫶🫶🫶🫶🫶🫶🫶🫶,"5,0
/5",11 Oct 2024
Tiket Masuk Candi Prambanan,Debby cheppy,"Memudahkan dalam pembelian tiket wisata dengan cepat dan praktis, harga yg ditawarkan pun lebih murah dibanding beli langsung","5,0
/5",8 Oct 2024
Tiket Masuk Candi Prambanan,Muhamad Yusuf Frassetiyo,"Mantap, mudah penggunaannya dan tidak perlu antri di loket","5,0
/5",6 Oct 2024
Tiket Masuk Candi Prambanan,Eva Schneider,"Just show the ticket confirmation at the entry and they give you the printed ticket. All good, works even for foreigners.","5,0
/5",6 Oct 2024
Tiket Masuk Candi Prambanan,AS,"Visiting Prambanan Temple was like stepping into history. As I arrived, the towering stone spires of this 9th-century Hindu temple complex immediately caught my eye, bathed in the soft morning light. ...","5,0
/5",5 Oct 2024
Tiket Masuk Candi Prambanan,AS,"luar biasa, tempatnya menakjubkan. dan indah, wajib dikunjungin.","5,0
/5",3 Oct 2024
Tiket Masuk Candi Prambanan,M Ridwan,"Mudah, praktis, tanpa antri","5,0
/5",3 Oct 2024
Tiket Masuk Candi Prambanan,KO,Mantapp. Bagus sekali. Rekomendasi untuk di jelajahi. Tidak mengecewakan.,"5,0
/5",3 Oct 2024
Tiket Masuk Candi Prambanan,Ai Fhatimah Susanti,sangat bagussssss. terimakasihhh yaaaa :),"5,0
/5",2 Oct 2024
Tiket Masuk Candi Prambanan,AS,Sangat berkesan dapat melihat candi prambanan secara langsung next mau nonton ramayana ballet nya🥺,"5,0
/5",2 Oct 2024
Tiket Masuk Candi Prambanan,Pipit Prasetyo Hasmayanto,Bagus banget untuk family trip,"5,0
/5",2 Oct 2024
Tiket Masuk Candi Prambanan,HH,Mantap kerennn dan hottttt,"5,0
/5",1 Oct 2024
Tiket Masuk Candi Prambanan,Rizky Dwi Syahputra,Memudahkan sangat saat dalam masuk ke,"5,0
/5",29 Sep 2024
Tiket Masuk Candi Prambanan,AY,Respon cepat untuk print tiket,"5,0
/5",29 Sep 2024
Tiket Masuk Candi Prambanan,Irzam Zani Mura,mystics feel real especially when there are someone praying,"5,0
/5",29 Sep 2024
Tiket Masuk Candi Prambanan,YP,Prambanan always a good place to see the culture the nature,"5,0
/5",27 Sep 2024
Tiket Masuk Candi Prambanan,MF,baguss dan bersih ramai di prambanan dan banyak aktivitas lain,"5,0
/5",26 Sep 2024
Tiket Masuk Candi Prambanan,EB,"Seru, asik dan nyaman","5,0
/5",25 Sep 2024
Tiket Masuk Candi Prambanan,Farid Hendrianto,Berrsiih Budaya tinggi jangan lupa payung,"5,0
/5",25 Sep 2024
Tiket Masuk Candi Prambanan,Farid Hendrianto,"Sangat amaazing,, wooow bangheettzzssstt top","5,0
/5",25 Sep 2024
Tiket Masuk Candi Prambanan,MF,Jadi gampang mau liburan kemanapun juga,"5,0
/5",25 Sep 2024
Tiket Masuk Candi Prambanan,MF,Jadi gampang mau liburan kemanapun juga,"5,0
/5",25 Sep 2024
Tiket Masuk Candi Prambanan,MF,Jadi gampang mau liburan kemanapun juga,"5,0
/5",25 Sep 2024
Tiket Masuk Candi Prambanan,Mohammad Firmansyah,Jadi gampang mau liburan kemanapun juga,"5,0
/5",25 Sep 2024
Tiket Masuk Candi Prambanan,MF,Jadi gampang mau liburan kemanapun juga,"5,0
/5",25 Sep 2024
Tiket Masuk Candi Prambanan,MF,"Ok banget , jadi gampang mau liburan kemanapun","5,0
/5",25 Sep 2024
Tiket Masuk Candi Prambanan,DR,⭐️⭐️⭐️⭐️⭐️⭐️⭐️⭐️⭐️⭐️⭐️⭐️⭐️⭐️⭐️⭐️⭐️⭐️⭐️⭐️⭐️,"5,0
/5",25 Sep 2024
Tiket Masuk Candi Prambanan,Novyanti Kartina Damanik,"Keren,,tiket.com memang solusi paling baik umtuk mencari harga yg miring","5,0
/5",24 Sep 2024
Tiket Masuk Candi Prambanan,Nofiani Sitorus,Happy happy happy happy happy happy,"5,0
/5",24 Sep 2024
Tiket Masuk Candi Prambanan,Nofiani Sitorus,First time and im enjoy with my group. Thanks tiket.com,"5,0
/5",24 Sep 2024
Tiket Masuk Candi Prambanan,Fiqih Yushardiyansyah,"Bagus, indah, Istimewa","5,0
/5",24 Sep 2024
Tiket Masuk Candi Prambanan,Fiqih Yushardiyansyah,"Bagus, Indah, istimewanya","5,0
/5",24 Sep 2024
Tiket Masuk Candi Prambanan,EL,"Tempatnya bagus, banyak tempat yang bisa dikunjungi. hanya saja pintu kluarnya cukup sempit dan menyatu dengan pasar.","5,0
/5",24 Sep 2024
Tiket Masuk Candi Prambanan,WW,Bagusssssssssssssssssssssssssssssssssssssssssssss,"5,0
/5",23 Sep 2024
Tiket Masuk Candi Prambanan,Rusmawati Rusmawati,Setiap kesini selalu tak lupa keliling sekitar bangunan candi dan tak lupa ambil foto.,"5,0
/5",23 Sep 2024
Tiket Masuk Candi Prambanan,Novia Novia,Tempat foto yang sangat bagus aman dan dijaga petugas sehingga rapi,"5,0
/5",23 Sep 2024
Tiket Masuk Candi Prambanan,RG,"The Best Banget, Walaupun hari senin gak bisa masuk ke candinya. Tapi View nya bagus banget 😇😇😇😇😇🤩🤩🤩🤩Next Time Kesini lagi.Low budget juga bisa naik KRL to St. Brambanan .dari stasiun ke Cand...","5,0
/5",22 Sep 2024
Tiket Masuk Candi Prambanan,Shinta Dyah Pitaloka,Bagusssssssssssssssssssssssss#zs,"5,0
/5",22 Sep 2024
Tiket Masuk Candi Prambanan,NM,Bagus pesen disini dapet diskon,"5,0
/5",22 Sep 2024
Tiket Masuk Candi Prambanan,Saidah Amri,Bagus...adem menyenangkan,"5,0
/5",22 Sep 2024
Tiket Masuk Candi Prambanan,MS,"Nice place, nice seesight, alot of temples, alot of histories.","5,0
/5",22 Sep 2024
Tiket Masuk Candi Prambanan,DS,"Bagus, proses beli di tiket.com cepat dan mudah, gak perlu antrii","5,0
/5",22 Sep 2024
Tiket Masuk Candi Prambanan,AA,Sangat menyenangkan ditambah dapat diskon beli online,"5,0
/5",21 Sep 2024
Tiket Masuk Candi Prambanan,Alifatussani Hidayatul Firdaus,Seru banget suka banget tempatnya asri dan keren banyak sejarahnya,"5,0
/5",21 Sep 2024
Tiket Masuk Candi Prambanan,Jonathan Richard,"Cukup ramai, namun candinya bagus","5,0
/5",20 Sep 2024
Tiket Masuk Candi Prambanan,Muhammad Rizki,"Good experience of candi Prambanan, its cool","5,0
/5",20 Sep 2024
Tiket Masuk Candi Prambanan,WS,Candi prambanan bukti arsitektur modern diindonesia,"5,0
/5",20 Sep 2024
Tiket Masuk Candi Prambanan,AA,Luar biasa luar biasa luar biasa indaaaaah,"5,0
/5",20 Sep 2024
Tiket Masuk Candi Prambanan,Des Irene Damanik,Viewnya bagus dan spot foto menarik banyak. Next bakal kesini lagi,"5,0
/5",19 Sep 2024
Tiket Masuk Candi Prambanan,M Aspi Yuwanda,"Good, fast track, recommended","5,0
/5",19 Sep 2024
Tiket Masuk Candi Prambanan,RW,Okkk. Proses cepat dan mudah,"5,0
/5",19 Sep 2024
Tiket Masuk Candi Prambanan,Nanda Wahyu Ivada,keren selalu borobudur 🔥,"5,0
/5",19 Sep 2024
Tiket Masuk Candi Prambanan,AL,"Keren banget, Candi Prambanan","5,0
/5",18 Sep 2024
Tiket Masuk Candi Prambanan,Shofi adi wardani,Iconic & Fantastis Bagus untuk trip ketempat2 yang bersejerah,"5,0
/5",18 Sep 2024
Tiket Masuk Candi Prambanan,Dewi sela,View goodddd...indah sekali dan banyak sejarah disana.. Loveee youuu Prambanan❤❤❤,"5,0
/5",17 Sep 2024
Tiket Masuk Candi Prambanan,Yusi Triany Sinaga,Ada golfcar yg bs bw kt keliling prambanan tanpa perlu capek jalan kaki,"5,0
/5",16 Sep 2024
Tiket Masuk Candi Prambanan,Widia Widia,"Happyy masuk prambanan gratiss dengan menukar point dari tiket.com, pengalaman pertama yang sangat memuaskan masuk candi prambanan dengan tiket.com","5,0
/5",16 Sep 2024
Tiket Masuk Candi Prambanan,Willhansen sindhu kamarga,"Nice place, cukup bersih dan terawat.","5,0
/5",12 Sep 2024
Tiket Masuk Candi Prambanan,RA,wahana yg menari dan bagus utk dikunjungi bersama keluarga,"5,0
/5",12 Sep 2024
Tiket Masuk Candi Prambanan,NP,"Sangat bagus, untuk saya dan keluarga wisata religus sangat senang, semoga lain waktu bisa berkunjung lagi","5,0
/5",12 Sep 2024
Tiket Masuk Candi Prambanan,TM,"Ada loket khusus pembelian tiket via online, sehingga proses pengambilan tiket sangat mudah dan cepat.","5,0
/5",11 Sep 2024
Tiket Masuk Candi Prambanan,SA,"terakhir ke prambanan tahun 2013, kesini lagi kemarin ternyata makin bagus walaupun puanas bangettttt","5,0
/5",11 Sep 2024
Tiket Masuk Candi Prambanan,Muhammad sugiyarto,Tiket murah mudah dan banyak diskon,"5,0
/5",9 Sep 2024
Tiket Masuk Candi Prambanan,MY,"Agustus 2024, Overall untuk Redeem voucher nya gak ribet berguna banget buat weekend di bedain loketnya. Experience yang seru juga, terawat dan berkesan pastinya","5,0
/5",8 Sep 2024
Tiket Masuk Candi Prambanan,Afril lita yusra,Bagussss bersih dan sejukkkk,"5,0
/5",7 Sep 2024
Tiket Masuk Candi Prambanan,Nanda Ayu Novelia Putri Handoko,So good experience. We really enjoyed this trip,"5,0
/5",5 Sep 2024
Tiket Masuk Candi Prambanan,Andita Kevira,Cepet banget belinya dan redeemnya pun sangat mudah,"5,0
/5",5 Sep 2024
Tiket Masuk Candi Prambanan,SM,"Vaste étendue parfaitement entrenu où vous pourrez voir de nombreux temples. Pour ma part, j’ai préféré me rendre ici que Borodurur","5,0
/5",4 Sep 2024
Tiket Masuk Candi Prambanan,Syaeful Rizky,Wisata keluarga sangat indah,"5,0
/5",3 Sep 2024
Tiket Masuk Candi Prambanan,Muhammad Darry Aprilio Pasaribu,Jauh lebih enak ke prambanan daripada borobudur. Gaada PKL yg nyerbu waktu turun dari mobil. Jalan keluar juga masuk akal ga kaya borobudur disuru jalan berkm2 melewati pedagang yg jualannya sama,"5,0
/5",2 Sep 2024
Tiket Masuk Candi Prambanan,LF,Beli tiket ditiket.com cepet,"5,0
/5",2 Sep 2024
Tiket Masuk Candi Prambanan,IH,Penukaran mudah dan cepat.,"5,0
/5",2 Sep 2024
Tiket Masuk Candi Prambanan,Resty septiana,Baguss sekali ada suttle car nya,"5,0
/5",1 Sep 2024
Tiket Masuk Candi Prambanan,Resty septiana,Bagussssss seklaii dengan penuh oengalamannn,"5,0
/5",1 Sep 2024
Tiket Masuk Candi Prambanan,IM,Puas bangett berkunjung ketempat ini,"5,0
/5",29 Aug 2024
Tiket Masuk Candi Prambanan,LS,"Bagussss luasss, kalo kesana enakan sore","5,0
/5",29 Aug 2024
Tiket Masuk Candi Prambanan,AA,cantik banget sekali,"5,0
/5",29 Aug 2024
Tiket Masuk Candi Prambanan,Syamsuriati Syamsuriati,View keren buat foto foto,"5,0
/5",28 Aug 2024
Tiket Masuk Candi Prambanan,AH,"🤩 amazing .. senang sekali berwisata kesini, tempatnya bersih","5,0
/5",26 Aug 2024
Tiket Masuk Candi Prambanan,AW,"Bagus, bersih, belajar budaya","5,0
/5",23 Aug 2024
Tiket Masuk Candi Prambanan,Nur Soleh,Mantappppppppppppppppp,"5,0
/5",23 Aug 2024
Tiket Masuk Candi Prambanan,DW,Sedikit lebih murah drpd beli langsung. Proses redeemnya cepat dan mudah.,"5,0
/5",22 Aug 2024
Tiket Masuk Candi Prambanan,AS,"Bagus, sayangnya pas jam 11 baru sampe, jdi panas pol","5,0
/5",22 Aug 2024
Tiket Masuk Candi Prambanan,Arfi Andriyan,Destinasi wisata sejarah yang wajib dikunjungi kalau lagi liburan ke jogja,"5,0
/5",22 Aug 2024
Tiket Masuk Candi Prambanan,Siti Mariam,Beli tiket di tiket.com banyak promo menarik,"5,0
/5",21 Aug 2024
Tiket Masuk Candi Prambanan,Alifiyanti Nur Irda Pratiwi,Best view ❤️lope lope pokonyaa ❤️❤️😘,"5,0
/5",21 Aug 2024
Tiket Masuk Candi Prambanan,Dewi Eka Widianingsih,"Seneng membeli tiket terusan dari Prambanan ke Ratu Boko melalui ticket. com. Mudah, pelayanan yg baik, harga yg terjangkau, disediakan antar jemput dari Prambanan ke Ratu Boko, demikian sebaliknya. T...","5,0
/5",20 Aug 2024
Tiket Masuk Candi Prambanan,KS,It's refreshing in the morning. There's a lot of stuff you can try.,"5,0
/5",19 Aug 2024
Tiket Masuk Candi Prambanan,Latief Zakir,"Bagus. Bila keluar dri prambanan, lebih baik bayar mobil golf biar gak capek jalan pulang ke exit","5,0
/5",18 Aug 2024
Tiket Masuk Candi Prambanan,HG,Really good experience! You need to visit everything in Prambanan. You have another temples and it’s asome! We recommend that you have a guide because explains everything about the history!,"5,0
/5",15 Aug 2024
Tiket Masuk Candi Prambanan,Deni Rahmat,"Megah, cocok bgt untuk wisata, keren bgt","5,0
/5",14 Aug 2024
Tiket Masuk Candi Prambanan,AM,"Mengunjungi candi prambanan, suatu pengalaman yang seru. Terima kasih","5,0
/5",14 Aug 2024
Tiket Masuk Candi Prambanan,MA,"seru, ini pertama kalinya dtg kesini tp lumayan amazed","5,0
/5",14 Aug 2024
Tiket Masuk Candi Prambanan,DD,"Seruwwww, simple bgt dateng langsung tuker Tiket online","5,0
/5",13 Aug 2024
Tiket Masuk Candi Prambanan,TT,mantappppppppppppppppppppp,"5,0
/5",13 Aug 2024
Tiket Masuk Candi Prambanan,HANI NURAENI,Terkesimaaaaa indahnya candi2 megah,"5,0
/5",10 Aug 2024
Tiket Masuk Candi Prambanan,LC,Secara umum bagus akan tetapi bbrp vendor penjualan air minum seharusnya disediakan sekitar candi krn banyak pengunjung mengalami dehidrasi dan kesulitan mencari vendor air minum,"5,0
/5",10 Aug 2024
Tiket Masuk Candi Prambanan,Afi Pertiwi,"Dapet promo potongan jadi lebih hemat , mantap","5,0
/5",9 Aug 2024
Tiket Masuk Candi Prambanan,Muhammad Rachim Vadrian,bagus banget engga nyangka sedekat dan sebagus candi,"5,0
/5",8 Aug 2024
Tiket Masuk Candi Prambanan,Diana Idola Hotmarito,"Pengalaman yang sangat bermanfaat dan berharga, terima kasih.","5,0
/5",7 Aug 2024
Tiket Masuk Candi Prambanan,WS,Seruuuuuu bangettttt parahhhhhhhh,"5,0
/5",6 Aug 2024
Tiket Masuk Candi Prambanan,UP,Great Experiences and Good Place to Family Holiday,"5,0
/5",6 Aug 2024
Tiket Masuk Candi Prambanan,YS,"Tiket mudah ditukarkan, proses cepat.","5,0
/5",5 Aug 2024
Tiket Masuk Candi Prambanan,Nita lestari,"Lebih mudah ga perlu ngantri, dan ga pernah bosen berwisata ksini","5,0
/5",4 Aug 2024
Tiket Masuk Candi Prambanan,NA,Kereen arsitektur candi nya dan diperkaya dengan sejarah yg luar biasa,"5,0
/5",4 Aug 2024
Tiket Masuk Candi Prambanan,Tika Ayu Wardhany,Tuker tiket mudah dengan tiket online. Pemandangan candi bagus,"5,0
/5",4 Aug 2024
Tiket Masuk Candi Prambanan,WH,"Luar biasa keren, taktis ga ribet pesen tiket lewat tiket.com","5,0
/5",4 Aug 2024
Tiket Masuk Candi Prambanan,SM,Memuaskan beli tiket masuk disini lebih murah 🥰,"5,0
/5",2 Aug 2024
Tiket Masuk Candi Prambanan,dwi dwi,"Tempat yang menawan,","5,0
/5",2 Aug 2024
Tiket Masuk Candi Prambanan,YS,"Jangan lupa prepare payung, karna di lingkungan candinya minim pepohonan rindang. Tapi overall tetap worth it untuk dikunjungi.","5,0
/5",2 Aug 2024
Tiket Masuk Candi Prambanan,AF,"Easy purchase don’t have to take a line to purchase in ticket locket, great experience","5,0
/5",2 Aug 2024
Tiket Masuk Candi Prambanan,ellis ellis,Buat hiburan keluarga,"5,0
/5",1 Aug 2024
Tiket Masuk Candi Prambanan,RA,Bagus cuma panas banget,"5,0
/5",30 Jul 2024
Tiket Masuk Candi Prambanan,Ratih Lestari,"Pemandangan indah, bagus, nyaman","5,0
/5",29 Jul 2024
Tiket Masuk Candi Prambanan,Ratih Lestari,"Bagus, bersih, asri, dan pemandangan indah","5,0
/5",29 Jul 2024
Tiket Masuk Candi Prambanan,TRI WISANGGENI PUTRA,"Bagus banget, yogyakarta emg sebagus itu😍","5,0
/5",27 Jul 2024
Tiket Masuk Candi Prambanan,EKO SELAMET Arianto,"Bagus, rame dan menarik","5,0
/5",27 Jul 2024
Tiket Masuk Candi Prambanan,Dena Ryana Citra,Kereeennnn bgttt nagih bgt jalan2 ke jogja!!,"5,0
/5",26 Jul 2024
Tiket Masuk Candi Prambanan,I Gusti Ngurah Rai Sumantri,Mantap seru mantap lagi seru lagi,"5,0
/5",26 Jul 2024
Tiket Masuk Candi Prambanan,GT,Kerennnnn.. praktis dan mudah jadinyaaaaaa,"5,0
/5",26 Jul 2024
Tiket Masuk Candi Prambanan,RP,"Pelayanan ok, tanpa antri","5,0
/5",25 Jul 2024
Tiket Masuk Candi Prambanan,RG,"overall good, semoga next bisa kesini lg","5,0
/5",25 Jul 2024
Tiket Masuk Candi Prambanan,Neng Wiwin,The best pesen tiket di tiket.com dapat banyak point,"5,0
/5",25 Jul 2024
Tiket Masuk Candi Prambanan,PS,"Ndak nyesel berkunjung ke candi Prambanan, tempat yang luas dan tertata, fasilitas yg bagus.","5,0
/5",25 Jul 2024
Tiket Masuk Candi Prambanan,Saryanti Saryanti,Tempatnya luaaaaaaas banget,"5,0
/5",24 Jul 2024
Tiket Masuk Candi Prambanan,Mardi Septianto,Langsung cus ke loket gapake ribet,"5,0
/5",23 Jul 2024
Tiket Masuk Candi Prambanan,Budi Sunarso prayogo,Konfirmasi tiket di pintu masuk dapatditerima dengan mudah.,"5,0
/5",23 Jul 2024
Tiket Masuk Candi Prambanan,ardiansyah bahri,"Wisata yang bagus mengenalkan budaya indonesia ke anak dan sejarah sejarah indonesia,","5,0
/5",23 Jul 2024
Tiket Masuk Candi Prambanan,novita eliza,"Bagus sekali ,indah","5,0
/5",23 Jul 2024
Tiket Masuk Candi Prambanan,NILA NILA,"lbih mudah apalagi pas lagi hectic jazz prambanan, dn dpt disc pula","5,0
/5",23 Jul 2024
Tiket Masuk Candi Prambanan,DA,"Anakk2 happy bnyk permainan spt sepeda, scooter dan bnyk taman","5,0
/5",21 Jul 2024
Tiket Masuk Candi Prambanan,DA,Leboh cepat proses masuk loket,"5,0
/5",20 Jul 2024
Tiket Masuk Candi Prambanan,YS,"Tempatnya bagus, bersih, fasilitas lengkap. Ada peminjaman kursi roda utk orangtua dan pengunjung yg sdg tidak fit. Gratis lagi. Sediakan payung kalau siang hari, karena panas bukan main, dan sedikit ...","5,0
/5",18 Jul 2024
Tiket Masuk Candi Prambanan,Harry Taufik,Awesome!!! One of the wonder of the world,"5,0
/5",17 Jul 2024
Tiket Masuk Candi Prambanan,HS,"Pembelian tiket mudah, proses masuk lokasi juga mudah.","5,0
/5",16 Jul 2024
Tiket Masuk Candi Prambanan,AA,Tempat yang wajib banget dikunjungi utk edukasi anak,"5,0
/5",16 Jul 2024
Tiket Masuk Candi Prambanan,WW,Keren nanti pengen kesini lagi.. buat foto yg lebih bagus lagi 🤭😆,"5,0
/5",15 Jul 2024
Tiket Masuk Candi Prambanan,Gilang Riadi Andrianto,praktissssss beli dsini ga perlu beli di venue,"5,0
/5",14 Jul 2024
Tiket Masuk Candi Prambanan,RT,Cantik candinya worth it beli tiket di tiket com trimakasih,"5,0
/5",14 Jul 2024
Tiket Masuk Candi Prambanan,ZP,Mantap jiwa Prambanan Yogyakarta Vario 125,"5,0
/5",14 Jul 2024
Tiket Masuk Candi Prambanan,KI,thankyou prambanan jazz 2024!!!,"5,0
/5",13 Jul 2024
Tiket Masuk Candi Prambanan,RIYANTO RIYANTO,Candinya keren dan stafnya ramah,"5,0
/5",13 Jul 2024
Tiket Masuk Candi Prambanan,Eli Sulastri,Berkesan dan bikin mau balik lagi,"5,0
/5",13 Jul 2024
Tiket Masuk Candi Prambanan,Siti Syafqie,Bagus tempt wisata nya cuman terlalu panas jadi gk kuat lama,"5,0
/5",13 Jul 2024
Tiket Masuk Candi Prambanan,Netty Anggreani,Tetap selalu ngangenin walau udh sering kesini,"5,0
/5",13 Jul 2024
Tiket Masuk Candi Prambanan,DR,"Simpel, tinggal tunjukkin QR Code langsung msuk. Gak mesti antri2 dlu beli tiket! Di tambah suka ada promo langsung dri tiket.com yg promonya suka diluar nurul. BEST POKOKNYA!","5,0
/5",13 Jul 2024
Tiket Masuk Candi Prambanan,Amelia Amelia,Antrian beda jadi cepeeeet,"5,0
/5",12 Jul 2024
Tiket Masuk Candi Prambanan,Fameilia Handayani,terbaikkk terima kasih,"5,0
/5",12 Jul 2024
Tiket Masuk Candi Prambanan,NR,Oke bnget Oke Keren Mantap,"5,0
/5",12 Jul 2024
Tiket Masuk Candi Prambanan,MP,Seruu banget nonton prambanan jazznya!!!,"5,0
/5",12 Jul 2024
Tiket Masuk Candi Prambanan,Krintarani Krintarani,Mawantappppp lebih cepat,"5,0
/5",11 Jul 2024
Tiket Masuk Candi Prambanan,Ani Wulan Chan,Banyak aktifitas yang bisa di lakukan buat anak2 di Prambanan.,"5,0
/5",11 Jul 2024
Tiket Masuk Candi Prambanan,FT,good view and experience,"5,0
/5",11 Jul 2024
Tiket Masuk Candi Prambanan,SP,suka banget hehehehehe,"5,0
/5",11 Jul 2024
Tiket Masuk Candi Prambanan,AA,bguss cantikkk wajib dikunjungi,"5,0
/5",11 Jul 2024
Tiket Masuk Candi Prambanan,Ilmi Rusydi,"Tanpa antri panjang, langsung masuk pake ticket.com","5,0
/5",11 Jul 2024
Tiket Masuk Candi Prambanan,AT,Great place to spend your holiday,"5,0
/5",11 Jul 2024
Tiket Masuk Candi Prambanan,Syifa Fauziah,"kesini pas prambanan jazz, prambanan malam hari tuh cantik bgt ternyata","5,0
/5",11 Jul 2024
Tiket Masuk Candi Prambanan,ES,"sebenarnya beli tiket dr aps supaya di venue tinggal scan masuk tp sayang krn waktu itu berbarengan dengan sebuah acara musik yg penontonya hingga puluhan ribu, apsnya crash ga bisa kebuka plus sinyal...","5,0
/5",11 Jul 2024
Tiket Masuk Candi Prambanan,Amirah Syifa,praktis langsung masuk gausah antri,"5,0
/5",10 Jul 2024
Tiket Masuk Candi Prambanan,BS,Mudah praktis gak ribet.,"5,0
/5",10 Jul 2024
Tiket Masuk Candi Prambanan,Rani Nurcahyani,"Cepet ga pake antri langsung masuk aja, sipp","5,0
/5",10 Jul 2024
Tiket Masuk Candi Prambanan,Rizca Sugiyantica,Gampang kalau beli online gak perlu antri,"5,0
/5",10 Jul 2024
Tiket Masuk Candi Prambanan,Ahmad Dimas Abdillah Diastama Putra,"Mempermudah, jd sat set sat set","5,0
/5",9 Jul 2024
Tiket Masuk Candi Prambanan,KG,Tempatnya indah dan mempesona sekali. Area bersih dan rapii serta teratur.,"5,0
/5",9 Jul 2024
Tiket Masuk Candi Prambanan,WO,"Must visit. Tempatnya bagus, rapi, bersejarah.","5,0
/5",9 Jul 2024
Tiket Masuk Candi Prambanan,BS,Bbbbbbɓbbbbbbbbbbbbbbbbbbbbbbbbbbbbb,"5,0
/5",9 Jul 2024
Tiket Masuk Candi Prambanan,Emi Lismawati,"Beli tiket di tiket.com ga perlu antri Krn pas libur sekolah jd antri banget, tinggal scan aja","5,0
/5",8 Jul 2024
Tiket Masuk Candi Prambanan,KL,"Penukaran mudah dan ga antri, terima kasih","5,0
/5",7 Jul 2024
Tiket Masuk Candi Prambanan,NP,Sangat bagus dan terdapat jalur khusus untuk pembelian tiket melalui platform ini 👍,"5,0
/5",6 Jul 2024
Tiket Masuk Candi Prambanan,IJ,"bagus dan mempermudah akses nya , pokonya tiket com is the best","5,0
/5",6 Jul 2024
Tiket Masuk Candi Prambanan,Bintang samodra sakti,Tmpat yg sangat menarik,"5,0
/5",6 Jul 2024
Tiket Masuk Candi Prambanan,M Indra Maulana,Terimakasih destinasi yang cukup puas dan banyak tempat yg di kunjungi Tempat bersih Fasilitas lengkap,"5,0
/5",6 Jul 2024
Tiket Masuk Candi Prambanan,SS,"Seru abis, banyak sejarahnya juga, tempatnya luassss bangetttt","5,0
/5",5 Jul 2024
Tiket Masuk Candi Prambanan,Kumar Bagchi,Fantastic hassle free entry,"5,0
/5",5 Jul 2024
Tiket Masuk Candi Prambanan,AA,"Dapet diskon kalo pesen di aplikasi, lumayan potongan 3rbu rupiah.. Ga perlu antri lama2 juga di loket.","5,0
/5",4 Jul 2024
Tiket Masuk Candi Prambanan,AA,"Seru, mesti ke sini lagi, ramah lingkungan","5,0
/5",4 Jul 2024
Tiket Masuk Candi Prambanan,JOY RENTA OKTAVIA HUTAURUK,"Lebih mudah, lebih cepat dan senang bisa berpetualang","5,0
/5",4 Jul 2024
Tiket Masuk Candi Prambanan,GN,Semakin terkagum liat peninggalan sejarah Indonesia,"5,0
/5",3 Jul 2024
Tiket Masuk Candi Prambanan,Andik Defianto,Good bagus nyman tidak berisik,"5,0
/5",3 Jul 2024
Tiket Masuk Candi Prambanan,BY,Mantab..Mantab.. Mantab.. Mantab.. Mantab.. Mantab.. Mantab..,"5,0
/5",3 Jul 2024
Tiket Masuk Candi Prambanan,Dwi Rahardjo,Memudahkan segalanya jadi lebih cepat,"5,0
/5",2 Jul 2024
Tiket Masuk Candi Prambanan,Dwi Rahardjo,"Semakin mudah dengan order tiket to do, jd ga perlu antri panjang lagi... Semudah itu","5,0
/5",2 Jul 2024
Tiket Masuk Candi Prambanan,HESTI HERLIANI,"Keren, mempermudah bagi orang yang malas antri","5,0
/5",1 Jul 2024
Tiket Masuk Candi Prambanan,Siti Rahmah,pokoknya kalian wajib kalo ke jogja main ke candi super2 cantik dliat dri mata langsung loh dan kita juga bisa memperdalam sejarah indonesia 😍😍,"5,0
/5",1 Jul 2024
Tiket Masuk Candi Prambanan,Citrawati Citrawati,Dpt diskon. Jd lebih murah. Walaupun kita beli on the spot. Tapi pakai aplikasi tiket,"5,0
/5",30 Jun 2024
Tiket Masuk Candi Prambanan,Ahmad Komaini,Kapan-kapan akan berkunjung lagi ke sini.,"5,0
/5",30 Jun 2024
Tiket Masuk Candi Prambanan,Yenny Yenny,Seneng banget beli tiket masuk candi prambanan di tiket.com sangat gampang. but sempat ada masalah di mesin print di candi prambanannya. jadi ngu dibenerin dulu utk bs di print tiket masuknya. nunggu ...,"5,0
/5",29 Jun 2024
Tiket Masuk Candi Prambanan,RR,Dibantu sama kakak-kakak yang sedang KKN untuk pencetakan tiket karena sebelumnya sudah pesan online. Cepat dan ramah. Mantap.,"5,0
/5",29 Jun 2024
Tiket Masuk Candi Prambanan,Muizzul Haq,"Ok, dapat promo potongaj. Print mandiri kaya tiket kereta. All is good","5,0
/5",28 Jun 2024
Tiket Masuk Candi Prambanan,MUHAMMAD ALFIAN NOOR,Oke bagus keren mantap,"5,0
/5",28 Jun 2024
Tiket Masuk Candi Prambanan,Mira Wulandari,Hassle free karena beli tiket online,"5,0
/5",28 Jun 2024
Tiket Masuk Candi Prambanan,MW,Hassle free karena beli tiket online.,"5,0
/5",28 Jun 2024
Tiket Masuk Candi Prambanan,FF,"Simple, cepat, loket khusus","5,0
/5",27 Jun 2024
Tiket Masuk Candi Prambanan,RG,"Good, bagus , recomended","5,0
/5",27 Jun 2024
Tiket Masuk Candi Prambanan,MP,prambanan is truly definitions of magical. ofc bakal balik lagi kesiniii🫶🏻✨,"5,0
/5",27 Jun 2024
Tiket Masuk Candi Prambanan,Erna yunita,Bagus sekali temoatnya bersih nyaman,"5,0
/5",27 Jun 2024
Tiket Masuk Candi Prambanan,TG,Suka banget kesini seru banget study Tour sama temen”,"5,0
/5",27 Jun 2024
Tiket Masuk Candi Prambanan,TD,"Bersih , nyaman , cocok banget trip bareng keluarga","5,0
/5",27 Jun 2024
Tiket Masuk Candi Prambanan,TD,"Bersih , nyaman , enak banget kalau ke sini sore","5,0
/5",27 Jun 2024
Tiket Masuk Candi Prambanan,TE,Disarankan kalau ke sini pakai topi atau bawa payung,"5,0
/5",27 Jun 2024
Tiket Masuk Candi Prambanan,TF,"Bersih , nyaman semoga next trip bisa lihat Prambanan ballet","5,0
/5",27 Jun 2024
Tiket Masuk Candi Prambanan,TI,"Soon mau ke sini trip bareng keluarga , bisa rame”","5,0
/5",27 Jun 2024
Tiket Masuk Candi Prambanan,TJ,"Beberapa kali kesibukan gak pernah bosan , banyak pemugaran sepertinya","5,0
/5",27 Jun 2024
Tiket Masuk Candi Prambanan,Rahmat Siregar,Mantap ngak perlu antri,"5,0
/5",27 Jun 2024
Tiket Masuk Candi Prambanan,melida tika erviana,Prambanan besttt... Recommended family trip☺️,"5,0
/5",27 Jun 2024
Tiket Masuk Candi Prambanan,Travel B,"Pelayanan oke , disarankan kalau ke sini pake topi atau bawa payung soale panas","5,0
/5",26 Jun 2024
Tiket Masuk Candi Prambanan,Travel A,"Bersih , nyaman oke buat wisata sama keluarga","5,0
/5",26 Jun 2024
Tiket Masuk Candi Prambanan,Niken Tri Wahyuni,Pengalaman yang tak terlupakan with pasangan dengan status baru,"5,0
/5",26 Jun 2024
Tiket Masuk Candi Prambanan,SY,"cocok buat jalan sama keluarga, tapi klau senin area candi ditutup ya","5,0
/5",26 Jun 2024
Tiket Masuk Candi Prambanan,Januar Sigit kamseno,Liburan yang sangat menyenangkan...terimakasih tiket.con,"5,0
/5",26 Jun 2024
Tiket Masuk Candi Prambanan,muhammad irsal,mantep banget proses mudah langsung dpakai,"5,0
/5",26 Jun 2024
Tiket Masuk Candi Prambanan,IH,Excited my family my adventure,"5,0
/5",25 Jun 2024
Tiket Masuk Candi Prambanan,Fihyi Hada,"Seru banget kesana, gampang untuk scan barcode nya juga dan kemaren bisa tuker point jadi free😍🥰","5,0
/5",25 Jun 2024
Tiket Masuk Candi Prambanan,Iis antoni,Ok banget dongantepooolllllllllllllllllllll,"5,0
/5",24 Jun 2024
Tiket Masuk Candi Prambanan,Ade abdul rahman putra,Jadi tidak perlu antri lagi,"5,0
/5",24 Jun 2024
Tiket Masuk Candi Prambanan,Wahyu Kristanto,"Indah banget, walaupun lelah jalan","5,0
/5",23 Jun 2024
Tiket Masuk Candi Prambanan,Eka Vaulleyna,Selalu memberi cerita berbeda setiap berkunjung kesini. Walau sudah berkali kali entah dengan tekan kerja . Temanmaupun keluarga Tidak membosankan,"5,0
/5",22 Jun 2024
Tiket Masuk Candi Prambanan,Arif Karyanto,Bagus nyaman sejuk ramah rekomdasi buat keluarga,"5,0
/5",22 Jun 2024
Tiket Masuk Candi Prambanan,Nova Zuhairi,makin asik makin baik,"5,0
/5",22 Jun 2024
Tiket Masuk Candi Prambanan,Mustofa Nasrulloh,Uafegxsrvvvvvvvvvvdeeegn. AgnsgmhdnDb,"5,0
/5",22 Jun 2024
Tiket Masuk Candi Prambanan,ST,"Keren, dapet sunset jg","5,0
/5",20 Jun 2024
Tiket Masuk Candi Prambanan,Ziyan Zhie,"Cara Praktis tanpa harus mengantri lagi untuk membeli tiket di loket. Dan yg pasti ada potongan harga 😍😍😍😍. Hanya dengan satu aplikasi ""tiket.com"" sudah bisa pesan apapun dalam genggaman. Thank yo...","5,0
/5",20 Jun 2024
Tiket Masuk Candi Prambanan,PH,Must visit place in Yogyakarta,"5,0
/5",20 Jun 2024
Tiket Masuk Candi Prambanan,SW,Bagus bgt dan memuaskan,"5,0
/5",19 Jun 2024
Tiket Masuk Candi Prambanan,Anggara Pratama Putra,Tempatnya asik sih asri Tapi saat ini kurang prima karena ada bbrp candi yg sedang diperbaiki,"5,0
/5",17 Jun 2024
Tiket Masuk Candi Prambanan,Panji Wahyu Hidayat,"Pengalaman menarik, tempat sangat luas","5,0
/5",17 Jun 2024
Tiket Masuk Candi Prambanan,BW,"service bagus, dan promo bagus dari tiket.com! worth the travel","5,0
/5",16 Jun 2024
Tiket Masuk Candi Prambanan,DAFFA DANUARTA,Cocok untuk pelajar,"5,0
/5",16 Jun 2024
Tiket Masuk Candi Prambanan,FP,Sippppppppppppppppppppppppppppppppppppppp,"5,0
/5",16 Jun 2024
Tiket Masuk Candi Prambanan,Nugraha Abdidesa,Memudahkan tinggal tukar tiket digital langsung masuk,"5,0
/5",14 Jun 2024
Tiket Masuk Candi Prambanan,Rahmayanti P,Jangan lupa bawa : 1. Topi / payung (bisa sewa) 2. Kacamata hitam 3. Air minum,"5,0
/5",13 Jun 2024
Tiket Masuk Candi Prambanan,Dwiky Widityo,Mudah sekali untuk klaim tiketnya,"5,0
/5",13 Jun 2024
Tiket Masuk Candi Prambanan,MP,seruuu seruu bangettt next time kesini lagii,"5,0
/5",12 Jun 2024
Tiket Masuk Candi Prambanan,Mery Kristyani Natalia S,"gampang banget masuknya. no antri"" shay. tinggal scan and Go! thankyou tiket.com :)","5,0
/5",12 Jun 2024
Tiket Masuk Candi Prambanan,Kusriyani Kusriyani,Cepet gak pake antrii .. karena loket penukaran jg beda dari yg pesen ditempat dan platform lain 🥰,"5,0
/5",11 Jun 2024
Tiket Masuk Candi Prambanan,Febri Andiana,Udah 4x kesini gak ada bosen nya Karna emang suka banget wisata candi,"5,0
/5",11 Jun 2024
Tiket Masuk Candi Prambanan,Ervika Nurtanti,"Bagus banget, sayangnya masih ada bbrapa candi yg lagi di perbaiki","5,0
/5",10 Jun 2024
Tiket Masuk Candi Prambanan,Febriza Ulfi Amalia,"Its so good, clean, i rent a scooter with my bf to explore the beauty of prambanan","5,0
/5",10 Jun 2024
Tiket Masuk Candi Prambanan,EB,Mantapppp next pesen di tiket.com,"5,0
/5",10 Jun 2024
Tiket Masuk Candi Prambanan,Diky Prasetiawan,"Keren, sangat indah, sangat cocok bersama keluarga","5,0
/5",10 Jun 2024
Tiket Masuk Candi Prambanan,Anik Matul,Lebih cepat kalu beli tiket secara online,"5,0
/5",9 Jun 2024
Tiket Masuk Candi Prambanan,Rifal Rifal,Simple n easy jadi ga perlu antri panjang untuk beli tiket masuk ke candi karena selalu penuh,"5,0
/5",8 Jun 2024
Tiket Masuk Candi Prambanan,IL,"aku masuk ke sini pakai point tiket.com jadi gratis, bisa di tukar di loket pembelian tapi posisinya agak di pojok, overall bagus bangettt","5,0
/5",7 Jun 2024
Tiket Masuk Candi Prambanan,Yohana Yohana,Dateng pas sore dan best banget viewnya!!!,"5,0
/5",7 Jun 2024
Tiket Masuk Candi Prambanan,Pujiati Astuti,gampang untuk redeem tiket!,"5,0
/5",6 Jun 2024
Tiket Masuk Candi Prambanan,BK,"Sudah dua kali ke prambanan beli tiketnya di tiket.com, kendalanya cuma satu mesin print mandirinya eror. selebihnya mudah dan menyenangkan.","5,0
/5",5 Jun 2024
Tiket Masuk Candi Prambanan,Muhamad Awaludin,Jadi ga perlu ngantri panjang kalo mesen ditiket.com,"5,0
/5",5 Jun 2024
Tiket Masuk Candi Prambanan,DR,"Mengesankan, tiket murah, akses mudsh.....","5,0
/5",5 Jun 2024
Tiket Masuk Candi Prambanan,Rachellia Nanet Putri,Baguuuuuuuussssss bangeeeeettttttt happpy,"5,0
/5",5 Jun 2024
Tiket Masuk Candi Prambanan,NA,Pesan tiket masuk ke Candi Prambanan lewat tiket.com sangat mudah tanpa harus mengantri,"5,0
/5",4 Jun 2024
Tiket Masuk Candi Prambanan,Dimas Setiawan Hakim,"mantap, tempat yang bersih dan nyaman","5,0
/5",4 Jun 2024
Tiket Masuk Candi Prambanan,Raja Putra Persada,"Mantap, liburan bareng keluarga asik pokoknya","5,0
/5",4 Jun 2024
Tiket Masuk Candi Prambanan,ER,Bagus sekali menyenangkan,"5,0
/5",4 Jun 2024
Tiket Masuk Candi Prambanan,Fedrian Eka Putra,Seruuuuuuu suasananya syahdu selali,"5,0
/5",3 Jun 2024
Tiket Masuk Candi Prambanan,TB,"Oke bgt!!, pemesanan lebih mudah n banyaak promo diskon","5,0
/5",3 Jun 2024
Tiket Masuk Candi Prambanan,IP,Jalan keluarnya jauh banget,"5,0
/5",2 Jun 2024
Tiket Masuk Candi Prambanan,Fuadila Al Humaira,Lebih cepat masuk nya tanpa antri Thank you tiket.com,"5,0
/5",2 Jun 2024
Tiket Masuk Candi Prambanan,OA,Ok bagus keren ...........................,"5,0
/5",2 Jun 2024
Tiket Masuk Candi Prambanan,KK,Ga perlu antri panjang.. lebih murah pulak 👍,"5,0
/5",2 Jun 2024
Tiket Masuk Candi Prambanan,Yessika Yessika,"Candi Prambanan tempat yang oke, semoga semua yang ke Candi Prambanan bisa menjaga kebersihan","5,0
/5",1 Jun 2024
Tiket Masuk Candi Prambanan,M WidhiAnsyah ramadhan,"Okey banget , tapi pass siang hari panas banget","5,0
/5",30 May 2024
Tiket Masuk Candi Prambanan,CS,Sangat Indah jika bersama ayang wkwkwk,"5,0
/5",30 May 2024
Tiket Masuk Candi Prambanan,AK,"Nice Happy full, Amazing beatifuly candi prambanan","5,0
/5",30 May 2024
Tiket Masuk Candi Prambanan,Mufarrahah Tul Jannah,"kesana pas hari Minggu, excited banget karna ternyata bisa masuk ke dalam candi nya🥰🥰🥰","5,0
/5",30 May 2024
Tiket Masuk Candi Prambanan,Kasim Chandra,Proses penukaran tiket cepat. Candi juga masih terawat. Harga souvernir cukup murah,"5,0
/5",30 May 2024
Tiket Masuk Candi Prambanan,FAJAR RIZZKI JUNIANDIKA,seru banget pokonya,"5,0
/5",30 May 2024
Tiket Masuk Candi Prambanan,RM,Oke tidak ada masalah,"5,0
/5",30 May 2024
Tiket Masuk Candi Prambanan,MD,lebih cepat daripada beli tiket OTS. tidak antriii,"5,0
/5",29 May 2024
Tiket Masuk Candi Prambanan,NR,"Menyenangkan, mudah pesan tiket masuk prambanan melalui tiket.com","5,0
/5",29 May 2024
Tiket Masuk Candi Prambanan,Tonus Sebastian,Fantastic and beautifully,"5,0
/5",29 May 2024
Tiket Masuk Candi Prambanan,AR,Selalu rame ke tempat sejarah sejarah begini,"5,0
/5",29 May 2024
Tiket Masuk Candi Prambanan,SS,ga perlu antri dan dapat diskon,"5,0
/5",28 May 2024
Tiket Masuk Candi Prambanan,BA,Seru bgtt bisa belajar budaya dan sejarah candi prambanan. Recommended bangett!!,"5,0
/5",28 May 2024
Tiket Masuk Candi Prambanan,Yusi Triany Sinaga,Cara redeem tiket sangat mudah karena ada mesin khusus jadi tidak perlu antri lama,"5,0
/5",28 May 2024
Tiket Masuk Candi Prambanan,FF,MUDAH BGT PEMBELIAN DISINI TINGGAL KE KASIR TUNJUKKIN BARCODE LANGSUNG MASUK DEH,"5,0
/5",27 May 2024
Tiket Masuk Candi Prambanan,RH,Ketika ke jogja wajib di kunjungi,"5,0
/5",27 May 2024
Tiket Masuk Candi Prambanan,Tirta Ningtyas Alifia Putri Sutaji,"Bagus, ga pake ngantri, harga tiketnya lebih murah.","5,0
/5",27 May 2024
Tiket Masuk Candi Prambanan,Tirta Ningtyas Alifia Putri Sutaji,Dapet lebih murah daripasa beli langsung,"5,0
/5",27 May 2024
Tiket Masuk Candi Prambanan,Sri Devi Nur Rahma,Salah satu tempat wisata yang menarik untuk di kunjungi,"5,0
/5",26 May 2024
Tiket Masuk Candi Prambanan,Niky Ayu Lestari,Seru banget! Spot yang family friendly.,"5,0
/5",26 May 2024
Tiket Masuk Candi Prambanan,Yohanes Angga Apriliyanto,When I went to Prambanan Im so very happy because Prambanan having a beautiful view and having best facilty.,"5,0
/5",25 May 2024
Tiket Masuk Candi Prambanan,Sunitha Mardha Lingga,"Lumayan rame, sekedar saran harusnya menyediakan mobil wisata gratis untuk lansia, ataupun orang yg dengan kebutuhan khusus susah jalan,karena dari pintu masuk menuju gerbang candi itu lumayan kauh, s...","5,0
/5",25 May 2024
Tiket Masuk Candi Prambanan,Vincent Chadwick,"We bought the ticket in advance making it easy to gain quick access to the site. There are local guides inside you can hire for Rp150k an hour, well worth it making it more interesting to understand t...","5,0
/5",23 May 2024
Tiket Masuk Candi Prambanan,Muhammad Naufal Adly,pesan tiket dari tiket.com lebih baik karena bisa diberikan diskon dan antriannya berbeda,"5,0
/5",22 May 2024
Tiket Masuk Candi Prambanan,Vinsensius Tri Riyanto,"Awalnya ragu bisa atau nggak, ternyata bisa valid dan lebih murah juga","5,0
/5",22 May 2024
Tiket Masuk Candi Prambanan,DW,"Dapet harga promo cuma 12rb 2 orang, kerennn","5,0
/5",21 May 2024
Tiket Masuk Candi Prambanan,RN,"Instant, gak perlu antri, gak pake lama","5,0
/5",19 May 2024
Tiket Masuk Candi Prambanan,Prasasti Perangin Angin,"Luar biasa, terus pertahankan kebersihan dan menjaga","5,0
/5",19 May 2024
Tiket Masuk Candi Prambanan,Hartika Tika,Bagus sekali..i dah dan bnyk mengantung cerita. Anak suka dan ada visual audio juga,"5,0
/5",18 May 2024
Tiket Masuk Candi Prambanan,Nada Suraya Br Barus,🥰🥰 Review........... . ........ ..,"5,0
/5",18 May 2024
Tiket Masuk Candi Prambanan,RIA PUSPITASARI,I like top sudah yg kesekian kalinya ke tempat ini,"5,0
/5",18 May 2024
Tiket Masuk Candi Prambanan,Sudiarto Nainggolan,Good good good good good good good good good good,"5,0
/5",18 May 2024
Tiket Masuk Candi Prambanan,Huzaifah Ambadar,Instagramable dan salah satu destinasi wisata yang tak terlupakan,"5,0
/5",17 May 2024
Tiket Masuk Candi Prambanan,AA,"Beli tiket di tiket.com enak banget ada diskon aplikasi, dan bisa gunain point yang ada.. jadi bisa lebih murah","5,0
/5",17 May 2024
Tiket Masuk Candi Prambanan,AN,Menyenangkan untuk berlibur bersama keluargaa,"5,0
/5",17 May 2024
Tiket Masuk Candi Prambanan,IW,"Goodddd beli pake ini gaperlu antri2 lagi, langsung masuk","5,0
/5",16 May 2024
Tiket Masuk Candi Prambanan,Dewi Riesna Dinawaty,"Keren, bersih, tapi panas. Terus kalo kesini jangan cuma ke candi Prambanan nya aja ke candi sewu dll juga, karena udah termasuk diharga tiketnya","5,0
/5",16 May 2024
Tiket Masuk Candi Prambanan,Tazmira Alvrysita,"SERU BANGETTTT, datengnya tuh pagi2 sekitar set8 udah di candi orambanan. Terus foto2 dan liat2 baca sejarahnya!! Seru sekali!! Gampang juga beli tiket pake tiketcom yuhu","5,0
/5",16 May 2024
Tiket Masuk Candi Prambanan,Gatot Tri Wahyu Mulia,"Lumayan beli di tiket.com jadi gak antri panjang, tinggal scan","5,0
/5",16 May 2024
Tiket Masuk Candi Prambanan,Fajar Primazona amdarso,"Lebih enak beli pakai ota seperti tiket.com, ada loket antrian sendiri. Praktis daripada ngantri seperti yg lain. Sangat bermanfaat saat kamu datang dibelakang rombongan study tour","5,0
/5",15 May 2024
Tiket Masuk Candi Prambanan,Ade Priaman,"Pengalaman berharga bisa jalan-jalan bersama keluarga, dengan kemudahan layanan online tiket.com","5,0
/5",15 May 2024
Tiket Masuk Candi Prambanan,GINA AMALIA,"Fantastic, tempat bersih, ada toilet","5,0
/5",15 May 2024
Tiket Masuk Candi Prambanan,Yuda Pratama Syaeful Mihdar,"Jadi lebih mudah utk checkin, tidak perlu antri lama","5,0
/5",15 May 2024
Tiket Masuk Candi Prambanan,PD,Wah beli tiket online memudahkan banget dan ga perlu antri panjang. Candi Prambanan atau Candi Roro Jonggrang. (Candi Prambanan) adalah kompleks candi Hindu (Syiwa) terbesar di Indonesia yang dibangun...,"5,0
/5",15 May 2024
Tiket Masuk Candi Prambanan,ES,"Cepet proses nya, sama dibantuin petugasnya","5,0
/5",15 May 2024
Tiket Masuk Candi Prambanan,DP,"Enak tidak perlu antri, diarahkan sendiri ke loket yg memang bookingnya pake apk 😊","5,0
/5",14 May 2024
Tiket Masuk Candi Prambanan,Dewi Astanarita Spd,Anak2 senang bisa ke tempat beesejarah di indonesia dan slaah satu keajaiban dunia,"5,0
/5",14 May 2024
Tiket Masuk Candi Prambanan,AM,Gpod good good good good good good,"5,0
/5",14 May 2024
Tiket Masuk Candi Prambanan,UK,Mantap... Beli tiket disini dapet potongan up to 50% 😍,"5,0
/5",13 May 2024
Tiket Masuk Candi Prambanan,Candra Argadinata,Memudahkan pemesanan tiket ke prambanan,"5,0
/5",13 May 2024
Tiket Masuk Candi Prambanan,AP,Tempanya bagus dan bersih,"5,0
/5",13 May 2024
Tiket Masuk Candi Prambanan,BB,"Seru, menarik, menyenangkan","5,0
/5",12 May 2024
Tiket Masuk Candi Prambanan,Lusi Agata,Sewa sepedanya tutupnya kecepetan,"5,0
/5",11 May 2024
Tiket Masuk Candi Prambanan,Nabilah Egi Okfasyah,Dapat potongan harga,"5,0
/5",10 May 2024
Tiket Masuk Candi Prambanan,RA,Seru untuk liburan keluarga kebetulan melihat pemandangan sunset karna berkunjung di sore hari,"5,0
/5",10 May 2024
Tiket Masuk Candi Prambanan,NP,Luburan yg menyenangkan,"5,0
/5",9 May 2024
Tiket Masuk Candi Prambanan,Ahmad Syahroni,"Cepet ga harus antri, sedikit lebih murah","5,0
/5",8 May 2024
Tiket Masuk Candi Prambanan,LL,"Pengalaman menarik, tempat seru","5,0
/5",7 May 2024
Tiket Masuk Candi Prambanan,TJ,"Pengalaman menarik, tempat seru","5,0
/5",7 May 2024
Tiket Masuk Candi Prambanan,TR,Tiket online langsung bisa dicetak dan digunakan,"5,0
/5",6 May 2024
Tiket Masuk Candi Prambanan,Novi Agustina,"Bagus pemandangan, cocok bawa keluarga teman","5,0
/5",5 May 2024
Tiket Masuk Candi Prambanan,DA,Murah meriah dibandingkan beli tiket on the spot,"5,0
/5",4 May 2024
Tiket Masuk Candi Prambanan,Herlan Widayana,Bagus... lumayan harganya lebih ngirit 5-10rb. Kalau pas ramai ngebantu banget tiket online. Kalau pas hari biasa ga terlalu ngebantu.,"5,0
/5",3 May 2024
Tiket Masuk Candi Prambanan,riri akhiriani,"Oke bgt,ga perlu antri langsung masuk","5,0
/5",3 May 2024
Tiket Masuk Candi Prambanan,KB,"keren , dan sangat memudahkan","5,0
/5",2 May 2024
Tiket Masuk Candi Prambanan,Edho Pratama,Alhamdulillah gratis masuk candi prambanan rendem point.. makasih tiket.com 😁,"5,0
/5",1 May 2024
Tiket Masuk Candi Prambanan,Ika Puspita,Bagus murah saya asli Wonosari g bisa move on sama.kota Yogya apapun tempat wisata nya,"5,0
/5",30 Apr 2024
Tiket Masuk Candi Prambanan,Rendita Permata,"memudahkan ,tanpa antri tinggal tukar di loket","5,0
/5",30 Apr 2024
Tiket Masuk Candi Prambanan,caca Widi,Anak aku suka bgt ksni dan lari* an,"5,0
/5",29 Apr 2024
Tiket Masuk Candi Prambanan,andika permana putra,Mantap Tidak perlu antri Nnti kesana lagi,"5,0
/5",29 Apr 2024
Tiket Masuk Candi Prambanan,Dwi Gusnindah,Okayyyyyyyyy bangettttttt kerennn tempatnyaaaa,"5,0
/5",29 Apr 2024
Tiket Masuk Candi Prambanan,SM,bagus bangatt rekomendasi buat liburan keluarga,"5,0
/5",27 Apr 2024
Tiket Masuk Candi Prambanan,Rintis Kurniawan,Akhirnya kesampaian juga ke candi prambanan yang sangat exotice di jawa. Candi ini memiliki keunikan tersendiri untuk menarik minat wisatawan asing ataupun domestik. Selain bangunan nya yg clasic arca...,"5,0
/5",26 Apr 2024
Tiket Masuk Candi Prambanan,SN,"Cocok untuk trip keluarga, fasilitas memadai dan mudah diakses","5,0
/5",26 Apr 2024
Tiket Masuk Candi Prambanan,MB,"Disarankan kesini membawa payung , disana sebetulnya juga disediakan payung untuk disewakan.","5,0
/5",26 Apr 2024
Tiket Masuk Candi Prambanan,AR,"Pelayanannya cepat, ada di loket 1","5,0
/5",25 Apr 2024
Tiket Masuk Candi Prambanan,Asyafa umayah,"seru bgt backpakeran sendiri ke candi prambanan, soom aku bakal upload review ku di youtube ya. jangan lupa nonton","5,0
/5",25 Apr 2024
Tiket Masuk Candi Prambanan,AN,Nyaman untuk liburan bersama keluarga.,"5,0
/5",25 Apr 2024
Tiket Masuk Candi Prambanan,DN,"Pembelian tiket sangat mudah dan praktis. Jangan lupa begitu sampai tempat, e-tiket perlu ditukar terlebih dahulu ya! Thanks Tiket!","5,0
/5",25 Apr 2024
Tiket Masuk Candi Prambanan,ES,"Sat set sat set banget, soalnya untuk penukaran tiket online jalurnya pisah sama beli offline","5,0
/5",25 Apr 2024
Tiket Masuk Candi Prambanan,NY,Pengalaman yang menyenangkan👍🏻👍🏻👍🏻👍🏻,"5,0
/5",25 Apr 2024
Tiket Masuk Candi Prambanan,MI,Cocok banget untuk refrensi liburan bareng keluarga,"5,0
/5",24 Apr 2024
Tiket Masuk Candi Prambanan,Hotma Aruan,Untuk beli tiket online dari tiket.com sangat cepat dan nyaman,"5,0
/5",24 Apr 2024
Tiket Masuk Candi Prambanan,Rahmat Yudianto,Produknya simple dan memudahkan customer dalam memilih destinasi yg di tawarkan....,"5,0
/5",23 Apr 2024
Tiket Masuk Candi Prambanan,Adhela Santa,Seperti sejarah indah,"5,0
/5",23 Apr 2024
Tiket Masuk Candi Prambanan,Euis inta yulanda,"Tour guide nya ramah, tempat nya bersih dan harga tiket murah bisa dimasukin semua area tanpa harus membedakan golongan apa,👍🏻","5,0
/5",22 Apr 2024
Tiket Masuk Candi Prambanan,Rini Handayani,"Ok, lebih murah drpd beli d counter lgsg","5,0
/5",22 Apr 2024
Tiket Masuk Candi Prambanan,FR,Terbaik pokinya gercep suka sekali......,"5,0
/5",22 Apr 2024
Tiket Masuk Candi Prambanan,HS,Pemandangannya bagus,"5,0
/5",22 Apr 2024
Tiket Masuk Candi Prambanan,Dwi Ananto,Perjalanan yang menyenangkan,"5,0
/5",22 Apr 2024
Tiket Masuk Candi Prambanan,GT,Keren bgt tempatnya suka,"5,0
/5",21 Apr 2024
Tiket Masuk Candi Prambanan,Dian Sulayman,"Harga tiket masuk yg dijual di tiket.com sama on the spot cuma beda sedikit tapi sebaiknya beli di tiket.com aja untuk menghindari antrian di loket. Candi prambanan,tempat yg seru buat mengenal lebih ...","5,0
/5",21 Apr 2024
Tiket Masuk Candi Prambanan,A,Mantab untuk pemesanan tiket melalui ticket.com mudah + ada diskon,"5,0
/5",21 Apr 2024
Tiket Masuk Candi Prambanan,Muhammad Ridho Fahrezi,good mantap sekali boskuhhhhh mangaaappp,"5,0
/5",20 Apr 2024
Tiket Masuk Candi Prambanan,Cut Amelia,Bagus sekali Tempat wisata yang menarik,"5,0
/5",19 Apr 2024
Tiket Masuk Candi Prambanan,Tina Hadiyanti,Keren bangetttt! Next mau kesini lagii tapi kayanya mau pagi2 biar ngga terlalu panas,"5,0
/5",19 Apr 2024
Tiket Masuk Candi Prambanan,RD,Bagus cuman panas sekali,"5,0
/5",19 Apr 2024
Tiket Masuk Candi Prambanan,Tukul Rohadi Romdan,Menambah wawasan untuk anak anak,"5,0
/5",18 Apr 2024
Tiket Masuk Candi Prambanan,Dedah Jubaedah,Hrg tiket lebih murah di tiket.com Terima kasih,"5,0
/5",18 Apr 2024
Tiket Masuk Candi Prambanan,Yosi Ariyanto,"Ok banget , baik, bagus, cuma panas 😁😁😁","5,0
/5",18 Apr 2024
Tiket Masuk Candi Prambanan,raka junika adhiyanto,Sangat bagus tempatnya dan pelayanan ramah,"5,0
/5",18 Apr 2024
Tiket Masuk Candi Prambanan,Amalia Amalia,Worth it. Bagus untuk piknik keluarga. Disarankan sewa payung ya biar ngga kepanasan.,"5,0
/5",18 Apr 2024
Tiket Masuk Candi Prambanan,Inradona Simamora,Good banget pokoknya,"5,0
/5",18 Apr 2024
Tiket Masuk Candi Prambanan,Eka Yulianti,cakeup dan gampang bgtt+lebih murah,"5,0
/5",18 Apr 2024
Tiket Masuk Candi Prambanan,BM,Tiket lebih murah daripada beli di lokasi. Tiba di prambanan tinggal tunjukkan eticket utk mendapatkan barcode utk akses masuk ke pelataran candi.,"5,0
/5",17 Apr 2024
Tiket Masuk Candi Prambanan,PJ,Ticket murah dapat discount dari tiket.con,"5,0
/5",17 Apr 2024
Tiket Masuk Candi Prambanan,DIDIT SETYAWAN,Berbeda dan Jauh Lebih Bagus dibanding 10 tahun lalu,"5,0
/5",17 Apr 2024
Tiket Masuk Candi Prambanan,Mustaqimah Mustaqimah,Gampang banget masuk cuma tinggal scan saja gak pake antri,"5,0
/5",17 Apr 2024
Tiket Masuk Candi Prambanan,NU,Cooool place to visit witj your family.,"5,0
/5",17 Apr 2024
Tiket Masuk Candi Prambanan,ROMAULI FERONICA SIREGAR,Mantuls cuman kalo high season rame banget guys. Panas juga hehe,"5,0
/5",16 Apr 2024
Tiket Masuk Candi Prambanan,Daniel Natalo,"Seharusnya bisa cepat, tapi pelayanan diprambanannya yg kurang bagus","5,0
/5",16 Apr 2024
Tiket Masuk Candi Prambanan,Dini Paramusita,"Liburan di Candi Prambanan cocok banget buat keluarga. Selain tiket masuknya yg ramah di kantong, juga fasilitas dan keindahan di area candi Prambanan itu sempurna banget. Pokoknya candi Prambanan har...","5,0
/5",16 Apr 2024
Tiket Masuk Candi Prambanan,EM,"Kawasan candi bersih, banyak jual makanan, bangunannya legend","5,0
/5",15 Apr 2024
Tiket Masuk Candi Prambanan,TR,keren jadi gaperlu antrii deeh karena beli tiket di sini,"5,0
/5",15 Apr 2024
Tiket Masuk Candi Prambanan,MR,"Mudah cara pemesanan nya dan penukaran tiket nya tidak perlu antri, semua jadi senang. 😀😀😀","5,0
/5",15 Apr 2024
Tiket Masuk Candi Prambanan,TT,"Keren banget, baru pertama kali kesini, harus bawa topi atau payung","5,0
/5",14 Apr 2024
Tiket Masuk Candi Prambanan,VW,tiket lebih murah daripada beli di tempat,"5,0
/5",14 Apr 2024
Tiket Masuk Candi Prambanan,Andriano C,Proses mudah dengan barcode,"5,0
/5",13 Apr 2024
Tiket Masuk Candi Prambanan,ALBERT LOUIS HANJAYA,Penukaran tiket dangat cepat,"5,0
/5",13 Apr 2024
Tiket Masuk Candi Prambanan,Awiek Buchori,Pembelian dan penukaran tiket sangatlah mudah,"5,0
/5",13 Apr 2024
Tiket Masuk Candi Prambanan,Umi Nabilah,Gampang ga perlu antre antre lagi,"5,0
/5",13 Apr 2024
Tiket Masuk Candi Prambanan,Felicia Novita,"Gampang caranya, cepat prosesnya, hrg lbh murah","5,0
/5",13 Apr 2024
Tiket Masuk Candi Prambanan,AS,"bersih, ramah, tenang","5,0
/5",11 Apr 2024
Tiket Masuk Candi Prambanan,Nella Shaga Nurfadillah,"Tiket lebih murah drpada beli di conternya Sepi pengunjung krna bulan puasa, Bersih, Staffnya ramah","5,0
/5",4 Apr 2024
Tiket Masuk Candi Prambanan,JD,"Bisa belajar budaya di sini , candi masih terawat","5,0
/5",4 Apr 2024
Tiket Masuk Candi Prambanan,JF,"Bersih , nyaman recomended cuma kesini jangan lupa bawa topi","5,0
/5",4 Apr 2024
Tiket Masuk Candi Prambanan,JH,"List salah satu main kalo ke jogja , luas banget tempatnya bersih","5,0
/5",4 Apr 2024
Tiket Masuk Candi Prambanan,Jogja Travel C,Recomended buat masukin list liburan di jogja bisa naik trans jogja kesini,"5,0
/5",4 Apr 2024
Tiket Masuk Candi Prambanan,JG,Kesini sama doi capek tempat luas banget tapi untung ada tersedia tempat buat pijat,"5,0
/5",4 Apr 2024
Tiket Masuk Candi Prambanan,JE,"Bagus , bersih , tempat luas jadi yg suka jalan"" cocok sekalian olahraga hehe","5,0
/5",4 Apr 2024
Tiket Masuk Candi Prambanan,JJ,"Ada jual paket semua gaes , dijamin bagus tempatnya bersih","5,0
/5",4 Apr 2024
Tiket Masuk Candi Prambanan,JI,"Enak banget , maskipun agak panas tempatnya","5,0
/5",4 Apr 2024
Tiket Masuk Candi Prambanan,Rungkat Rungkat,Walaupun agak sedikit panas cuacanya ada tersedi sepeda listrik jadi seru,"5,0
/5",4 Apr 2024
Tiket Masuk Candi Prambanan,Jogja Travel B,"Recomended banget buat yg liburan , tempat bersih nyaman","5,0
/5",4 Apr 2024
Tiket Masuk Candi Prambanan,NT,"Mudah utk redeem tiket, harga kompetitif, good!","5,0
/5",3 Apr 2024
Tiket Masuk Candi Prambanan,Yoane Putri Raffeza,Seru banget ga terlalu rame karena bulan ramadhan,"5,0
/5",31 Mar 2024
Tiket Masuk Candi Prambanan,DB,"Akhirnya bs ke tempat salah satu ke ajaiban dunia!, feel so blessed 😇🥰","5,0
/5",31 Mar 2024
Tiket Masuk Candi Prambanan,JA,"Tempat bersih , nyaman , recomended , cantik poll","5,0
/5",30 Mar 2024
Tiket Masuk Candi Prambanan,CF,Study tour kesini seru bisa belajar tentang budaya,"5,0
/5",28 Mar 2024
Tiket Masuk Candi Prambanan,CG,Aku kira bakalan boring tapi kesini seru juga tempat bersih dan nyaman,"5,0
/5",28 Mar 2024
Tiket Masuk Candi Prambanan,CI,"Gak mengecewakan , suka lagi sama tempat budaya next bisa jadi list temoat liburan dengan keluarga","5,0
/5",28 Mar 2024
Tiket Masuk Candi Prambanan,Canada A,"Lebih murah , lumayan itung itung gratis bayar parkir nya","5,0
/5",28 Mar 2024
Tiket Masuk Candi Prambanan,YW,"Oke tempat bagus , bersih , mau lagi nanti datang kesini 💚","5,0
/5",28 Mar 2024
Tiket Masuk Candi Prambanan,Canada B,"Lebih murah , lumayan itung itung gratis bayar parkir nya","5,0
/5",28 Mar 2024
Tiket Masuk Candi Prambanan,Canada C,"Lebih murah , lumayan itung itung gratis bayar parkir nya","5,0
/5",28 Mar 2024
Tiket Masuk Candi Prambanan,Canada D,"Lebih murah , lumayan itung itung gratis bayar parkir nya","5,0
/5",28 Mar 2024
Tiket Masuk Candi Prambanan,Canada E,"Lebih murah , lumayan itung itung gratis bayar parkir nya","5,0
/5",28 Mar 2024
Tiket Masuk Candi Prambanan,Mustofa Nasrulloh,"Lebih murah , lumayan itung itung gratis bayar parkir nya","5,0
/5",28 Mar 2024
Tiket Masuk Candi Prambanan,Canada H,"Lebih murah , lumayan itung itung gratis bayar parkir nya","5,0
/5",28 Mar 2024
Tiket Masuk Candi Prambanan,Steven Suryana Pringgoraharjo,Proses mudah dan cepat,"5,0
/5",27 Mar 2024
Tiket Masuk Candi Prambanan,sarma simanjuntak,"Keren banget, perginya waktu 1 hari sebelum nyepi soooo aku dapat perayaan umat hindu utk menyambut nyepi","5,0
/5",20 Mar 2024
Tiket Masuk Candi Prambanan,RS,Pengalaman menarik dengan view yang unik,"5,0
/5",19 Mar 2024
Tiket Masuk Candi Prambanan,AG,"Bagus , teratur , nyaman","5,0
/5",19 Mar 2024
Tiket Masuk Candi Prambanan,Ike Sulaili Sofiyanti,"Bagus bgt, tp udaranya panas saran bawa payung atau topi. Jgn lupa sunblock ya","5,0
/5",17 Mar 2024
Tiket Masuk Candi Prambanan,SA,Enakkkkkkkkkkkkk bgtttttttttt nanti kesini lagiiiiiiiiiiiii,"5,0
/5",16 Mar 2024
Tiket Masuk Candi Prambanan,Arinda Romita Siregar,Cepat di proses refund karna tutup,"5,0
/5",16 Mar 2024
Tiket Masuk Candi Prambanan,Jamaludin Jamaludin,Ok......................................,"5,0
/5",16 Mar 2024
Tiket Masuk Candi Prambanan,WN,Suka banget tapi panas but okelah,"5,0
/5",15 Mar 2024
Tiket Masuk Candi Prambanan,RS,Bagus banget candi2nya masih berdirinkokoh,"5,0
/5",15 Mar 2024
Tiket Masuk Candi Prambanan,VN,Wisata sejarah yang bagus. Fasilitas di dalam kompleks candi sudah semakin lengkap. Banyak juga tempat permainan untuk anak-anak yang berbayar.,"5,0
/5",15 Mar 2024
Tiket Masuk Candi Prambanan,Daisy Simangunsong,Lebih oke pakai tour guide,"5,0
/5",14 Mar 2024
Tiket Masuk Candi Prambanan,Melinda Muna Al Fateh,"Jogja istimewa, mesantiket untuk berlibur ya di tikey.com aja, liburan menarik, harga terjangkau, banyak bonusnya","5,0
/5",13 Mar 2024
Tiket Masuk Candi Prambanan,JP,"Great places! Komplek Candi yang sangat luas , bisa menyewa sepeda / skuter listrik / mobil listrik untuk mengitari sekitar komplek candi yang sangat menakjubkan","5,0
/5",13 Mar 2024
Tiket Masuk Candi Prambanan,santi silviana,Bagus banget san kondisi pada saat kesana sedang cerah,"5,0
/5",12 Mar 2024
Tiket Masuk Candi Prambanan,Agung Pratama,Keren tempat wisata edukasi,"5,0
/5",10 Mar 2024
Tiket Masuk Candi Prambanan,INDRA JINOVA SURBAKTI,Nzjskwowowooqow jsjwmdmskdn,"5,0
/5",9 Mar 2024
Tiket Masuk Candi Prambanan,FA,"Cepat tanpa perlu antre, harga lebih murah.","5,0
/5",4 Mar 2024
Tiket Masuk Candi Prambanan,DR,Goooooooooodddds.........................,"5,0
/5",4 Mar 2024
Tiket Masuk Candi Prambanan,Yanuar Eko Nugroho,Mudah & dapat potongan harga,"5,0
/5",4 Mar 2024
Tiket Masuk Candi Prambanan,Mutiara Insani,Gak bisa berword-word 😍,"5,0
/5",3 Mar 2024
Tiket Masuk Candi Prambanan,Zaib Madani Rachman,Sangat menyenangkn bisa berlibur dengan pasangan,"5,0
/5",28 Feb 2024
Tiket Masuk Candi Prambanan,AM,Perjalanan yang sangat menyenangkan aplikasi mudah digunakan dapat bayar lewat apapun bisa cari tiket saat mendadak,"5,0
/5",28 Feb 2024
Tiket Masuk Candi Prambanan,husnatul fauziah,bagus banget . pelayanan juga ramah . tempat oleh oleh harga terjangkau,"5,0
/5",25 Feb 2024
Tiket Masuk Candi Prambanan,Ira Dwi Pratiwi,Mempermudah membelian tiket ga pake antri,"5,0
/5",25 Feb 2024
Tiket Masuk Candi Prambanan,Nur Intan Meilany,"Membeli tiket dadakan di hari H. Harga lebih murah, tidak perlu mengantri panjang dan prosesnya mudah","5,0
/5",23 Feb 2024
Tiket Masuk Candi Prambanan,Arina Pramudita,Kemudahan pesan tiket di dalam genggaman,"5,0
/5",23 Feb 2024
Tiket Masuk Candi Prambanan,Arina Pramudita,"cepat, mudah dan ada promonya 😆","5,0
/5",23 Feb 2024
Tiket Masuk Candi Prambanan,Widya Chandra,Kereennnn banggeertt,"5,0
/5",23 Feb 2024
Tiket Masuk Candi Prambanan,DP,"Prambanan semakin bersih dan tertata. Untuk yang bawa anak anak dan orang tua atau difable, tenang saja ada pilihan mobil golf yg Bisa mengantar hanya dengan membayar 200.000 rupiah per mobil (maksima...","5,0
/5",23 Feb 2024
Tiket Masuk Candi Prambanan,Annisa Nurjanah,Pesan tiket disini enak banget satset satset langsung masuk tanpa perlu antri di loket,"5,0
/5",22 Feb 2024
Tiket Masuk Candi Prambanan,LL,Aplikasi paling gsmpang,"5,0
/5",22 Feb 2024
Tiket Masuk Candi Prambanan,VC,Gampang bgt tinggal tunjukkan qr code yg ud dibeli di tiket dan lgsg discan sama kakak di depan prambanan. Ud deh masuk👍,"5,0
/5",21 Feb 2024
Tiket Masuk Candi Prambanan,RP,"Seruuu, murah murah untuk oleh2 nya","5,0
/5",20 Feb 2024
Tiket Masuk Candi Prambanan,novita maghfiroh novita maghfiroh,"Cakeppp bgt mashaallah ,dapet harga super murah di tiket.com,,udah gitu byk voucher diskon,super mantappp..","5,0
/5",20 Feb 2024
Tiket Masuk Candi Prambanan,Rahmat Wibowo,Murah sedikit dibanding beli on the spot. Nyampe langsung scan barcode untuk cetak tiket dan dibantuin sama petugasnya. Terus check in deh masuk ke Candi. Awalnya beberapa kali barcode tiketnya nggak ...,"5,0
/5",20 Feb 2024
Tiket Masuk Candi Prambanan,SEPTI HANDAYANI,Amazing prambanan temple,"5,0
/5",20 Feb 2024
Tiket Masuk Candi Prambanan,Nur Aliandi Irawan,"Terbaik , best nggak kaleng-kaleng","5,0
/5",20 Feb 2024
Tiket Masuk Candi Prambanan,Dinda Aliya,Okkkkkkkk bgt si hmm,"5,0
/5",20 Feb 2024
Tiket Masuk Candi Prambanan,Mullisna Novia Setianti,Mudah sekali menggunakan tiketcom,"5,0
/5",20 Feb 2024
Tiket Masuk Candi Prambanan,Titin Marliana,seru banget dan adem,"5,0
/5",20 Feb 2024
Tiket Masuk Candi Prambanan,Yandi Nopriyansyah,Good place to spent time alone,"5,0
/5",19 Feb 2024
Tiket Masuk Candi Prambanan,AL,"Bagussss, nice place","5,0
/5",19 Feb 2024
Tiket Masuk Candi Prambanan,DP,Good gak usah kelamaan antre di loket,"5,0
/5",18 Feb 2024
Tiket Masuk Candi Prambanan,Elza Novi Pertiwi,Pengalaman pertama ke prambanan,"5,0
/5",18 Feb 2024
Tiket Masuk Candi Prambanan,Intan Agusti Permatasari,"Super cepat sekali tanpa perlu antri diloket tinggal scan langsung masuk, thx sudah memudahkan","5,0
/5",18 Feb 2024
Tiket Masuk Candi Prambanan,Rosy Lumintang,Pas datang kesini pas ada pertunjukaann alhamdulillahhh,"5,0
/5",18 Feb 2024
Tiket Masuk Candi Prambanan,BS,mantapppppp syekali dah,"5,0
/5",17 Feb 2024
Tiket Masuk Candi Prambanan,TG,"Cocok untuk liburan solo ataupun keluarga, suasana yg nyaman dan tenang","5,0
/5",17 Feb 2024
Tiket Masuk Candi Prambanan,tedi darmawan,Good tempat strategis,"5,0
/5",17 Feb 2024
Tiket Masuk Candi Prambanan,Dede Hidayat,"Amazing experience vacation with family,","5,0
/5",17 Feb 2024
Tiket Masuk Candi Prambanan,Heru Hermawan,Beli di tiket.com lebih murah & mudah,"5,0
/5",17 Feb 2024
Tiket Masuk Candi Prambanan,Farah Miriam,"Lebih cepet prosesnya, cuma staff yg dicandi kurang banyak, jd ttp antri.","5,0
/5",16 Feb 2024
Tiket Masuk Candi Prambanan,MS,"So fun keliling-keliling Prambanan, Will be back soon!!","5,0
/5",16 Feb 2024
Tiket Masuk Candi Prambanan,AS,Budaya indonesia memang sangat keren,"5,0
/5",16 Feb 2024
Tiket Masuk Candi Prambanan,Dwi Astuty Salinsihe,Prosesnya jadi lebih cepat,"5,0
/5",16 Feb 2024
Tiket Masuk Candi Prambanan,SN,"had so much fun, great experience!","5,0
/5",16 Feb 2024
Tiket Masuk Candi Prambanan,Iman setiawan,"Pesen tiket di tiket.com mempermudah perjalanan, terimakasih tiket.com","5,0
/5",16 Feb 2024
Tiket Masuk Candi Prambanan,Isma Ramadhanti,👍👍👍bagusssssssssssssssssssssssssssssssss,"5,0
/5",16 Feb 2024
Tiket Masuk Candi Prambanan,Yunus Maherlin,"Bagus, cepat, tidak ngantri","5,0
/5",16 Feb 2024
Tiket Masuk Candi Prambanan,Pri Cillya,"selalu menyenangkan ke prambanan, tempatnya sangat bersih dan terawat. berkali kali ke prambanan selalu puas","5,0
/5",15 Feb 2024
Tiket Masuk Candi Prambanan,Alif Akbar,"👍👍👍👍👍👍👍,............","5,0
/5",15 Feb 2024
Tiket Masuk Candi Prambanan,NURUL AFIFAH,App nya gampang d akses,"5,0
/5",15 Feb 2024
Tiket Masuk Candi Prambanan,WV,"Hotelnya bagus, viewnya cantik, gabung ng jwalk parkir basementnya, liftnya hanya muat 4org dan barang, parkir gratis klo dpt stempel hotel, pelayanan staff ramah","5,0
/5",15 Feb 2024
Tiket Masuk Candi Prambanan,Bela Aldama,"Mantap,asik, poko nya view nya oke banget","5,0
/5",15 Feb 2024
Tiket Masuk Candi Prambanan,LM,"Menyenangkan, candi yang bagus","5,0
/5",14 Feb 2024
Tiket Masuk Candi Prambanan,Jilan Nuzul Atmam Herpiana,cepat dan mudah untuk akses masuk ke prambanan,"5,0
/5",14 Feb 2024
Tiket Masuk Candi Prambanan,ES,Bagus tapi panasss baget,"5,0
/5",14 Feb 2024
Tiket Masuk Candi Prambanan,Raden Roro Widya Astuti,"wisata top yg bisa buat edukasi juga 😉 namun disayangkan dilokasi gak ada yg jual minuman. Padahal saat masuk gk diperbolehkan bawa minum, dan kl siang panasnya luar biasa.","5,0
/5",14 Feb 2024
Tiket Masuk Candi Prambanan,Siti Nur Diniyanti,baguss rame panas tp menyenangkan,"5,0
/5",14 Feb 2024
Tiket Masuk Candi Prambanan,AP,Oklah biat rame2 jadi ga antri panjang untuk masuk walaupun maksimaal pesan cima 10 tiket masuk.,"5,0
/5",14 Feb 2024
Tiket Masuk Candi Prambanan,AP,Ok lahhh buat pergi rame rame dan liburan buat keluarga dan tidak antri lagi masuknya,"5,0
/5",14 Feb 2024
Tiket Masuk Candi Prambanan,Sahara Salsabila,Pengalaman liburan menyenangkan,"5,0
/5",13 Feb 2024
Tiket Masuk Candi Prambanan,Rony Setiawan,Good candi prambanan,"5,0
/5",13 Feb 2024
Tiket Masuk Candi Prambanan,US,Kereeeen bgttt sukaa dan luvvv,"5,0
/5",13 Feb 2024
Tiket Masuk Candi Prambanan,Adimas Santoso,Praktis dan cepat....,"5,0
/5",13 Feb 2024
Tiket Masuk Candi Prambanan,AS,Praktis dan cepat...,"5,0
/5",13 Feb 2024
Tiket Masuk Candi Prambanan,JN,Baik tidak perlu antri lamgsung cetak tiket,"5,0
/5",13 Feb 2024
Tiket Masuk Candi Prambanan,ERNI SETIANINGRUM,Luar biasa pelayanan melalui online tidak perlu ribet dan antri tiket yang panjang apalagi jika musim liburan . Tinggal klik maka masalah terpecahkan.,"5,0
/5",13 Feb 2024
Tiket Masuk Candi Prambanan,Indria Ningrum,Selain candi prambanan banyak candi2 bersejarah lainnya yg bisa kita pelajari,"5,0
/5",12 Feb 2024
Tiket Masuk Candi Prambanan,REMITA SAHAYANA MANALU,"Bagus ya, akses mudah dan gampang","5,0
/5",12 Feb 2024
Tiket Masuk Candi Prambanan,RR,"Pembelian cepat, aman, dan tidak ribet.. bisa beli pas hari H","5,0
/5",12 Feb 2024
Tiket Masuk Candi Prambanan,Catur Meya Fitriana,So pretty and love it there,"5,0
/5",12 Feb 2024
Tiket Masuk Candi Prambanan,Tantri handayani,cakepppppp mekah yuk 2024 kan,"5,0
/5",12 Feb 2024
Tiket Masuk Candi Prambanan,RA,"baru pertama ke prambanan, bagus banget vibesnya seperti di vietnam","5,0
/5",12 Feb 2024
Tiket Masuk Candi Prambanan,Cindy Coni Dayati,Cakepp bgt pemandangan nya Ga nyesel kesini tuuh,"5,0
/5",12 Feb 2024
Tiket Masuk Candi Prambanan,Andra saputra,"Sejauh ini ok,. Lebih praktis buat tour..","5,0
/5",11 Feb 2024
Tiket Masuk Candi Prambanan,IS,Amazing and wonderfull,"5,0
/5",11 Feb 2024
Tiket Masuk Candi Prambanan,RP,Bagus banget suasanyanya segar,"5,0
/5",9 Feb 2024
Tiket Masuk Candi Prambanan,MAYA ANDINI,banyak wisatanya selain candi,"5,0
/5",9 Feb 2024
Tiket Masuk Candi Prambanan,STEFAN GUNAWAN,Pemadangan bagus dan unik,"5,0
/5",7 Feb 2024
Tiket Masuk Candi Prambanan,EL,Kren dan luar biasa. Cocok untuk berkunjung bersama dengan keluarga,"5,0
/5",7 Feb 2024
Tiket Masuk Candi Prambanan,Sandra Irawan,"Good, kpn2 mau kesini lagi","5,0
/5",7 Feb 2024
Tiket Masuk Candi Prambanan,Mayang Safita,Seru karena bisa explore situs budaya yang menarik.,"5,0
/5",7 Feb 2024
Tiket Masuk Candi Prambanan,RA,"cepat pesan nya, bs langsung digunakan","5,0
/5",6 Feb 2024
Tiket Masuk Candi Prambanan,Natania Eklesia Laurence,"seruu, sesuai ekspektasi aku bangettt","5,0
/5",6 Feb 2024
Tiket Masuk Candi Prambanan,RP,Sangat2 lumayan lah pertamakalinya ke prambanan...,"5,0
/5",6 Feb 2024
Tiket Masuk Candi Prambanan,Andrian Putra Pratama,Okkkkkkk bangetttttttttttttt,"5,0
/5",3 Feb 2024
Tiket Masuk Candi Prambanan,Tuti alawiyah,Tidak perlu antri lagi,"5,0
/5",3 Feb 2024
Tiket Masuk Candi Prambanan,SW,Ok mantap bisa mengenal byk candi di prambanan dan tempatny luas,"5,0
/5",2 Feb 2024
Tiket Masuk Candi Prambanan,Dean Halim,Simple dan mudah petunjuk jelas,"5,0
/5",2 Feb 2024
Tiket Masuk Candi Prambanan,Rifa Fransiska Padlimah,Terbantu tanpa antre,"5,0
/5",1 Feb 2024
Tiket Masuk Candi Prambanan,AN,Tempatnya bagus untuk foto2,"5,0
/5",1 Feb 2024
Tiket Masuk Candi Prambanan,Achmad Taufik Ramadhan,"fast dan cepat, lebih mudah dan praktis","5,0
/5",31 Jan 2024
Tiket Masuk Candi Prambanan,Inneke Tulenan,keren banget anak anak happy,"5,0
/5",30 Jan 2024
Tiket Masuk Candi Prambanan,GC,pembelian mudah dan praktis,"5,0
/5",30 Jan 2024
Tiket Masuk Candi Prambanan,Kemal Taj,Mantapppp.. Seru.. Beli di Tiket.com lebih murah..,"5,0
/5",30 Jan 2024
Tiket Masuk Candi Prambanan,Cepy Agusty,Selalu ada cerita ketika di Prambanan yang penuh dengan sejarah,"5,0
/5",29 Jan 2024
Tiket Masuk Candi Prambanan,Ni Kadek Puspita Rani Swari,keren dan efisien sekali.,"5,0
/5",28 Jan 2024
Tiket Masuk Candi Prambanan,MH,Gòooooooòooooooooooooooooood,"5,0
/5",27 Jan 2024
Tiket Masuk Candi Prambanan,Sofia Amalia,seruuu gaterlalu panas karna ujan wkwk tp tetep panas,"5,0
/5",26 Jan 2024
Tiket Masuk Candi Prambanan,Bunga Amalina Ayu Pramesti,"Seruu bgt ,ada bapak2 yg motoin dan hasilnya bagus juga dan murahhh ,jd bisa buat kenang2 an","5,0
/5",26 Jan 2024
Tiket Masuk Candi Prambanan,RS,"Walaupun hujan, tapi tetap semangat menikmati pemandangan Candi Prambanan","5,0
/5",25 Jan 2024
Tiket Masuk Candi Prambanan,Aprilian Widyas Nur Akbar,Pelayanan cepat mudah efisien. Apalagi kalau pesen di disini dapet promo,"5,0
/5",25 Jan 2024
Tiket Masuk Candi Prambanan,Shinta Debora Pakpahan,Mantap sekali 👍🏻 Ingin berkunjung kembali 💛,"5,0
/5",25 Jan 2024
Tiket Masuk Candi Prambanan,Nunung Nurlaela,Bagus dan bersih tempatnya,"5,0
/5",24 Jan 2024
Tiket Masuk Candi Prambanan,Nunung Nurlaela,Bagus dan bersih tempatnya,"5,0
/5",24 Jan 2024
Tiket Masuk Candi Prambanan,DIRA KHAIRANI,---------‐-----------,"5,0
/5",23 Jan 2024
Tiket Masuk Candi Prambanan,Nurul Mardiyanti,Bagusss cepat dan mudah sekali,"5,0
/5",22 Jan 2024
Tiket Masuk Candi Prambanan,Hana Mirah Kristina,Bagus untuk anak2 belajar sejarah,"5,0
/5",21 Jan 2024
Tiket Masuk Candi Prambanan,Aryati Achmad,Ga perlu antri tinggal scan. Mudah dan cepat dan pastinya dapat diakon,"5,0
/5",20 Jan 2024
Tiket Masuk Candi Prambanan,Siti Mohani Puzianti,Great place! Tempat yang sangat menarik untuk di kunjungi.,"5,0
/5",19 Jan 2024
Tiket Masuk Candi Prambanan,Dita Andi Saputro,Mantab semoga bisa datang lg,"5,0
/5",19 Jan 2024
Tiket Masuk Candi Prambanan,Hanna Marthatya Hakim,"Ok, gak perlu ngantri lagi","5,0
/5",17 Jan 2024
Tiket Masuk Candi Prambanan,SN,"Bagus bangett dan luas, bersih juga dalamnya sangat terawat. Sangat cocok untuk wisatawan yang menyukai tentang kebudayaan","5,0
/5",17 Jan 2024
Tiket Masuk Candi Prambanan,KF,Menggunakan tiket. Com jadi lebih mudah,"5,0
/5",16 Jan 2024
Tiket Masuk Candi Prambanan,ferdy kusuma,"Kren bnget, 50rb udah bisa menjelajah sepuasnya, gokillll:-","5,0
/5",16 Jan 2024
Tiket Masuk Candi Prambanan,FS,"Beli tiket online lebih murah dan mudah saat penukarannya. Candi yg indah, sayang sedang hujan.","5,0
/5",16 Jan 2024
Tiket Masuk Candi Prambanan,MS,scan qr code dapat wrostband lalu masuk gate 👍,"5,0
/5",16 Jan 2024
Tiket Masuk Candi Prambanan,Mutiara Safitri,"mudah, hanya scan qr code di counter dan dapat wristband lalu masuk gate.","5,0
/5",16 Jan 2024
Tiket Masuk Candi Prambanan,SP,"Cepet, efisiensien ga pake nunggu lama. Recommended buat ibu2 yang bawa anak, ga perlu repot antri kelamaan.","5,0
/5",16 Jan 2024
Tiket Masuk Candi Prambanan,Eko Bagus Panuntun,Belinya cepat. Prosesnya cepat. Semuanya mantap,"5,0
/5",14 Jan 2024
Tiket Masuk Candi Prambanan,Dzakiyah Rizqi Khumairoh,Mantap sangat membantu dalam membeli tiket masuk candi prambanan,"5,0
/5",14 Jan 2024
Tiket Masuk Candi Prambanan,Tri Asmi Bunga Febrianty,Enak banget beli tiket via tiket.com jadi gak ribet,"5,0
/5",13 Jan 2024
Tiket Masuk Candi Prambanan,Penelsi Huwae,bsnsnsnenenbsnsnsnnsns,"5,0
/5",13 Jan 2024
Tiket Masuk Candi Prambanan,Ignasius Arifandi Dwi Putra,Bersih dan terawat. Ternyata ada 2 candi besar dan 3 candi kecil di dlm sana.,"5,0
/5",13 Jan 2024
Tiket Masuk Candi Prambanan,Silvia Dewi,Keren kental akan budaya dan sejarahnya,"5,0
/5",13 Jan 2024
Tiket Masuk Candi Prambanan,Christine Ulina,"Tiketnya praktis, bisa landing scan barcode","5,0
/5",13 Jan 2024
Tiket Masuk Candi Prambanan,Andre Pratama,Berjalan dengan baik.,"5,0
/5",12 Jan 2024
Tiket Masuk Candi Prambanan,Minar Silvi,sangat membantu dalam pemesanan untuk pengunjung,"5,0
/5",12 Jan 2024
Tiket Masuk Candi Prambanan,Dede Tisno,Beli tiket di tiket.com pas mau entrance gak perlu antre. Langsung cetak di tempat khusus dan langsung masuk. Mantap pokoknya tiket.com.,"5,0
/5",12 Jan 2024
Tiket Masuk Candi Prambanan,DS,Tempat penuh sejarah,"5,0
/5",12 Jan 2024
Tiket Masuk Candi Prambanan,Siska Damayanti,seru bgt tp pas hari libur ga karuan ramenya,"5,0
/5",12 Jan 2024
Tiket Masuk Candi Prambanan,Dedy Jugipurwanto,Kalau bisa lebih dilengkapkn lagi dan disamakan dengan paket paket tiket yg dijual diloket👍👍,"5,0
/5",12 Jan 2024
Tiket Masuk Candi Prambanan,Jay Pradeep Khatri,"Great experience. The user journey for tickets bought online from tiket.com made it easy. Quick access, different queue for ticket redemption. Quite a memorable experience","5,0
/5",11 Jan 2024
Tiket Masuk Candi Prambanan,Muhammad Mizwar,Anti ribet dan lumayan lebih murah dibanding beli dikasirnya lgsg,"5,0
/5",11 Jan 2024
Tiket Masuk Candi Prambanan,Elsaria Damanik,Bagus banget. Ga nyesel sih liburan dan datang kesini.,"5,0
/5",11 Jan 2024
Tiket Masuk Candi Prambanan,YW,Cepat dan mudah pada saat penukaran tiket,"5,0
/5",10 Jan 2024
Tiket Masuk Candi Prambanan,Yesi Fitria Duwintasari,"Biasa aja sih, ya gitu aja deh","5,0
/5",10 Jan 2024
Tiket Masuk Candi Prambanan,IO,Worth it sekali. Harga tiket di tiket.com jauh lebih murah daripada beli tiket on the spot👍🏻,"5,0
/5",10 Jan 2024
Tiket Masuk Candi Prambanan,Anthony Kharisma,Tempat pengetahuan sejarah yang menarik,"5,0
/5",9 Jan 2024
Tiket Masuk Candi Prambanan,Eko Bagus Panuntun,Seharusnya bisa direfund karna tidak jadi pakai,"5,0
/5",9 Jan 2024
Tiket Masuk Candi Prambanan,AP,"Beli tiket mudah, tinggal ditukar fisik di loket khusus","5,0
/5",9 Jan 2024
Tiket Masuk Candi Prambanan,Novi Tasyriani,Keren dan wonderfull Next kesini lagi,"5,0
/5",9 Jan 2024
Tiket Masuk Candi Prambanan,AM,Super recommended place to visit! Takjub dgn kemegahan candi2 di situs ini. Kaya sekali bangsa kita akan kebudayaan 💜,"5,0
/5",9 Jan 2024
Tiket Masuk Candi Prambanan,Dinar Puji lestari,keren tempat yg bersejerah,"5,0
/5",9 Jan 2024
Tiket Masuk Candi Prambanan,Vera Widowati,Prosesnya bener2 mudah. Mending beli dari tiket.com daripada langsung di tempat,"5,0
/5",9 Jan 2024
Tiket Masuk Candi Prambanan,Delima Suprapti,Good lebih cepattttttttttt,"5,0
/5",8 Jan 2024
Tiket Masuk Candi Prambanan,GG,Sangat Mengesankan sekali,"5,0
/5",8 Jan 2024
Tiket Masuk Candi Prambanan,Susilawaty Nariyah,Seru gampang urus tiketnya,"5,0
/5",8 Jan 2024
Tiket Masuk Candi Prambanan,SF,Mantap lur kapan kapan datang lagi,"5,0
/5",8 Jan 2024
Tiket Masuk Candi Prambanan,AF,Krenn mengenal lebih jauh warisan budaya Indonesia,"5,0
/5",8 Jan 2024
Tiket Masuk Candi Prambanan,HW,"Bagus sekali, cocok untuk widata keluarga","5,0
/5",7 Jan 2024
Tiket Masuk Candi Prambanan,Nur Syifa,Sngat membantu...jadi ga usah antri antri,"5,0
/5",7 Jan 2024
Tiket Masuk Candi Prambanan,SS,bener bener keren banget banget,"5,0
/5",6 Jan 2024
Tiket Masuk Candi Prambanan,Ika Ayuni Putri,"Mudah, cepat & ga ribet","5,0
/5",6 Jan 2024
Tiket Masuk Candi Prambanan,Jacinta Pimba,Sangat seru liburan kesini bersama keluarga di jelaskan oleh mba nya dan sampai anak perempuan saya tertarikndengan cerita lara djonggrang,"5,0
/5",6 Jan 2024
Tiket Masuk Candi Prambanan,Yudha Nugraha,Membantu sekali gk perlu antri,"5,0
/5",6 Jan 2024
Tiket Masuk Candi Prambanan,Erna Puspa Hafiza,Senang kembali lagi ke Prambanan,"5,0
/5",6 Jan 2024
Tiket Masuk Candi Prambanan,riski kiki,"Kerennn, tp puanas poll","5,0
/5",6 Jan 2024
Tiket Masuk Candi Prambanan,Ilham Maulana Habibie,Ok keren sekali yaaaaa,"5,0
/5",6 Jan 2024
Tiket Masuk Candi Prambanan,Selamet Supriyanto,Mantap sangat cepat untuk masuk ke dalam,"5,0
/5",6 Jan 2024
Tiket Masuk Candi Prambanan,Alan Kusuma,tempat nya indah terkesan bagus nyaman,"5,0
/5",6 Jan 2024
Tiket Masuk Candi Prambanan,Dhiya Salsabila Nazwa,kawasannya sangat terjaga,"5,0
/5",6 Jan 2024
Tiket Masuk Candi Prambanan,Nur Kholis,Good and smooth Enakan beli online dari pada on the spot,"5,0
/5",6 Jan 2024
Tiket Masuk Candi Prambanan,Kiki Adi,"Keren, sejarah, panas","5,0
/5",6 Jan 2024
Tiket Masuk Candi Prambanan,Riska Dwi Silviana Sari,"Pembelian mudah, di depan pintu masuk tinggal scan aja, print tiket. Beres. Area di pintu masuk ada yg membantu..","5,0
/5",5 Jan 2024
Tiket Masuk Candi Prambanan,Dita Melinda,Masih sama seperti 3 tahun lalu. Dan jogja emang selalu ngangenin 🥰,"5,0
/5",5 Jan 2024
Tiket Masuk Candi Prambanan,Sartika Sari Rambe,Beli tiket dari tiket.com jauh lebih menguntungkan,"5,0
/5",5 Jan 2024
Tiket Masuk Candi Prambanan,Andrian Syah,Mantab pokoknya klo ke jogja,"5,0
/5",5 Jan 2024
Tiket Masuk Candi Prambanan,Vino Fanello,Keren candi prambanan,"5,0
/5",5 Jan 2024
Tiket Masuk Candi Prambanan,haziah choirul nisah,Menyenangkan sekali liburan kesana,"5,0
/5",5 Jan 2024
Tiket Masuk Candi Prambanan,Irene Agustina,"Puas dan senang,next DTG lg","5,0
/5",5 Jan 2024
Tiket Masuk Candi Prambanan,siti afifatul,Seru dan bagus terima kasih tiket.con,"5,0
/5",5 Jan 2024
Tiket Masuk Candi Prambanan,siti afifatul,Bagus bget sukak terima kasi h tiket com,"5,0
/5",5 Jan 2024
Tiket Masuk Candi Prambanan,Winarsih Ghea,"Keren, gak perlu ngantri beli tiket di loket yg antri.","5,0
/5",5 Jan 2024
Tiket Masuk Candi Prambanan,Albert Setyawan,Mantap cocok untuk keluarga dan edukasi anak,"5,0
/5",5 Jan 2024
Tiket Masuk Candi Prambanan,Danty Novitasari,Fantastis dan sangat menyenangkan,"5,0
/5",4 Jan 2024
Tiket Masuk Candi Prambanan,Desy Ratnasari,Nice nice nice nice nice,"5,0
/5",4 Jan 2024
Tiket Masuk Candi Prambanan,YS,Lebih cepat dan murah,"5,0
/5",4 Jan 2024
Tiket Masuk Candi Prambanan,Meuthia Dwijaya Kusuma,"Beli tiket online, gampang garibet. Gaprlu antri jg, tinggal scan aja disana","5,0
/5",4 Jan 2024
Tiket Masuk Candi Prambanan,Dewi C,Bagus. Keren banget candi udah ratusan tahun masih megah dan besar,"5,0
/5",4 Jan 2024
Tiket Masuk Candi Prambanan,Derlina Manurung,"Tempat nya oke, tapi panas puollll, pertama kali bawa adek saya liburan kesana malah menyisakan trauma hp nya di copet, so far so good kalau untuk tempat nya.","5,0
/5",4 Jan 2024
Tiket Masuk Candi Prambanan,CHRISMANTO MARUBA,Akses mudah. Disarankan bawa payung krn ciaca sgt terik,"5,0
/5",4 Jan 2024
Tiket Masuk Candi Prambanan,ES,Bagus dan cantik banget,"5,0
/5",3 Jan 2024
Tiket Masuk Candi Prambanan,KD,"Pesan tiket sangat mudah tanpa antre, sampai di counter tinggal tunjukan barcode, di scan dan tiket di berikan oleh petugas. Cepat dan mudah","5,0
/5",3 Jan 2024
Tiket Masuk Candi Prambanan,AS,view sunsetnya cantik bgt,"5,0
/5",3 Jan 2024
Tiket Masuk Candi Prambanan,Ivone Adriana Souhoka,Fast access...............,"5,0
/5",3 Jan 2024
Tiket Masuk Candi Prambanan,Adelia Dita Ayu Pratiwi,Easy to trip. Gaperlu antri panjanggg,"5,0
/5",3 Jan 2024
Tiket Masuk Candi Prambanan,Tuki Hevryanto Ryan,Bagus sekali yuhuii dan suka sekali,"5,0
/5",3 Jan 2024
Tiket Masuk Candi Prambanan,Lidya Prihandini,Simpe dan cepat ga perlu antri lama,"5,0
/5",3 Jan 2024
Tiket Masuk Candi Prambanan,LP,Simple dan cepat ga perlu antri lama,"5,0
/5",3 Jan 2024
Tiket Masuk Candi Prambanan,MI,"Menakjubkan, apalagi kalo tau sejarah dan makna2 nya liat biasa peradaban waktu itu","5,0
/5",3 Jan 2024
Tiket Masuk Candi Prambanan,Thomas Fatdian Anggara,Amazing... Karya Bangsa Indonesia,"5,0
/5",3 Jan 2024
Tiket Masuk Candi Prambanan,SS,"Akhirnya bisa kesini Sama keluarga, sangat menyenangkan dan menarik anak-anak sangat suka meskipun Naik ke tiap candi lumayan tinggi. Proses tiket.com sangat cepat dan mudah. Thanks","5,0
/5",3 Jan 2024
Tiket Masuk Candi Prambanan,YA,Sudah kesekian kali kesini,"5,0
/5",3 Jan 2024
Tiket Masuk Candi Prambanan,Hengky Laksamana Simaibang,"Fantastis, sangat memuaskan","5,0
/5",3 Jan 2024
Tiket Masuk Candi Prambanan,Alpherats Edie,Tempat bagus banyak spot yang bisa fi kunjungi,"5,0
/5",3 Jan 2024
Tiket Masuk Candi Prambanan,Syafira Rahmadani,Bagus dan bersih cocok t,"5,0
/5",3 Jan 2024
Tiket Masuk Candi Prambanan,Mahmet Saufi,The best and good service,"5,0
/5",2 Jan 2024
Tiket Masuk Candi Prambanan,Rifqi Annafi,Mantap sekali pokonya recommended,"5,0
/5",2 Jan 2024
Tiket Masuk Candi Prambanan,Shenta Saragih,Masih oke untuk destinasi holiday,"5,0
/5",2 Jan 2024
Tiket Masuk Candi Prambanan,Harrigia Andri Sitepu,lebih enak bayar pakai online,"5,0
/5",2 Jan 2024
Tiket Masuk Candi Prambanan,Harrigia Andri Sitepu,"mantab, keren engga ribet pakai tiket com","5,0
/5",2 Jan 2024
Tiket Masuk Candi Prambanan,Fajar Prayogi,"Bagus candi nya, terawat, dapat merchandise","5,0
/5",2 Jan 2024
Tiket Masuk Candi Prambanan,Haifa Dita Shabrina,"Bagus yempatnyaaaa, dan cantik untuk foto foto","5,0
/5",2 Jan 2024
Tiket Masuk Candi Prambanan,Desi Ris Lestari,yeyeyeyeyyeyeyyehehehehehhehehehehehehhehe,"5,0
/5",2 Jan 2024
Tiket Masuk Candi Prambanan,Muh Ide Apurines,"Fasilitas bagus, salah satu Candi yang masuk cagar warisan dunia UNESCO 👍","5,0
/5",2 Jan 2024
Tiket Masuk Candi Prambanan,BS,Keren dan sudah bagus candi Prambanan,"5,0
/5",2 Jan 2024
Tiket Masuk Candi Prambanan,EF,Kereeeeeeen. Tapi kita kemarin panas nya pol.,"5,0
/5",2 Jan 2024
Tiket Masuk Candi Prambanan,Soffian Soffian,"View nya bagus banget, mantullll dah","5,0
/5",2 Jan 2024
Tiket Masuk Candi Prambanan,Kendra Purawan,Good asik fantasi luar biasa,"5,0
/5",2 Jan 2024
Tiket Masuk Candi Prambanan,Nopera Nopera,Keren bgttt bisa ke tempat bersejarah punya indonesia,"5,0
/5",2 Jan 2024
Tiket Masuk Candi Prambanan,AD,Bagus. Ada musium audio visual juga.,"5,0
/5",1 Jan 2024
Tiket Masuk Candi Prambanan,Intan Widyatriana,Amazing........................ .......,"5,0
/5",1 Jan 2024
Tiket Masuk Candi Prambanan,Muhammad Ichsan Nasution,"Keren, bakal balik lagi ke sini","5,0
/5",31 Dec 2023
Tiket Masuk Candi Prambanan,nita dewi setyawati,Memudahkan saat masuk ngak perlu antri di loket tiket,"5,0
/5",31 Dec 2023
Tiket Masuk Candi Prambanan,Frizky Ramadhani Nasution,"Bagus banget prambanan tuhh , wajib kesana kalian kalau ke jogja at least sekali seumur hidup walaupun panas pollll wkwk luvvvvv","5,0
/5",31 Dec 2023
Tiket Masuk Candi Prambanan,Vivi Yurita,Bagus~ tapi untuk masuk ke atas candi nya ada kuota per hari 300 orang.. jadi harus sampai pagian,"5,0
/5",31 Dec 2023
Tiket Masuk Candi Prambanan,YR,oke candi bagus dan bersih,"5,0
/5",30 Dec 2023
Tiket Masuk Candi Prambanan,KR,"Bagus, namun sayangnya tidak bisa naik karena hari senin","5,0
/5",30 Dec 2023
Tiket Masuk Candi Prambanan,Denny Handoyo,liburan jdi mudah menyenangkan,"5,0
/5",30 Dec 2023
Tiket Masuk Candi Prambanan,Ramahdani Nainggolan,"Sangat luar biasa,, dan asyik untuk berwisata","5,0
/5",30 Dec 2023
Tiket Masuk Candi Prambanan,Supriatin Ade,"Dapat tiket diskon, penukaran tiket tidak perlu antri","5,0
/5",30 Dec 2023
Tiket Masuk Candi Prambanan,Supriatin Ade,"Dapat tiket diskon, penularan mudah tidak perlu antri","5,0
/5",30 Dec 2023
Tiket Masuk Candi Prambanan,Sary Nurlatifah,Sangat mudah digunakan,"5,0
/5",29 Dec 2023
Tiket Masuk Candi Prambanan,RM,keren ko cuma kl bs gausah rental sepeda manual kl mau yang ebike aja soalnya sepedahnya gaenak dan sakit dan cm 1 puteran,"5,0
/5",29 Dec 2023
Tiket Masuk Candi Prambanan,MA,Cocok untuk berwisata sejarah,"5,0
/5",29 Dec 2023
Tiket Masuk Candi Prambanan,FH,Sebaiknya ada tour biar bisa paham sejarah dan candinya. Overall keren banget!,"5,0
/5",29 Dec 2023
Tiket Masuk Candi Prambanan,Alma Marinda,Seruuuuu semoga bisa kesini lagi pas ga musim liburan,"5,0
/5",29 Dec 2023
Tiket Masuk Candi Prambanan,Iqbal Pratama,"Proses cepat, tinggal tukar","5,0
/5",28 Dec 2023
Tiket Masuk Candi Prambanan,Muhammad Adithya Utomo,keren bangettt suka dengan candi prambanan,"5,0
/5",28 Dec 2023
Tiket Masuk Candi Prambanan,NB,Garibettttttttttttttt,"5,0
/5",28 Dec 2023
Tiket Masuk Candi Prambanan,LM,seru dan menyenangkan,"5,0
/5",28 Dec 2023
Tiket Masuk Candi Prambanan,Asri Paramita,pesen lewat tiket.com dapat diskon dibanding dengan beli di loket.. dan juga antrian tidak panjang,"5,0
/5",28 Dec 2023
Tiket Masuk Candi Prambanan,Adithya Nugraha,Baguss cm jalan jauh next harga dikurangi tp paket mobil smua,"5,0
/5",28 Dec 2023
Tiket Masuk Candi Prambanan,Suci Nuzulla,"Nice, cocok untu liburan bersama keluarga","5,0
/5",28 Dec 2023
Tiket Masuk Candi Prambanan,NA,Lebih murah dan memudahkan.,"5,0
/5",27 Dec 2023
Tiket Masuk Candi Prambanan,DT,anak anak senang sekali berkunjung kesini,"5,0
/5",27 Dec 2023
Tiket Masuk Candi Prambanan,Hestiana Hestiana,Baik pelayanan ok .....,"5,0
/5",27 Dec 2023
Tiket Masuk Candi Prambanan,ali fuad hendra,Nice place. Mudah dgn tiket.com dan lebih murah,"5,0
/5",27 Dec 2023
Tiket Masuk Candi Prambanan,Veronika Mari Adilita Hutagalung,"Mantabbb....promnya dapet,ringkeanya juarakk","5,0
/5",27 Dec 2023
Tiket Masuk Candi Prambanan,Veronika Mari Adilita Hutagalung,Ok...sat set plus dapet promonya,"5,0
/5",27 Dec 2023
Tiket Masuk Candi Prambanan,Veronika Mari Adilita Hutagalung,"Lebih cepat,gag perlu ngantri,gag ribet....sat set jadinya...terpenting dapet diskon","5,0
/5",27 Dec 2023
Tiket Masuk Candi Prambanan,Dwi mulyani,Praktiss tiiss tiiiss tiisss,"5,0
/5",27 Dec 2023
Tiket Masuk Candi Prambanan,Wayan Juliarta,Love this place Kapan2 kesini lagi,"5,0
/5",26 Dec 2023
Tiket Masuk Candi Prambanan,DA,Okkkkkkkkkkkkkkkkkkkkkk,"5,0
/5",26 Dec 2023
Tiket Masuk Candi Prambanan,EW,Pengalaman luar biasa,"5,0
/5",26 Dec 2023
Tiket Masuk Candi Prambanan,EKHWAN WAHYUDI,Sangat baik untuk berwisata bersama keluarga,"5,0
/5",25 Dec 2023
Tiket Masuk Candi Prambanan,Hilda Amelia,"Bagus, banyak marka yang jadi petunjuk perjalanan kami","5,0
/5",25 Dec 2023
Tiket Masuk Candi Prambanan,Omega Febrianty Gultom,Lingkungan candinya bersih banget.,"5,0
/5",25 Dec 2023
Tiket Masuk Candi Prambanan,Omega Febrianty Gultom,Lingkungan candinya bersih banget.,"5,0
/5",25 Dec 2023
Tiket Masuk Candi Prambanan,Oka Ramadhan Putra Cahyani,"Bagus banget, dan tidak mengecewakan","5,0
/5",25 Dec 2023
Tiket Masuk Candi Prambanan,Karyadi Karsono,Sudah berhasil masuk. Karena awalnya ragu tentang proses penukaran tiket online jadi saya pilih beli di lokasi secara online. Ternyata menyenangkan gk perlu antri,"5,0
/5",25 Dec 2023
Tiket Masuk Candi Prambanan,DT,Cantik sekali pemandanganya,"5,0
/5",24 Dec 2023
Tiket Masuk Candi Prambanan,Irwan Irwan,Pengalamab yang sangat menyenangkan,"5,0
/5",24 Dec 2023
Tiket Masuk Candi Prambanan,Adnan aqil Muzhaffar,bagus banget prambanan masyaallah,"5,0
/5",24 Dec 2023
Tiket Masuk Candi Prambanan,Febri Febri,Bagus buat keluarga dan edukasi,"5,0
/5",24 Dec 2023
Tiket Masuk Candi Prambanan,SP,"OH MY GOD, ini pengalaman yg uda dipingin dari lama bangetttt, Saran kalau dateng sore aja biar ngga sepanas itu + asri","5,0
/5",23 Dec 2023
Tiket Masuk Candi Prambanan,Inayah Agustin,Ada loket khusus yg lebih sepi utk nukerin pembelian kita di tiket.com jd lebih mudah aja apalagi kalau lg musim liburan.,"5,0
/5",23 Dec 2023
Tiket Masuk Candi Prambanan,KA,"Tempatnya bagus bangett, tapi panas poll harus sedia payung ya kalau kesinii, tp kerenn abis","5,0
/5",23 Dec 2023
Tiket Masuk Candi Prambanan,fahmi rovansyah,Dfhhjfjdoaoauxhsjsisijdnd,"5,0
/5",23 Dec 2023
Tiket Masuk Candi Prambanan,FR,Mantap dan cepat recomended,"5,0
/5",22 Dec 2023
Tiket Masuk Candi Prambanan,Alexandru Paduraru,NICE EXPERIENCE langsung masuk tanpa nunggu,"5,0
/5",22 Dec 2023
Tiket Masuk Candi Prambanan,Jessica Wahyuni Hutabarat,"nice experience, langsung masuk gausa nunggu di jalur umum dan lebih murah","5,0
/5",22 Dec 2023
Tiket Masuk Candi Prambanan,Ida Aisyah,Mantap tapi panass pooll,"5,0
/5",22 Dec 2023
Tiket Masuk Candi Prambanan,NP,Maksimal beli 10 tapi bisa beli lagi beberapa kali . Sip lah untuk menghemat budget dengan diskonnya,"5,0
/5",22 Dec 2023
Tiket Masuk Candi Prambanan,NP,Tiket.com sangat membantu untuk proses pembelian tiket lebih cepat . Harga promo lumayan menghemat biaya untuk bepergian dengan rombongan,"5,0
/5",22 Dec 2023
Tiket Masuk Candi Prambanan,NP,"Sangat memudahkan pembelian tiket tanpa antri , langsung bisa self checkin . Oke lah mantap","5,0
/5",22 Dec 2023
Tiket Masuk Candi Prambanan,Norman Ray Logawa,"Mantap, seamless entry ke candi 👍","5,0
/5",21 Dec 2023
Tiket Masuk Candi Prambanan,Alice Sefiani Stefanus,Gampang bgt pesennya n dpt diskon jg... Lumayan d,"5,0
/5",21 Dec 2023
Tiket Masuk Candi Prambanan,Tiar Tiar,Semudah itu beli tiketnya di tiket.com,"5,0
/5",20 Dec 2023
Tiket Masuk Candi Prambanan,Febrianti Mahbi,as always good. ticketing jauh lebih cepat,"5,0
/5",20 Dec 2023
Tiket Masuk Candi Prambanan,SA,"Akhirnya kesampean juga bisa liat prambanan dari deket, walaupun sayang bngt pas kesana hari senin dan gabisa masuk ke candinya.","5,0
/5",19 Dec 2023
Tiket Masuk Candi Prambanan,HR,Beli tiket masuk di tiket.com dapat diskon.,"5,0
/5",15 Dec 2023
Tiket Masuk Candi Prambanan,Nursya Dwi Ariyanti,"Kerenn, lumayan ada potongan harga daripada beli ots 👌🏻","5,0
/5",15 Dec 2023
Tiket Masuk Candi Prambanan,Eljani Hafafil Sukandar,"Bagus banget, sangat puas","5,0
/5",14 Dec 2023
Tiket Masuk Candi Prambanan,SA,"Kerennnnnnnnnn, untuk menambah pengetahuan","5,0
/5",13 Dec 2023
Tiket Masuk Candi Prambanan,Najwa Azrai,Keren bisa langsung masuk,"5,0
/5",13 Dec 2023
Tiket Masuk Candi Prambanan,Erica Andi K,"langsung ke loket di scan, simple.","5,0
/5",13 Dec 2023
Tiket Masuk Candi Prambanan,Azmi Fauzi,"Oke banget skrg , penjual di parkiran ga se rese tahun kemarin","5,0
/5",13 Dec 2023
Tiket Masuk Candi Prambanan,Hari Abdulfarits Ismail,"Prambanan, memang sekeren itu","5,0
/5",12 Dec 2023
Tiket Masuk Candi Prambanan,sartika sartika,Best tinggal satu set,"5,0
/5",12 Dec 2023
Tiket Masuk Candi Prambanan,MS,Lebih murahhh bagusss cepet juga,"5,0
/5",12 Dec 2023
Tiket Masuk Candi Prambanan,Novi Aisyah Aziz,"bagus bgt, beautiful place","5,0
/5",12 Dec 2023
Tiket Masuk Candi Prambanan,Rika Dahlia,Baguss jadi ga perlu ngantri lagi,"5,0
/5",11 Dec 2023
Tiket Masuk Candi Prambanan,RM,"Keren, pemeliharaan yang bagus, tingkatkan terus","5,0
/5",11 Dec 2023
Tiket Masuk Candi Prambanan,Deni Saputra,Mantap banget tempatnya,"5,0
/5",11 Dec 2023
Tiket Masuk Candi Prambanan,Budiyanto wibowo,Wisata yangbgak bosen kalau berkunjung k yogyakarta,"5,0
/5",11 Dec 2023
Tiket Masuk Candi Prambanan,Balvinder Singh,Tiket lebih murah dari harga loket dan saat redeem di lokasi smuanya lancar. Terbaik,"5,0
/5",10 Dec 2023
Tiket Masuk Candi Prambanan,Irma Susanti,Bagus... sekarang bersih ngak ada sampah,"5,0
/5",9 Dec 2023
Tiket Masuk Candi Prambanan,Elsa arisca,Seruuu sekaliii liburan ke candi Prambanan bersama keluarga.. sekalian bs edukasi utk anak,"5,0
/5",9 Dec 2023
Tiket Masuk Candi Prambanan,Aprilia Agustin,Tanpa antri sangat bermanfaat banget hihi,"5,0
/5",8 Dec 2023
Tiket Masuk Candi Prambanan,Ade Kurniyawan,Sangat praktis sekali,"5,0
/5",8 Dec 2023
Tiket Masuk Candi Prambanan,utami suwanda,Tinggal cetak tiket ke bagian kasir,"5,0
/5",8 Dec 2023
Tiket Masuk Candi Prambanan,KK,Dapat potongan harga 2rb dari tiket mayanlah yaa.. saran kalau kesini wajib bawa payung or topi soalnya panas banget reekk. Kesannya ya seneng aja masih dikasih kesempatan buat menikmati sejarah ini,"5,0
/5",7 Dec 2023
Tiket Masuk Candi Prambanan,RR,Seru dan mantap lebih murah make dr online,"5,0
/5",7 Dec 2023
Tiket Masuk Candi Prambanan,SS,Aplikasi sangat membantu,"5,0
/5",7 Dec 2023
Tiket Masuk Candi Prambanan,WW,"Sangat bagus, pas tidak hujan","5,0
/5",6 Dec 2023
Tiket Masuk Candi Prambanan,Rentina Simanjuntak,"Ini sekian kali beli tiket prambanan bia tiket.com .No ribet2 ,lbh murah jg :)","5,0
/5",6 Dec 2023
Tiket Masuk Candi Prambanan,irliatna irliatna,Stafnya ramah dan helpfull,"5,0
/5",6 Dec 2023
Tiket Masuk Candi Prambanan,Dita Andi Saputro,Sangat di sarankan untuk di kunjungi,"5,0
/5",5 Dec 2023
Tiket Masuk Candi Prambanan,RI,"Proses penukaran cepat, ga perlu antri..","5,0
/5",5 Dec 2023
Tiket Masuk Candi Prambanan,DS,Ok banget sangat menyenang kan,"5,0
/5",5 Dec 2023
Tiket Masuk Candi Prambanan,YP,"Thank you, it was my first time been here🙏🏻","5,0
/5",5 Dec 2023
Tiket Masuk Candi Prambanan,Hot Asi Anthonius Simangunsong,Keren dan patut dikunjungi,"5,0
/5",4 Dec 2023
Tiket Masuk Candi Prambanan,YA,"Lebih mudah n praktis, tidak perlu ribet dengan antri di loket","5,0
/5",4 Dec 2023
Tiket Masuk Candi Prambanan,RS,masuk ke candi prambanan bisa dibilang free alias gratis karena pake poin tiket.com sih. Worth it banget pastinya. redeem tiket saat ditempat juga gampang.,"5,0
/5",3 Dec 2023
Tiket Masuk Candi Prambanan,Muhammad Rizki fauziah,Saya ingin kesana lagi soal nya pas aku kesana hari senin lagi ada perbaikan huhu boleh lah tiket gratis wkwk,"5,0
/5",3 Dec 2023
Tiket Masuk Candi Prambanan,Irma Pirnanda,"Keren bangetttt, memudahkan pengunjung","5,0
/5",3 Dec 2023
Tiket Masuk Candi Prambanan,Amelia Putri Haryanto,A place i would visit again,"5,0
/5",3 Dec 2023
Tiket Masuk Candi Prambanan,AH,Good place very calming,"5,0
/5",3 Dec 2023
Tiket Masuk Candi Prambanan,Suhardi Moi,Perfect for visiting Hinduism Temple,"5,0
/5",2 Dec 2023
Tiket Masuk Candi Prambanan,Dita Andi Saputro,Sedia payung sebelum hujan,"5,0
/5",2 Dec 2023
Tiket Masuk Candi Prambanan,Dita Andi Saputro,Harus mempersiapkan payung karena musim hujan,"5,0
/5",2 Dec 2023
Tiket Masuk Candi Prambanan,Dita Andi Saputro,"Candi Prambanan sangat menarik, patut untuk di kunjungi","5,0
/5",2 Dec 2023
Tiket Masuk Candi Prambanan,Dita Andi Saputro,1 tiket bisa berkunjung 3 candi lagi,"5,0
/5",2 Dec 2023
Tiket Masuk Candi Prambanan,Dita Andi Saputro,Candi ini di bangun pada abad ke 8 sampai 9,"5,0
/5",2 Dec 2023
Tiket Masuk Candi Prambanan,Dita Andi Saputro,Tiket masuk WNA tergolong mahal tp setara dengan pemandanganya,"5,0
/5",2 Dec 2023
Tiket Masuk Candi Prambanan,Dita Andi Saputro,Kalian yg belum nyoba harus pergi ke candi prambanan,"5,0
/5",2 Dec 2023
Tiket Masuk Candi Prambanan,Dita Andi Saputro,Candi Prambanan adalah candi tertinggi di indonesia,"5,0
/5",2 Dec 2023
Tiket Masuk Candi Prambanan,JJ,"bagus, tempat nya bersih","5,0
/5",2 Dec 2023
Tiket Masuk Candi Prambanan,DP,Good and awsome Thankyou.,"5,0
/5",2 Dec 2023
Tiket Masuk Candi Prambanan,MR,bagus bagus bagus bagus,"5,0
/5",2 Dec 2023
Tiket Masuk Candi Prambanan,Revayona Pandia,"Tempatnya keren , indah, asri dan sangat menyenangkan","5,0
/5",1 Dec 2023
Tiket Masuk Candi Prambanan,Selvia Liu Cyany,Prambanan ga berubah makin bagus,"5,0
/5",1 Dec 2023
Tiket Masuk Candi Prambanan,RESTI DWI PUTRI,ghvhvygu ihhiihgiiggi,"5,0
/5",1 Dec 2023
Tiket Masuk Candi Prambanan,KD,"Siatem tuker tiketnya mudah dan ga antri, terima kasih ya","5,0
/5",1 Dec 2023
Tiket Masuk Candi Prambanan,KD,"Sistem tuker tiketnya mudah dan ga antri, terima kasih ya","5,0
/5",1 Dec 2023
Tiket Masuk Candi Prambanan,Rizkha Septiana Hadiyani,Bagus babget yang mereka kerjakan hari ini,"5,0
/5",1 Dec 2023
Tiket Masuk Candi Prambanan,VD,Gampang dan ga ribet..,"5,0
/5",30 Nov 2023
Tiket Masuk Candi Prambanan,JN,Sat set sat set anti ribet beli tiket di tiket.com,"5,0
/5",30 Nov 2023
Tiket Masuk Candi Prambanan,Alberta Teresa Anggi Prabawati,oke banget tempatnyaaa,"5,0
/5",30 Nov 2023
Tiket Masuk Candi Prambanan,Ivo Andrian Simbolon,Good place to visit 2311301AUAK8,"5,0
/5",30 Nov 2023
Tiket Masuk Candi Prambanan,DD,"Nicr place, ancient place","5,0
/5",30 Nov 2023
Tiket Masuk Candi Prambanan,Oktavia Nurmawaty Sigiro,Baguss dan indah Bangga jd orang Indonesia,"5,0
/5",30 Nov 2023
Tiket Masuk Candi Prambanan,reisha septinda,Ada tiket online jadi ga perlu antri di loket tiket,"5,0
/5",30 Nov 2023
Tiket Masuk Candi Prambanan,Kenny Benaldi,kerennnnnnnnnnnnnnnnn,"5,0
/5",30 Nov 2023
Tiket Masuk Candi Prambanan,RAYMOND SEBASTIAN ERNEST,"Menyenangkan, murah dapat diskon","5,0
/5",29 Nov 2023
Tiket Masuk Candi Prambanan,Fikri Abdillah,Mantap pokoknya weeee,"5,0
/5",29 Nov 2023
Tiket Masuk Candi Prambanan,DR,Good to see and very easy to get in without queue,"5,0
/5",29 Nov 2023
Tiket Masuk Candi Prambanan,Daffa Muhammad Rifqi,"Easy to get in with fast track, no queue anymore!","5,0
/5",29 Nov 2023
Tiket Masuk Candi Prambanan,Eduard Simamora,Keren bgt tempatnya.g nyesel kesini,"5,0
/5",29 Nov 2023
Tiket Masuk Candi Prambanan,Santi Muliani,Mantap pokoke josssssss,"5,0
/5",29 Nov 2023
Tiket Masuk Candi Prambanan,AK,"Sudah lama ga kesini, eh ternyata udah macem2 isinya, ada beberapa permainan, jadi kalo kesini jangan terlalu sore hehehe","5,0
/5",28 Nov 2023
Tiket Masuk Candi Prambanan,IS,Gooooodd Syang disananya fanashhh,"5,0
/5",28 Nov 2023
Tiket Masuk Candi Prambanan,Brayton Kole,Istimewa Istimewa IstimewaI Istimewa,"5,0
/5",28 Nov 2023
Tiket Masuk Candi Prambanan,Catur Kusumawati,Seruuuuu banget!!! Alhamdulillah bisa ajak keluarga masuk ke cadi Prambanan yang super duper bagussss🥰,"5,0
/5",28 Nov 2023
Tiket Masuk Candi Prambanan,NA,Tempat wisata bersama keluarga seruu,"5,0
/5",27 Nov 2023
Tiket Masuk Candi Prambanan,Hellen A Musa,Gak bosan bosan main ke sini,"5,0
/5",26 Nov 2023
Tiket Masuk Candi Prambanan,Theresia Nera Sunny Spd,Bagus bgt jujurly huhu ditambah beli tiket disini lebih murah. Trims ya,"5,0
/5",26 Nov 2023
Tiket Masuk Candi Prambanan,UP,"Luar biasa, terimakasih tiket.com","5,0
/5",26 Nov 2023
Tiket Masuk Candi Prambanan,Dian Hardianto,Keren sejuk indah ramah bersih,"5,0
/5",26 Nov 2023
Tiket Masuk Candi Prambanan,Eka Fransiska,"Sofar sogood untuk destinasi candinya, cuman sayang diarea candi gak banyak bangku untuk duduk istirahat setelah jalan kaki dari pintu masuk ke candi yang cukup lumayan jauh.","5,0
/5",24 Nov 2023
Tiket Masuk Candi Prambanan,AA,Penukaran tiket cepat dan tanpa antri,"5,0
/5",24 Nov 2023
Tiket Masuk Candi Prambanan,Ardian Endra Pratama,"OK, penukaran e-tiket ke tiket fisik dibantu dengan baik dan cepat oleh petugas TWC","5,0
/5",24 Nov 2023
Tiket Masuk Candi Prambanan,MS,Heritage place to visit,"5,0
/5",24 Nov 2023
Tiket Masuk Candi Prambanan,Vivid Wisma Nurbuat,Good place bagus sekali,"5,0
/5",24 Nov 2023
Tiket Masuk Candi Prambanan,Yuyun Mutia,"Mantap,jadi cepat untuk langsung ke candi","5,0
/5",23 Nov 2023
Tiket Masuk Candi Prambanan,DH,Ga bisa moveon setiap k jogja pasti harus ke sini,"5,0
/5",23 Nov 2023
Tiket Masuk Candi Prambanan,Aditya Awan,Wisata sejarah yang wajib dikunjungi,"5,0
/5",23 Nov 2023
Tiket Masuk Candi Prambanan,Mohammad Saidun,"Is the best pokok e . . . Keren banget, sungguh peninggalan sejarah yang apik, tertata & terawat bgn baik 👍","5,0
/5",23 Nov 2023
Tiket Masuk Candi Prambanan,PUTRI AYUNINGTIAS,Happy liburan bareng keluarga,"5,0
/5",23 Nov 2023
Tiket Masuk Candi Prambanan,PB,Pengalaman yang menyenangkan bersama pasangan dan menambah pengetahuan baik agama hindu dan juga sejarah,"5,0
/5",23 Nov 2023
Tiket Masuk Candi Prambanan,MH,"Seruuu, pemandangan baguss","5,0
/5",23 Nov 2023
Tiket Masuk Candi Prambanan,Yose Rizal,"Mantap pokok nya, tinggal tap langsung masuk","5,0
/5",22 Nov 2023
Tiket Masuk Candi Prambanan,NN,"Bagus tempat nya, dan baut spot foto nya keren","5,0
/5",22 Nov 2023
Tiket Masuk Candi Prambanan,Maulana Adi,Bagus bangetttttt tolong,"5,0
/5",22 Nov 2023
Tiket Masuk Candi Prambanan,Devi Paramita,Mantap bangeeettttttttttttt,"5,0
/5",21 Nov 2023
Tiket Masuk Candi Prambanan,Elin Levia,candinya bagus datmeg pas hari sabtu dan itu panas banget,"5,0
/5",21 Nov 2023
Tiket Masuk Candi Prambanan,II,Tiketnya beli di tiket.com aja banyak promo,"5,0
/5",20 Nov 2023
Tiket Masuk Candi Prambanan,Eka Yuliana,Sayabgnya gak boleh masuk ke candi,"5,0
/5",20 Nov 2023
Tiket Masuk Candi Prambanan,Fajar Kurniawan,"good, pelayanan mudah","5,0
/5",20 Nov 2023
Tiket Masuk Candi Prambanan,MP,Keren walaupun sendirian,"5,0
/5",20 Nov 2023
Tiket Masuk Candi Prambanan,LS,"keren pelayanannya, cara pembelian jg mudah","5,0
/5",20 Nov 2023
Tiket Masuk Candi Prambanan,RR,mudah dan cocok untuk solo,"5,0
/5",20 Nov 2023
Tiket Masuk Candi Prambanan,Nur Amalia Rahmadhani,"Bersih, pelayanannya mantap","5,0
/5",20 Nov 2023
Tiket Masuk Candi Prambanan,Deni Fadilah,Best bgt experience nya!,"5,0
/5",19 Nov 2023
Tiket Masuk Candi Prambanan,Fadia Anandyta,"Bagus, indah, bersih, tersedia penitipan barang","5,0
/5",19 Nov 2023
Tiket Masuk Candi Prambanan,RANGGA PRAMANA PUTRA,Nice and good New experience,"5,0
/5",19 Nov 2023
Tiket Masuk Candi Prambanan,Ardian Endra Pratama,SUPERB! Layanan penukaran tiket sangat mudah dan cepat.,"5,0
/5",19 Nov 2023
Tiket Masuk Candi Prambanan,Ardian Endra Pratama,SUPERB! Layanan penukaran tiket sangat mudah dan cepat.,"5,0
/5",19 Nov 2023
Tiket Masuk Candi Prambanan,Ardian Endra Pratama,SUPERB! Layanan penukaran tiket sangat mudah.,"5,0
/5",19 Nov 2023
Tiket Masuk Candi Prambanan,Ardian Endra Pratama,SUPERB! Layanan penukaran tiket sangat mudah.,"5,0
/5",19 Nov 2023
Tiket Masuk Candi Prambanan,ayu fitriani,Mantap bagus indah sekali,"5,0
/5",18 Nov 2023
Tiket Masuk Candi Prambanan,Evi Suryani,Liburan keluarga menyenangkan di Prambanan...,"5,0
/5",18 Nov 2023
Tiket Masuk Candi Prambanan,Athalia Liliana,"dapat harga ticket masuk lumayan murah via online, thanks tiket.com","5,0
/5",18 Nov 2023
Tiket Masuk Candi Prambanan,PE,pengalaman berkesan. anginnya kenceng bgt pas kesini.,"5,0
/5",18 Nov 2023
Tiket Masuk Candi Prambanan,Dita Andi Saputro,"Keren, sangat di rekomendasikan","5,0
/5",17 Nov 2023
Tiket Masuk Candi Prambanan,Sarina Kiki Ramayanti Sianturi,Baikkkkkkkkkkkkkkkkkk,"5,0
/5",17 Nov 2023
Tiket Masuk Candi Prambanan,Ardani Kurniawan,Seneng bnget bisa belajar disini,"5,0
/5",17 Nov 2023
Tiket Masuk Candi Prambanan,Nailul Izza,Bagusss tapiii puanassss bangetttttt,"5,0
/5",17 Nov 2023
Tiket Masuk Candi Prambanan,Putri Sholeha,Sangat baik dan menyenangkan,"5,0
/5",17 Nov 2023
Tiket Masuk Candi Prambanan,YY,Tikett murah dan mudah,"5,0
/5",17 Nov 2023
Tiket Masuk Candi Prambanan,yunin yunin,Tempat dan pelayanan hebat,"5,0
/5",17 Nov 2023
Tiket Masuk Candi Prambanan,Moch Mufti Lazuardi,Bagus dan megah. Merupakan wisata yang menarik,"5,0
/5",17 Nov 2023
Tiket Masuk Candi Prambanan,DG,"Wah bagus, bisa masuk ke dalam candi. Perlu sedia waktu untuk liat semua","5,0
/5",17 Nov 2023
Tiket Masuk Candi Prambanan,Dita Andi Saputro,Sangat di recomendasikan,"5,0
/5",17 Nov 2023
Tiket Masuk Candi Prambanan,Beta Larasati,Biggest Hindu Temple in the world!,"5,0
/5",16 Nov 2023
Tiket Masuk Candi Prambanan,Beta Larasati,Must visit a heritage spot in Yogyakarta,"5,0
/5",16 Nov 2023
Tiket Masuk Candi Prambanan,Alberkh Martadibya Aldi Putra,Keren & sangat bagus!,"5,0
/5",5 Nov 2023
Tiket Masuk Candi Prambanan,FO,"proses cepat, harga lebih murah daripada ots","5,0
/5",29 Oct 2023
Tiket Masuk Candi Prambanan,Milennia R Wandani,Sangat menyenangkan dan tidak rugi sama sekali,"5,0
/5",24 Oct 2023
Tiket Masuk Candi Prambanan,Retno wijayanti,Sudah lama baru berkunjung ke candi Prambanan. Penuh sejarah saat naik keatass panas nya cetar membara tapi saya senang melihat pemandangan yg bagus,"5,0
/5",19 Oct 2023
Tiket Masuk Candi Prambanan,Aisyiyah Aisyiyah,Mantaabb lebih murah daripada ots,"5,0
/5",19 Oct 2023
Tiket Masuk Candi Prambanan,Faris Prayoga,"Ke sana di hari Senin, jadi terbatas cuma sampai di area taman yang rimbun adem. Kalau bisa bawa payung sendiri soalnya cuaca panas banget. Tapi di sepanjang jalan masuk ada yang sewain payung 10rb.","5,0
/5",18 Oct 2023
Tiket Masuk Candi Prambanan,MS,Cheaper and easier to enter Prambanan,"5,0
/5",18 Oct 2023
Tiket Masuk Candi Prambanan,Arvini Qaulan Sadiida,"Mantap banget, pesen online lebih mudah","5,0
/5",17 Oct 2023
Tiket Masuk Candi Prambanan,LM,suka beli tiket online lebih murah,"5,0
/5",15 Oct 2023
Tiket Masuk Candi Prambanan,Aditia Sulistiono,Mantap asik dan seru hehehehehe,"5,0
/5",15 Oct 2023
Tiket Masuk Candi Prambanan,WR,"Ga perlu ribet antre, satset","5,0
/5",14 Oct 2023
Tiket Masuk Candi Prambanan,Dwi Rahmawati,Yayayaaaaaaaaaaaaaaaa,"5,0
/5",13 Oct 2023
Tiket Masuk Candi Prambanan,mohammad Nur romdoni,Tempat wisata yang sangat luas,"5,0
/5",13 Oct 2023
Tiket Masuk Candi Prambanan,sevilla alus putri,selalu bagus🥰🥰 next bakal kesini lagi klo kejogja!!,"5,0
/5",13 Oct 2023
Tiket Masuk Candi Prambanan,Puput Diera,"Membantu, tidak antri","5,0
/5",13 Oct 2023
Tiket Masuk Candi Prambanan,Dian Mayasari Pasaribu,okkkkkk hasil candi candi,"5,0
/5",12 Oct 2023
Tiket Masuk Candi Prambanan,Marthalia Julyanti,"Pembelian tiket sih sangat mudah... Sayangnya, fasilitas dari pihak Prambanan nya kurang. Kalau bisa, di sediakan air minum gratis dari keran yg seperti di Ragunan.. Karna mengelilinvi tempat panas bu...","5,0
/5",12 Oct 2023
Tiket Masuk Candi Prambanan,AF,Terima kasih. Sangat mudah dan banyak promo pembelian di tiket.com. Sukses selalu.,"5,0
/5",11 Oct 2023
Tiket Masuk Candi Prambanan,MK,Beli banyak jadi hemat ditambah potongan voucher juga,"5,0
/5",11 Oct 2023
Tiket Masuk Candi Prambanan,MK,Lebih hemat dan dapat potongan voucher juga,"5,0
/5",11 Oct 2023
Tiket Masuk Candi Prambanan,FH,Mantappp bgttttt mantullll,"5,0
/5",10 Oct 2023
Tiket Masuk Candi Prambanan,Elisa Sinaga,Keren... Dan sangat memuaskan,"5,0
/5",9 Oct 2023
Tiket Masuk Candi Prambanan,Anggi Gustia,Pokoknya seru banget pesen di tiket.com,"5,0
/5",9 Oct 2023
Tiket Masuk Candi Prambanan,Donal Ariya,Keren banget dan gak nyesel,"5,0
/5",9 Oct 2023
Tiket Masuk Candi Prambanan,Qurrota Qurrota,kerenn banget prambanan skarang,"5,0
/5",8 Oct 2023
Tiket Masuk Candi Prambanan,Wahyu Ambarwati,"Bagus sekali, mantap sekali kan","5,0
/5",8 Oct 2023
Tiket Masuk Candi Prambanan,Muadzin Subkhi,"Keren sekali, nyaman, tidak membosankan","5,0
/5",8 Oct 2023
Tiket Masuk Candi Prambanan,DS,"Sangat indah sekali, candi Hindu tertinggi di Indonesia, di bangun pada abad ke 9, sangat di recomendasikan, lain waktu akan beli lagi di tiket. Com karena simple dan memudahkan bertransaksi","5,0
/5",8 Oct 2023
Tiket Masuk Candi Prambanan,Mochamad Ramdhan,"Bagus dan asri,nyaman","5,0
/5",7 Oct 2023
Tiket Masuk Candi Prambanan,NA,"Kereeen bgt, next time ke Prambanan lagii","5,0
/5",6 Oct 2023
Tiket Masuk Candi Prambanan,Ulfa Nadia Nurul Firdaus,"Candi prambanan sangat bagus,","5,0
/5",6 Oct 2023
Tiket Masuk Candi Prambanan,Lulu Salaya,Sangat rekomen untuk liburan,"5,0
/5",6 Oct 2023
Tiket Masuk Candi Prambanan,Mahaviera Aisyahprada,First time banget kesini dan benerbener amaze keren banget!! Suka banget disana. Cuman jompo aja si soalnya jalan kaki dan luas banget😝 tp aku jatuh cinta banget pokoknya❤️✨,"5,0
/5",6 Oct 2023
Tiket Masuk Candi Prambanan,Wynda Tindaon,Masih dalam perbaikan,"5,0
/5",6 Oct 2023
Tiket Masuk Candi Prambanan,Franky Santana,Luar biasaa tmpt memorial,"5,0
/5",6 Oct 2023
Tiket Masuk Candi Prambanan,Natasya Amalia Putri,management candinya udh sangat oke!! fasilitas lengkap apalagi pas masuk ada free sunscreen gitu jd senengg!,"5,0
/5",5 Oct 2023
Tiket Masuk Candi Prambanan,Cynthia Deborah Nababan,Bagus.. Situs candi yang menarik untuk dikunjungi bersama keluarga,"5,0
/5",4 Oct 2023
Tiket Masuk Candi Prambanan,Rizal Rizal,Mantap kaaaaaaaaaasaliiiiuiiiiiii,"5,0
/5",4 Oct 2023
Tiket Masuk Candi Prambanan,Wulan Dari Sofyana,Ada loket khusus utk pembelian online cepat,"5,0
/5",4 Oct 2023
Tiket Masuk Candi Prambanan,TP,"Seruuuu. Pesen lewat ini, ga antri..","5,0
/5",4 Oct 2023
Tiket Masuk Candi Prambanan,MV,Good experience for solo trip,"5,0
/5",3 Oct 2023
Tiket Masuk Candi Prambanan,WI,Bagus bangetttttttttttt,"5,0
/5",3 Oct 2023
Tiket Masuk Candi Prambanan,Sarlina Jihan Lusiyanti,"Seperti candi pada umumnya hehe. Baru nyampe sekitar jam 11an, wah tentu jogja lagi panas-panasnya, tapi ada jasa sewa payung cukup 10k saja. Ada kang foto juga yg hasil fotonya bisa diambil pas di pi...","5,0
/5",2 Oct 2023
Tiket Masuk Candi Prambanan,Asih Budiyono,"Simple, tinggal scan aja","5,0
/5",2 Oct 2023
Tiket Masuk Candi Prambanan,Ratih Purnama Sari,"Amazing, wajib kesini kalo ke Yogya","5,0
/5",2 Oct 2023
Tiket Masuk Candi Prambanan,chandra sandy bhaktiar,"Tempat bersih, nyan untuk sisatawan","5,0
/5",1 Oct 2023
Tiket Masuk Candi Prambanan,IH,Seru bersama keluarga,"5,0
/5",1 Oct 2023
Tiket Masuk Candi Prambanan,Deny Yanto Alexander,Keren lah pokoknya lbh murah daripada bemi langsung,"5,0
/5",1 Oct 2023
Tiket Masuk Candi Prambanan,LM,Lebih mudah dan nyaman,"5,0
/5",1 Oct 2023
Tiket Masuk Candi Prambanan,ES,"Akhirnya udah dibolehin masuk sampai ke dalam candinya, tapi saya tidak ikut. Pengalamannya seru, sudah kali kesekian untuk mengunjungi tempat ini.","5,0
/5",1 Oct 2023
Tiket Masuk Candi Prambanan,MS,"gud view, but masi dalam kondisi renovasi","5,0
/5",30 Sep 2023
Tiket Masuk Candi Prambanan,dian arif patria,Lebih murah beli di sini drpd beli lgsg,"5,0
/5",30 Sep 2023
Tiket Masuk Candi Prambanan,NA,Bagus bangey reccomended,"5,0
/5",30 Sep 2023
Tiket Masuk Candi Prambanan,VO,"luas bgt dlm ny , klo bisa drg jam 2-3 sore lebih pas keliling semua","5,0
/5",30 Sep 2023
Tiket Masuk Candi Prambanan,Angga Riswana,Makin nice sekarang dibanding bebrapa tahun yang lalu pas terakhir kesini,"5,0
/5",30 Sep 2023
Tiket Masuk Candi Prambanan,Reza Aulia,Keren banget Tidak bisa berkata kata,"5,0
/5",30 Sep 2023
Tiket Masuk Candi Prambanan,Agnes Retno Larasati,"Hari Senin hari perawatan candi tapi tetap bisa masuk dan keliling di luar lokasi utama, seru, bisa sepedahan, lihat rusa, makan es krim, ada ruang audio visual dengan film tentang Prambanan durasi se...","5,0
/5",29 Sep 2023
Tiket Masuk Candi Prambanan,FL,"Masyaa Allah bisa masuk ke candi prambanan beli tiketnya melalui aplikasi tiketcom bnr2 puas dan ada potongan hrg / diskon, kita semua bnr2 happy","5,0
/5",29 Sep 2023
Tiket Masuk Candi Prambanan,MS,Great place to visit. Quite hot so better for u to bring urown umbrella or cap.,"5,0
/5",29 Sep 2023
Tiket Masuk Candi Prambanan,singgih eko prasetyo,"keren banget, tiket.com rekomended untuk teman liburan","5,0
/5",29 Sep 2023
Tiket Masuk Candi Prambanan,Restawanu Fika,Keren dan mantap sekali wisatanya,"5,0
/5",29 Sep 2023
Tiket Masuk Candi Prambanan,Nofi Safitri,"First time ke sini, have fun!","5,0
/5",27 Sep 2023
Tiket Masuk Candi Prambanan,LI,Penukaran tiketnya mudah. Dan ada mobil wara wiri dekat pintu masuk stlh pemeriksaan karcis yg bisa dinaiki untuk keliling candi dengan biaya 20K/org. Saya juga pakai tour guide yang bisa bantu foto2 ...,"5,0
/5",27 Sep 2023
Tiket Masuk Candi Prambanan,Anita Puspita Sari,"Karena beli online jd ga perlu antri.. sat set lgsung masuk… Seneng bgt bisa kesini tempatnya bersih, pas masuk lgsung denger suara gamelan… berasa bgt vibesJogja nya","5,0
/5",26 Sep 2023
Tiket Masuk Candi Prambanan,Zubaidah Zubaidah,Kereen banget dan bener2 karya leluhur yang luar biasa,"5,0
/5",26 Sep 2023
Tiket Masuk Candi Prambanan,Fatmawati Fatmawati,"Pengalaman yg sangat menyenangkan mengunjungi situs budaya di indonesia , Keunikan Candi Prambanan. Candi Prambanan&nbsp;tercatat dalam situs warisan dunia UNESCO. Pembangunan Candi Prambanan ditujuka...","5,0
/5",26 Sep 2023
Tiket Masuk Candi Prambanan,yuliyanto yuliyanto,"Good lah, sedikit lebih miring darí harga on the spot tapi ya kadang agak lola entah hp saya atau di konter saat redeem tiket","5,0
/5",26 Sep 2023
Tiket Masuk Candi Prambanan,Andreas Rizaldi,"Keren,besok"" harus datenh lagi","5,0
/5",26 Sep 2023
Tiket Masuk Candi Prambanan,Lasmini Lasmini,bagus untuk dijadikan tempat liburan untuk keluarga dan teman teman,"5,0
/5",25 Sep 2023
Tiket Masuk Candi Prambanan,FNH,Good tapi ga Ada arahan,"5,0
/5",25 Sep 2023
Tiket Masuk Candi Prambanan,Asri Sandi,ga perlu antri tinggal scan barcode langsung masuk... memudahkan banget... secinta itu sama tiket.com Menjelajah tempat wisata dengab bahagia,"5,0
/5",25 Sep 2023
Tiket Masuk Candi Prambanan,Ririn Asienta Suci,Next visit with family☺�,"5,0
/5",25 Sep 2023
Tiket Masuk Candi Prambanan,AN,"Tempat bagus, recomend","5,0
/5",25 Sep 2023
Tiket Masuk Candi Prambanan,IH,"Mantab bgt pokoknya, walaupun terik panas tp happy bgt","5,0
/5",25 Sep 2023
Tiket Masuk Candi Prambanan,KR,"Pembelian tiket lebih mudah, dan lebih murah.","5,0
/5",24 Sep 2023
Tiket Masuk Candi Prambanan,AR,Baru pertama kesini sama pasangan bagus dah indah,"5,0
/5",24 Sep 2023
Tiket Masuk Candi Prambanan,Ericko Arifin,Pengalaman yang mantap,"5,0
/5",24 Sep 2023
Tiket Masuk Candi Prambanan,NR,Tetep harus tukar fisik nya,"5,0
/5",24 Sep 2023
Tiket Masuk Candi Prambanan,NR,Tetep harus tuker fisik,"5,0
/5",24 Sep 2023
Tiket Masuk Candi Prambanan,Reni Rochyati,Puassss Mantapppp betulllllll,"5,0
/5",24 Sep 2023
Tiket Masuk Candi Prambanan,Viska Maulid Fortuna,nznskskskskskkxkxjxjxxj,"5,0
/5",24 Sep 2023
Tiket Masuk Candi Prambanan,Viska Maulid Fortuna,"cepat, mudah, terjangkau, bisa masuk","5,0
/5",24 Sep 2023
Tiket Masuk Candi Prambanan,Dipta Abdi Hermawan,Good. Thanks tiket . Com,"5,0
/5",23 Sep 2023
Tiket Masuk Candi Prambanan,Ida Dahlia Luther,"It was wonderful to be able to see the Prambanan temple, unfortunately some parts are still under repair. We hope Indonesia can repair the temple soon.","5,0
/5",23 Sep 2023
Tiket Masuk Candi Prambanan,Wahyu Rizki Indah Permatasari,"Jadi ga ngantri, dan harga lebih murah","5,0
/5",23 Sep 2023
Tiket Masuk Candi Prambanan,YR,"candi sangat bagus dan terawat, tempat nyaman","5,0
/5",23 Sep 2023
Tiket Masuk Candi Prambanan,JW,Lebih memudahkann beli onlineee,"5,0
/5",23 Sep 2023
Tiket Masuk Candi Prambanan,YR,nice candi bersih dan terawat,"5,0
/5",22 Sep 2023
Tiket Masuk Candi Prambanan,HS,Bestlah karena deket dari rumah juga,"5,0
/5",22 Sep 2023
Tiket Masuk Candi Prambanan,Tamara Schranz,Everything fine. Fast check in,"5,0
/5",22 Sep 2023
Tiket Masuk Candi Prambanan,IF,Jadi lebih mudah. Tanpa antri.,"5,0
/5",22 Sep 2023
Tiket Masuk Candi Prambanan,JU,Kmrn kesana rame banget karna lg ada event .. Cuaca emng lagi panas2 nya.. Tp nice ko Kalo masuk ke dlm di periksa tas karna ga boleh bawa makan minum dr luar ..,"5,0
/5",22 Sep 2023
Tiket Masuk Candi Prambanan,MY,Dapet harga murah lumayan ngga nganti pas disana... Langsung cetak dan masuk,"5,0
/5",21 Sep 2023
Tiket Masuk Candi Prambanan,AD,"Baguss apalagi pas ada kaws, pemandangan senjanya mantapp","5,0
/5",20 Sep 2023
Tiket Masuk Candi Prambanan,Diah Mustikasari,Claim cepat. dan harga tidak beda jauh dengan di loket,"5,0
/5",20 Sep 2023
Tiket Masuk Candi Prambanan,Muhammad ali imran,Goodddddddddddddddddd,"5,0
/5",20 Sep 2023
Tiket Masuk Candi Prambanan,Sri Wahyuningsih,"Bagus banget, luar biasa sih","5,0
/5",20 Sep 2023
Tiket Masuk Candi Prambanan,Susan Hernisyah,Cara penukarannya mudah,"5,0
/5",20 Sep 2023
Tiket Masuk Candi Prambanan,Susan Hernisyah,Cara penukarannya mudah,"5,0
/5",20 Sep 2023
Tiket Masuk Candi Prambanan,AL,Wisata edukasi keluarga cukup menarik walaupun panas dan terik,"5,0
/5",19 Sep 2023
Tiket Masuk Candi Prambanan,Aris Pirmansah,Good view and refreshmenth,"5,0
/5",19 Sep 2023
Tiket Masuk Candi Prambanan,Vinaya Dwi Oktya,Pas mau masuk tinggal scan barcode jadi lebih cepat,"5,0
/5",19 Sep 2023
Tiket Masuk Candi Prambanan,Boris Andre Charles Jacquot,"Pas mau masuk tinggal scan barcode, jadi lebih cepat.","5,0
/5",19 Sep 2023
Tiket Masuk Candi Prambanan,Dias Khairinisa Rahmadhani,Mudah gak perlu antri!,"5,0
/5",19 Sep 2023
Tiket Masuk Candi Prambanan,Dhaniel Arya Maulana,Mantep bagus view nya,"5,0
/5",19 Sep 2023
Tiket Masuk Candi Prambanan,IA,penukaran cepat karna tidak banyak yg antri,"5,0
/5",19 Sep 2023
Tiket Masuk Candi Prambanan,RAPHAEL FARREL HUTAPEA,Keren abiz...........,"5,0
/5",18 Sep 2023
Tiket Masuk Candi Prambanan,Indah Nurhayati,Masuknya gak pake antri,"5,0
/5",18 Sep 2023
Tiket Masuk Candi Prambanan,PC,Cepat tidak usah mengantri lagi,"5,0
/5",18 Sep 2023
Tiket Masuk Candi Prambanan,Yulia Warningsih,"Recomend bgt, kalo kejogja jgn lupa mampirr","5,0
/5",18 Sep 2023
Tiket Masuk Candi Prambanan,Shania Aufa Calya Arfianto,Ok mudah untuk penukaran tiket,"5,0
/5",18 Sep 2023
Tiket Masuk Candi Prambanan,Deviana Hartono,"Ok bagus, tp panas dan penataan arah keluar masuk org terlalu jauh","5,0
/5",18 Sep 2023
Tiket Masuk Candi Prambanan,LA,"View masih tetap kiyowo ya, gak sia2 dtg ke prambanan, sayang kaws sdh gak ad lagi😥, mesti jd destinasi wisata kalau kalian ke jogja, dan biar lbh mudah beli tiketnya tetep donk di tiket.com","5,0
/5",17 Sep 2023
Tiket Masuk Candi Prambanan,Pradhita Alpiandari,"Anak2 seneng dan penasaran isi candi ,momen untuk anak2 belajar","5,0
/5",17 Sep 2023
Tiket Masuk Candi Prambanan,RAHAYU NUR HAYATI,The great Hindoo temple in Indonesia. So huge and incredible 😍 you need extra time and energy to enjoy all of the corner of this temple... the best time to have best photo is in the morning 😉,"5,0
/5",16 Sep 2023
Tiket Masuk Candi Prambanan,Nestaya Dallara,seru bgtt lihat kaws holidayy,"5,0
/5",16 Sep 2023
Tiket Masuk Candi Prambanan,DN,Tapi fasilitas nya masih kurang dibandingkan Borobudur,"5,0
/5",16 Sep 2023
Tiket Masuk Candi Prambanan,SA,Beli via tiket.com masuk tanpa antri,"5,0
/5",16 Sep 2023
Tiket Masuk Candi Prambanan,Hamzah Abdul Majid,kereeeeeeeeeeeeeeeeen,"5,0
/5",16 Sep 2023
Tiket Masuk Candi Prambanan,Alliva Ammar Fadhilah,bagusssssssssssssssssss,"5,0
/5",16 Sep 2023
Tiket Masuk Candi Prambanan,munanjar harabi,Okokokokokkokokokokookokokokookokok,"5,0
/5",16 Sep 2023
Tiket Masuk Candi Prambanan,Sarah Maharani,Happy bisa sekuteran sedu pokonya🤍,"5,0
/5",15 Sep 2023
Tiket Masuk Candi Prambanan,Mira Ariyanti,"👍🏻👍🏻 thanjs, jesini katena ada kaes aja sih hhee","5,0
/5",15 Sep 2023
Tiket Masuk Candi Prambanan,Widi Astuti,"Proses cepat dan lancar, tdk perlu antri panjang dan ada potongan harga meski dikit hehe.. nambah lg potongannya dong tiket.com","5,0
/5",15 Sep 2023
Tiket Masuk Candi Prambanan,Sitti Syahri Ramadhani Yanti Ladupu,Harga lebih murah dan saya senang di sana,"5,0
/5",14 Sep 2023
Tiket Masuk Candi Prambanan,Ivan Vanani,Cepat dan sedikit lebih murah,"5,0
/5",14 Sep 2023
Tiket Masuk Candi Prambanan,Tika Putri,ada kaws😍 happy sekali,"5,0
/5",14 Sep 2023
Tiket Masuk Candi Prambanan,HA,Seru abis bisa liat figur kaws !!!,"5,0
/5",14 Sep 2023
Tiket Masuk Candi Prambanan,LR,"Memudahkan, pengalaman yang menyenangkan","5,0
/5",14 Sep 2023
Tiket Masuk Candi Prambanan,YD,"Menyenangkan, tanpa antri langsung cetak di mesin","5,0
/5",14 Sep 2023
Tiket Masuk Candi Prambanan,HS,So easy to redeem. I have a great experience,"5,0
/5",13 Sep 2023
Tiket Masuk Candi Prambanan,Nur Baeti,"keren, jadi gak perlu antri, hehe","5,0
/5",13 Sep 2023
Tiket Masuk Candi Prambanan,Kodiyatno Kodiyatno,"Harga tiket sesuai , cuma lumayan jalan nya jauh","5,0
/5",13 Sep 2023
Tiket Masuk Candi Prambanan,Ahmad Faris Darmawan,Keren dan menyenangkan,"5,0
/5",13 Sep 2023
Tiket Masuk Candi Prambanan,Thahareza Ruzaen,"Lebih murah, gampang, sesuai","5,0
/5",13 Sep 2023
Tiket Masuk Candi Prambanan,GH,"Kawasan candi prambanan sangat bagus, jika kesana siang hari diharapkan membawa payung atau topi","5,0
/5",13 Sep 2023
Tiket Masuk Candi Prambanan,Amelia Ramadhani,Simple dan gak pake antri.,"5,0
/5",13 Sep 2023
Tiket Masuk Candi Prambanan,RS,"Harga di tiket.com lebih murah, view prambanan walau panas tapi cantik bangets","5,0
/5",12 Sep 2023
Tiket Masuk Candi Prambanan,Rena Anriana,"Kesan pertama beli tiket online dari aplikasi ini sangat memuaskan, gak ribet dan memudahkan banget buat yang baru pertama kali ke prambanan. Datang tinggal cetak tiket, terus udah bisa masuk ke dalam...","5,0
/5",12 Sep 2023
Tiket Masuk Candi Prambanan,RI,"Ke situ buat lihat KAWS tapi ternyata sekarang sudah boleh masuk ke dalam bangunan candi-candinya juga. Jadi senang, hehe.","5,0
/5",12 Sep 2023
Tiket Masuk Candi Prambanan,Rr Nuredhi Pradewi,Candi prambanan X Kaws Holiday kereeennnn,"5,0
/5",12 Sep 2023
Tiket Masuk Candi Prambanan,Yuni Susanti,Oke banget pokoknya seru,"5,0
/5",12 Sep 2023
Tiket Masuk Candi Prambanan,Yoppy Hockiyanto,Worth for money. I will revisit this place with my family,"5,0
/5",12 Sep 2023
Tiket Masuk Candi Prambanan,TA,Gooooooooodddddddddddd,"5,0
/5",12 Sep 2023
Tiket Masuk Candi Prambanan,Salsa Ade Muthia Hasibuan,Prambanan good 🥰🤍🫶🏻🫶🏻✨,"5,0
/5",12 Sep 2023
Tiket Masuk Candi Prambanan,Rini Berliana,Pemesanan tiket cepat dan pastinya lebih murah. Tempat wisata juga keren dan bagus,"5,0
/5",11 Sep 2023
Tiket Masuk Candi Prambanan,amalia rachel,"Seneng banget beli tiket masuk candi lewat tiket com karena ada diskon lumi yaa buat bayar parkir, trus ternyata skng di candi nggak cuma loat candi aja tapi juga banyak wahana yang bisa didatengin da...","5,0
/5",11 Sep 2023
Tiket Masuk Candi Prambanan,TS,"Bagusss bangett, apalagi kalo pas sunset ituu gemeshh siii, thankyou prambanan 🫶🏻","5,0
/5",11 Sep 2023
Tiket Masuk Candi Prambanan,Ilona Gracia Anytta,"gak usah repot2 antri beli tiket, harganya lebih murah dr beli ots.. ada loket sendiri buat tuker tiket.. puas banget..","5,0
/5",11 Sep 2023
Tiket Masuk Candi Prambanan,EB,Proses lebih cepat dan tidak perlu repot antri. Thanks👍🏻,"5,0
/5",11 Sep 2023
Tiket Masuk Candi Prambanan,Syifa Fauzia,"Pakai aplikasi to do dari tiket.com semua jadi sat set gapake lama, dapet harga promo juga, ah lope lope tiket.com❤️","5,0
/5",11 Sep 2023
Tiket Masuk Candi Prambanan,SA,"Proses cepat dan cetak tiket pas udh disana juga cepat, seperti biasa prambanan sangat ramai pengunjung tapi seru!","5,0
/5",11 Sep 2023
Tiket Masuk Candi Prambanan,DF,Good cepat tanpa antrian,"5,0
/5",11 Sep 2023
Tiket Masuk Candi Prambanan,Ira Nurmalasari,Next time kesini lagi. Reedem mudah pakai Tiket.com,"5,0
/5",11 Sep 2023
Tiket Masuk Candi Prambanan,febrianto anggoro,Kerennn lah pokoknya. Prambanan jadi rame,"5,0
/5",10 Sep 2023
Tiket Masuk Candi Prambanan,Abdul Husein Simangunsong,Bagus.. recommend buat jalan2 keluarga sambil belajar sejarah,"5,0
/5",10 Sep 2023
Tiket Masuk Candi Prambanan,VA,"Proses penukaran lancar dan cepat, tidak perlu ikut antrian panjang.","5,0
/5",10 Sep 2023
Tiket Masuk Candi Prambanan,kharisma Dewi Fadia Susanti,"Keren banget, seru, ada kaws juga","5,0
/5",10 Sep 2023
Tiket Masuk Candi Prambanan,DL,"lebih murah dripada beli langsung, kerenn🔥","5,0
/5",10 Sep 2023
Tiket Masuk Candi Prambanan,Avinash Sharma,Great ...easy to redeem,"5,0
/5",10 Sep 2023
Tiket Masuk Candi Prambanan,AR,Tempatnya bagus dan menyenangkan,"5,0
/5",10 Sep 2023
Tiket Masuk Candi Prambanan,VA,"Prosesnyaa cepat sekali, jadi gaperlu antri untuk beli tiket","5,0
/5",10 Sep 2023
Tiket Masuk Candi Prambanan,Andi Masdian,Nyaman dan bersih serta rapi,"5,0
/5",10 Sep 2023
Tiket Masuk Candi Prambanan,Andi Masdian,Nyaman dan bersih rapi,"5,0
/5",10 Sep 2023
Tiket Masuk Candi Prambanan,Andi Masdian,Nyaman banget Bersih,"5,0
/5",10 Sep 2023
Tiket Masuk Candi Prambanan,Midrel Jenifer Beslar,"ksini pas event #kawsholiday dan beli voucher di tiket.com ngebantu bgt krn ga antri! anyway, prambanan bersanding sm kaws jd makin keren!","5,0
/5",10 Sep 2023
Tiket Masuk Candi Prambanan,JS,Best time adalah sunset!,"5,0
/5",10 Sep 2023
Tiket Masuk Candi Prambanan,Pratiwi Ayu Andriana,"It's fun! Tujuan awalnya untuk KAWS holidays, dan sekalian mampir ke kompleks Candi Prambanan. Ngarepnya bisa balik lagi as soon as possible karena kmrn ga sempat pakai jasa tour guide dan pas lihat t...","5,0
/5",10 Sep 2023
Tiket Masuk Candi Prambanan,Dewi Tunjung Sari,Keren pengalaman luarbiasa,"5,0
/5",9 Sep 2023
Tiket Masuk Candi Prambanan,Muh Hanif Haris,Menyenangkan Liburan di Tempat Bersejarah,"5,0
/5",9 Sep 2023
Tiket Masuk Candi Prambanan,Indri Safitri,"good view, dan cukup menarik saat ada event kwas","5,0
/5",9 Sep 2023
Tiket Masuk Candi Prambanan,Risti Amaliya,🤗🤗🤗🤗🤗🤗🤗besttt pokonya,"5,0
/5",9 Sep 2023
Tiket Masuk Candi Prambanan,ida daenaryati,Seruu next time k sana lg,"5,0
/5",9 Sep 2023
Tiket Masuk Candi Prambanan,MU,Bagus banget 🥰🥰🥰🥰,"5,0
/5",9 Sep 2023
Tiket Masuk Candi Prambanan,CS,Seru bgt pas di kaws. Dan baru pertama kali ke prambanan,"5,0
/5",9 Sep 2023
Tiket Masuk Candi Prambanan,HS,coolllll 😎😎😎😎😎😎😎😎,"5,0
/5",9 Sep 2023
Tiket Masuk Candi Prambanan,HS,"View khas prambanan yang indah namun lain kali hsrus bawa payung apabila kesana, panas banget","5,0
/5",9 Sep 2023
Tiket Masuk Candi Prambanan,AP,Sangat mudah saat akan masuk,"5,0
/5",9 Sep 2023
Tiket Masuk Candi Prambanan,Antonia Erica Clemens,keren mantap seru sekali,"5,0
/5",8 Sep 2023
Tiket Masuk Candi Prambanan,Fitria Apreliani,Klo beli di tiket.com jadi gak perlu antriii,"5,0
/5",8 Sep 2023
Tiket Masuk Candi Prambanan,MM,Good view dan asik banget,"5,0
/5",8 Sep 2023
Tiket Masuk Candi Prambanan,Windy larasati,Hoki bngt pas ada kaws holiday,"5,0
/5",8 Sep 2023
Tiket Masuk Candi Prambanan,Dendy Aryaga,Good experience and wonderful,"5,0
/5",8 Sep 2023
Tiket Masuk Candi Prambanan,Dwi Baktiawan,Indah sekali dan penukaran tiketnya mudah sekali,"5,0
/5",8 Sep 2023
Tiket Masuk Candi Prambanan,JEROME MAZZI JEROME MAZZI,No words for this place...,"5,0
/5",8 Sep 2023
Tiket Masuk Candi Prambanan,HP,Destinasi wisata yang wajib dikunjungi saat berada di Yogyakarta ♥️,"5,0
/5",8 Sep 2023
Tiket Masuk Candi Prambanan,NJ,Menyenangkan dan kebetulan ada kaws,"5,0
/5",8 Sep 2023
Tiket Masuk Candi Prambanan,Akhmad Fahada Firbhi Azra,mantap bisa liat kawas,"5,0
/5",7 Sep 2023
Tiket Masuk Candi Prambanan,RM,"Bersiiih, tapi susah cari mushollanya, papan infonya kurang","5,0
/5",7 Sep 2023
Tiket Masuk Candi Prambanan,QP,Melihat keindahan arsitektur candi prambanan serta berfoto bersama karya seni dari seniman Kaws,"5,0
/5",7 Sep 2023
Tiket Masuk Candi Prambanan,Yani Abadi,Gak pake antri..cepat pelayanannya,"5,0
/5",7 Sep 2023
Tiket Masuk Candi Prambanan,BD,"place is nice, kaws is there","5,0
/5",7 Sep 2023
Tiket Masuk Candi Prambanan,MM,Pas pergi ada event KAWS.. antrian di loket umum panjaanggg banget...tp gw ga antriiii🥰,"5,0
/5",7 Sep 2023
Tiket Masuk Candi Prambanan,AM,seruuuuuuuuuu pisan tp sangat panas yagesya klo uda siang,"5,0
/5",7 Sep 2023
Tiket Masuk Candi Prambanan,INTAN LESTARI,6/10 soalnya pas ke sana gabisa naik cuma di bawah² doang,"5,0
/5",7 Sep 2023
Tiket Masuk Candi Prambanan,LA,Tinggal tuker ke tiket fisik di loket yg paling jiri. Harga beda 2k dari harga asli 50k. Masuk tiket discan oleh petugas. Makanan ga boleh dibawa masuk. Tinggal jalan kaki dikit buat liat kaws. Tapi l...,"5,0
/5",7 Sep 2023
Tiket Masuk Candi Prambanan,Farrel Abdullah Al Ghazali,Sangat membantu untuk yg malas antri beli tiket🤣,"5,0
/5",6 Sep 2023
Tiket Masuk Candi Prambanan,Muhammad Zidan Syauqi,"Bagus banget,tapi masih ada yang lagi di renov","5,0
/5",6 Sep 2023
Tiket Masuk Candi Prambanan,JOHAN LUHUR WIHARJO,keren bgttttttttttttt,"5,0
/5",6 Sep 2023
Tiket Masuk Candi Prambanan,Namira Dita,Seru banget walau rame karena lg ada kaws holiday,"5,0
/5",6 Sep 2023
Tiket Masuk Candi Prambanan,vita cahya,mantullll keren banget kagum bgt sm candi prambanan,"5,0
/5",6 Sep 2023
Tiket Masuk Candi Prambanan,Nurul Fazila,"Candi nyaa cantik, dilihat dari kejauhan megah. Tpi sayang, pas dateng lgi di bangun ulang candinyaaa. Tpi tetep cantik","5,0
/5",5 Sep 2023
Tiket Masuk Candi Prambanan,RS,Mantullllllllllllllll,"5,0
/5",5 Sep 2023
Tiket Masuk Candi Prambanan,Ika puji Novitasari,Seneng bisa main sama keluarga kecilku,"5,0
/5",5 Sep 2023
Tiket Masuk Candi Prambanan,RA,Mantul banget dan gak ribet,"5,0
/5",5 Sep 2023
Tiket Masuk Candi Prambanan,RP,Wisata yg wajib didatangi kalo ke Jogja,"5,0
/5",5 Sep 2023
Tiket Masuk Candi Prambanan,Tri Ardiansyah,Bagus murah meriah ga perlu antri,"5,0
/5",5 Sep 2023
Tiket Masuk Candi Prambanan,Destrin Nandalia,Prambanan always keren dan lokasinya terjangkau dari kota,"5,0
/5",4 Sep 2023
Tiket Masuk Candi Prambanan,Novwida Wifa Tsabita,"jadi gak perlu antri, top markotop","5,0
/5",4 Sep 2023
Tiket Masuk Candi Prambanan,Widya kurniawati,Puas! Harga di tiket.com ngga pernah ngecewain,"5,0
/5",4 Sep 2023
Tiket Masuk Candi Prambanan,Ahmad Isrondi,Kesini karena ada event KAWS! Sekalian.,"5,0
/5",4 Sep 2023
Tiket Masuk Candi Prambanan,IF,mantap murah dan cepet,"5,0
/5",4 Sep 2023
Tiket Masuk Candi Prambanan,DS,"Bagus banget 🥰🥰 dan praktis tanpa antri"" lagi beli tiket","5,0
/5",4 Sep 2023
Tiket Masuk Candi Prambanan,Rizky Zulfa Afrida,Mantap. Jadi ga perlu antri lagi di counternya,"5,0
/5",4 Sep 2023
Tiket Masuk Candi Prambanan,Rina Nurfauziah,"Pemandangan yg indah, dan fasilitas yg baik","5,0
/5",4 Sep 2023
Tiket Masuk Candi Prambanan,Rina Nurfauziah,Walau panas tp masih bisa dinikmati. Dan bisa masuk candi2 nya,"5,0
/5",4 Sep 2023
Tiket Masuk Candi Prambanan,MR,Lebih murah beli onlinr daripada ke beli on the spot 💗 makacihh,"5,0
/5",4 Sep 2023
Tiket Masuk Candi Prambanan,HA,Ada kaws nya. Penasaran mau liat,"5,0
/5",4 Sep 2023
Tiket Masuk Candi Prambanan,SU,no antri antri club..,"5,0
/5",4 Sep 2023
Tiket Masuk Candi Prambanan,Muhammad Rizki Kurniawan,seruu banget di sana walaupun panas,"5,0
/5",4 Sep 2023
Tiket Masuk Candi Prambanan,Rafael Octora Malau,Tidak pernah bosan mengunjungi prambanan,"5,0
/5",4 Sep 2023
Tiket Masuk Candi Prambanan,BENI SAPRIANTO,Prambanan keren mantap bersih,"5,0
/5",4 Sep 2023
Tiket Masuk Candi Prambanan,Mira DamayantiS,Pelayananya oke diarahakan dengan baik,"5,0
/5",3 Sep 2023
Tiket Masuk Candi Prambanan,kristofera Ap,good bagus sekali makasi,"5,0
/5",3 Sep 2023
Tiket Masuk Candi Prambanan,Cyntia Andrina,Gud bagus sekali nonton kaws balon pi n,"5,0
/5",3 Sep 2023
Tiket Masuk Candi Prambanan,Ayu Renda Listiana,"Tempatnya bagus, wajib kesini kalau ke jogja","5,0
/5",3 Sep 2023
Tiket Masuk Candi Prambanan,marisaoktafiani marisaoktafiani,"mantepp, keren😉😉😉😉","5,0
/5",3 Sep 2023
Tiket Masuk Candi Prambanan,Meichel Budy Himawan,Redemption mudah dan praktis,"5,0
/5",3 Sep 2023
Tiket Masuk Candi Prambanan,AF,"Tiket murah, jadi ga perlu antri lagi, kebetulan pas kesana ada kaws holiday jadi seruuuuu, bisa ke prambanan sekaligus liat kaws pinkk","5,0
/5",3 Sep 2023
Tiket Masuk Candi Prambanan,Putri Rahmatika,baguss kayak gajadi ribet aja 😇😇,"5,0
/5",3 Sep 2023
Tiket Masuk Candi Prambanan,Novia Septika Rani,Okokokokokookokokokkk,"5,0
/5",3 Sep 2023
Tiket Masuk Candi Prambanan,Farah Mariah Andriany,Bagussss bgttt gapernah ngecewain prambanan tuh,"5,0
/5",3 Sep 2023
Tiket Masuk Candi Prambanan,lisna ginawati,Gausah antri langsung cetak kalo pedan via tiket.com,"5,0
/5",3 Sep 2023
Tiket Masuk Candi Prambanan,Nurul Hidayah,Dapet free moment ketemu kaws gokils tp harganya sama 🥰,"5,0
/5",3 Sep 2023
Tiket Masuk Candi Prambanan,Arif Yulianto,Cepat dan penukaran tiket juga mudah,"5,0
/5",3 Sep 2023
Tiket Masuk Candi Prambanan,Yakobus Fandilion Nahak,okeeeeeeeeeeeeeeeeeeeeee eeeeeeee,"5,0
/5",3 Sep 2023
Tiket Masuk Candi Prambanan,Secha Ninda Hana Putri,Keren bgt apalagi pas kemarin ada kaws 🩷,"5,0
/5",2 Sep 2023
Tiket Masuk Candi Prambanan,fendy permanatara,Sangat membantu dan berkesan sekali buat kami,"5,0
/5",2 Sep 2023
Tiket Masuk Candi Prambanan,KS,keren n story ttng candi2nya bagus,"5,0
/5",2 Sep 2023
Tiket Masuk Candi Prambanan,Hevrymansyah Bayu Indrajaya,Mantap mempermudah dan lebih murah,"5,0
/5",2 Sep 2023
Tiket Masuk Candi Prambanan,ND,Memudahkan bagi yang gak mau antri lama. Kemarin dapat diskon😁😁😁 Kebetulan pas lagi ad event kaws holiday,"5,0
/5",2 Sep 2023
Tiket Masuk Candi Prambanan,Silvi Ayunindiakasih,"Mantaaap, kesana pas ada event kaws","5,0
/5",2 Sep 2023
Tiket Masuk Candi Prambanan,EK,Kereenn.. jadi langsung bisa masuk buat liat si pink Kaws Holiday gapake antriii..,"5,0
/5",2 Sep 2023
Tiket Masuk Candi Prambanan,Nurul Fajria Syami,"MANTAP, tapi kalo kesini jangan lupa bawa payung sendiri / topi + kacamata karna panasss pollll","5,0
/5",2 Sep 2023
Tiket Masuk Candi Prambanan,RY,Good experiences at Prambanan tampil and see kaws holiday,"5,0
/5",2 Sep 2023
Tiket Masuk Candi Prambanan,FW,"pas datang lagi ada event kaws, tapi buset panas banget","5,0
/5",2 Sep 2023
Tiket Masuk Candi Prambanan,YP,"Seru bangett ke prambanan, krna pas ada kaws","5,0
/5",2 Sep 2023
Tiket Masuk Candi Prambanan,Ruth Poppy Vania Panjaitan,"Good, untuk jalan jalan. Dateng pas ada Kaws hahahah","5,0
/5",2 Sep 2023
Tiket Masuk Candi Prambanan,Gita Primalistya,Nice especially the kaws,"5,0
/5",2 Sep 2023
Tiket Masuk Candi Prambanan,Gree Tri Rizkyku,kerennnnnnnnnnnnnnnnnn,"5,0
/5",2 Sep 2023
Tiket Masuk Candi Prambanan,UW,"Bagus, tempatnya bersih","5,0
/5",2 Sep 2023
Tiket Masuk Candi Prambanan,Cristhoper Aritonang,Salah satu tempat tujuan wisata yang wajib di datengin kalau ke jogja,"5,0
/5",1 Sep 2023
Tiket Masuk Candi Prambanan,NW,overall is good dan memudahkan kita para traveler yg suka pergi atau wisata yg diluar rencana selain mudah booking tiketnya ada banyak potongan diskon dan voucher voucher lain yg bida dipake untuk wis...,"5,0
/5",1 Sep 2023
Tiket Masuk Candi Prambanan,Mohammad Rama Andrian,View keren dan indah untuk candi Prambanan,"5,0
/5",1 Sep 2023
Tiket Masuk Candi Prambanan,RA,"Seru sih kemaren pas kesana juga ha terlalu rame"" banget jadi masih oke kalo mau cari spot foto, pelayanannya juga not bad, buat yg beli tiket online ga perlu antri panjang","5,0
/5",1 Sep 2023
Tiket Masuk Candi Prambanan,Eka Widya Ningrum,prambanan siapa yg tidak tahu. kemegahan bangunan candi bikin mata terperanga. love it,"5,0
/5",1 Sep 2023
Tiket Masuk Candi Prambanan,Ivana Manuela,"Mantappp banget, keren abis","5,0
/5",1 Sep 2023
Tiket Masuk Candi Prambanan,Debbi Fernanda,-Proses penggantian tiket sangar mudah Dan cepat 🥳,"5,0
/5",1 Sep 2023
Tiket Masuk Candi Prambanan,MO,Pas ke prambanan ada kaws,"5,0
/5",1 Sep 2023
Tiket Masuk Candi Prambanan,JH,Seru dan pas banget ada kaws holiday,"5,0
/5",1 Sep 2023
Tiket Masuk Candi Prambanan,Angel Rindu Kristina Siahaan,"Seru, ditambah sedang ada KAWS Holiday jd makin asik","5,0
/5",1 Sep 2023
Tiket Masuk Candi Prambanan,Nusa Ramadhan,Ga pake antri masuknya. Top!,"5,0
/5",1 Sep 2023
Tiket Masuk Candi Prambanan,Monica Lestari,Tempat bersihhh lumayan ramai pengunjung,"5,0
/5",1 Sep 2023
Tiket Masuk Candi Prambanan,sasono sumirat,Kawasan wisata yang luas indah dan juga puas deh kalau beli harga segitu,"5,0
/5",1 Sep 2023
Tiket Masuk Candi Prambanan,YOHANA AVILA NAWANG,Kereeenn. Penukaran tiket mudah tp antree. Sebaiknya klu sdh ada barcode bisa lgs masuk,"5,0
/5",1 Sep 2023
Tiket Masuk Candi Prambanan,ELAN PERMANA,One of the best destination in yogya..,"5,0
/5",1 Sep 2023
Tiket Masuk Candi Prambanan,Rana Kamila,Lebih murah daripada ots. Reedem nya gampang ga perlu antri,"5,0
/5",1 Sep 2023
Tiket Masuk Candi Prambanan,Muhamad Maulana Mansyur,Cakepppppppp bangetttt,"5,0
/5",1 Sep 2023
Tiket Masuk Candi Prambanan,Okhe Khatika,Prambanan Tample is majestic!,"5,0
/5",31 Aug 2023
Tiket Masuk Candi Prambanan,Evi Lutfia,"Bagus, kesini pas ada kaws juga.","5,0
/5",31 Aug 2023
Tiket Masuk Candi Prambanan,AJ,"Keren banget, cocok di kunjungi pas musim panas gini.. Sambil neduh di bawah pohon menikmati angin sepi sepoi","5,0
/5",31 Aug 2023
Tiket Masuk Candi Prambanan,KS,"Lebih mudah beli tiket disini, datang tinggal scan dan langsung masuk.","5,0
/5",31 Aug 2023
Tiket Masuk Candi Prambanan,Grendi Laoh,Gak ngantri lagi...........,"5,0
/5",31 Aug 2023
Tiket Masuk Candi Prambanan,vidi wulaningtyas,bagus apalagi ditambah kaws tambah bagus lagi. semoga selesai rehabilitasi biar tambah bagus lagi. dan buggy nya bs dong dipake keliling prambanan hehehehe,"5,0
/5",31 Aug 2023
Tiket Masuk Candi Prambanan,Yuannisa Prasasti,Liburan jadi cepat dan gampang. Harga tiketnya juga lebih murah. Yang jelas bebas antri 🤪,"5,0
/5",31 Aug 2023
Tiket Masuk Candi Prambanan,Anggi Pratiwi,Seneng banget dtg ke Prambanan bonus liat kaws,"5,0
/5",31 Aug 2023
Tiket Masuk Candi Prambanan,Nida Mutia Nasution,Seru banget jalan jalan kesini,"5,0
/5",31 Aug 2023
Tiket Masuk Candi Prambanan,Liana Verawaty,Tanpa antri. Pelayanan cepat,"5,0
/5",31 Aug 2023
Tiket Masuk Candi Prambanan,DR,must visit historic place buy at tiket.com so that you don't have to queue the entrance ticket in venue,"5,0
/5",31 Aug 2023
Tiket Masuk Candi Prambanan,Dian Rismayanti,Tiket.com mempermudah semua,"5,0
/5",31 Aug 2023
Tiket Masuk Candi Prambanan,Amalina Farikha,Bagus seru buangeeeedeedeeet,"5,0
/5",31 Aug 2023
Tiket Masuk Candi Prambanan,YS,Good Experience…………..,"5,0
/5",31 Aug 2023
Tiket Masuk Candi Prambanan,YS,Good Experience…………..,"5,0
/5",31 Aug 2023
Tiket Masuk Candi Prambanan,YS,Good Experience…………..,"5,0
/5",31 Aug 2023
Tiket Masuk Candi Prambanan,YS,Good Experience…………..,"5,0
/5",31 Aug 2023
Tiket Masuk Candi Prambanan,Muhammad Rafai,Ok bgt tempat nya bersih,"5,0
/5",30 Aug 2023
Tiket Masuk Candi Prambanan,Ritania Menik Utami,Sangat mudah tinggal datang ke tiket n print aja gak ribet,"5,0
/5",30 Aug 2023
Tiket Masuk Candi Prambanan,MR,Lebih murah dari ots lumayan buat parkir,"5,0
/5",30 Aug 2023
Tiket Masuk Candi Prambanan,Agnes Evy Hayuningtyas,Good serruuuuu bgt sih,"5,0
/5",30 Aug 2023
Tiket Masuk Candi Prambanan,Frandika Christianto,keree bangeettttttr bangest,"5,0
/5",30 Aug 2023
Tiket Masuk Candi Prambanan,Indah Tiara Amiati,Menyenangkan selalu ke prambanan. Beli di tiket.com dapat diskon lagi,"5,0
/5",30 Aug 2023
Tiket Masuk Candi Prambanan,Ardian Endra Pratama,KAWS: HOLIDAY INDONESIA,"5,0
/5",30 Aug 2023
Tiket Masuk Candi Prambanan,Laila Fatmala Santi,Bagus bagsua bagus bagsu bagus bagus bagus bagus bagus bagus bagus bagus bagus bagus bagus bagus bagus bagus bagus bagus,"5,0
/5",30 Aug 2023
Tiket Masuk Candi Prambanan,Lintang Samudera,"Cepat dan murah, lebih murah daripada offline","5,0
/5",30 Aug 2023
Tiket Masuk Candi Prambanan,Muhamad Rudini,Mantap tidak perlu amtri buat beli tiket lagi ada loket khusus,"5,0
/5",30 Aug 2023
Tiket Masuk Candi Prambanan,Muhamad Ardja Widjaya,Terbaik dan recommended,"5,0
/5",30 Aug 2023
Tiket Masuk Candi Prambanan,KD,Bagus dan sangat berkesan,"5,0
/5",30 Aug 2023
Tiket Masuk Candi Prambanan,DM,👌👌👌👌👌👌👌👌👌👌👌👌👌👌👌👌👌👌👌,"5,0
/5",30 Aug 2023
Tiket Masuk Candi Prambanan,TG,cocok untuk liburan bersama keluarga untuk mengenal sejarah,"5,0
/5",29 Aug 2023
Tiket Masuk Candi Prambanan,GS,Mantap Pelayanan ramah,"5,0
/5",29 Aug 2023
Tiket Masuk Candi Prambanan,Dyah Ika Wulan,Sip...harga lebih murah Mempermudah masuknya karena tidak antri.,"5,0
/5",29 Aug 2023
Tiket Masuk Candi Prambanan,Sutrisno Sutrisno,Ga prlu antri d loket. Lbh murah dr harga d loket,"5,0
/5",29 Aug 2023
Tiket Masuk Candi Prambanan,Deri Faishal Harish,Good place for KAWS Holiday Indonesia 🇮🇩🔥,"5,0
/5",29 Aug 2023
Tiket Masuk Candi Prambanan,ummu uswatun hasanah,"Lebih cepat masuk, ga perluuu ngantriii panjang","5,0
/5",29 Aug 2023
Tiket Masuk Candi Prambanan,IA,"Nice, puas banget keliling candi ...","5,0
/5",29 Aug 2023
Tiket Masuk Candi Prambanan,IA,Suka banget bersamaan ada boneka kaws raksasa,"5,0
/5",29 Aug 2023
Tiket Masuk Candi Prambanan,IA,Keren bgt lah yah... apalagi ada boneka kaws aghh keren,"5,0
/5",29 Aug 2023
Tiket Masuk Candi Prambanan,AR,Asik bawa pasangan dan teman teman,"5,0
/5",29 Aug 2023
Tiket Masuk Candi Prambanan,Andary Asvaroza Munita,Biar ngga ribet antri,"5,0
/5",29 Aug 2023
Tiket Masuk Candi Prambanan,MARIA INDAH KRISNAWATI,"Keren pemandangan indah bisa lihat kemegahan candi prambanan,foto dari segala sudut juga oke banget.","5,0
/5",29 Aug 2023
Tiket Masuk Candi Prambanan,rully rully,Okeeesemua proses sangat mudah da cepat Terima kasih,"5,0
/5",29 Aug 2023
Tiket Masuk Candi Prambanan,MF,Lebih mudah dan tidak perlu antri,"5,0
/5",29 Aug 2023
Tiket Masuk Candi Prambanan,Herik Herody,"Liat kaws, kemarin print tiket lagi. Scan dari barcode order aplikasi baru bisa (bukan yg per orang)","5,0
/5",29 Aug 2023
Tiket Masuk Candi Prambanan,Ayu Lestari,Seruuu i wanna go back,"5,0
/5",29 Aug 2023
Tiket Masuk Candi Prambanan,IP,Proses penukaran tiket cepat,"5,0
/5",29 Aug 2023
Tiket Masuk Candi Prambanan,SP,Rame karena ada kaws holiday,"5,0
/5",29 Aug 2023
Tiket Masuk Candi Prambanan,Kemas Aditya Putra,"cepat dan mudah, aman terkendali","5,0
/5",28 Aug 2023
Tiket Masuk Candi Prambanan,AA,Menyenangkan banget pokoknyaaa,"5,0
/5",28 Aug 2023
Tiket Masuk Candi Prambanan,Fadhila Pramanandi Rizky,Bagussssssssss seruuuu,"5,0
/5",28 Aug 2023
Tiket Masuk Candi Prambanan,DY,Good Fast Excellent Good,"5,0
/5",28 Aug 2023
Tiket Masuk Candi Prambanan,grace chrysanta,Pengalaman yang menarik,"5,0
/5",28 Aug 2023
Tiket Masuk Candi Prambanan,SA,👍 mantap is the best,"5,0
/5",28 Aug 2023
Tiket Masuk Candi Prambanan,Erinsa Githantya,Bagus bersih dan estetik,"5,0
/5",28 Aug 2023
Tiket Masuk Candi Prambanan,NS,Good kaws holidayy adem nyaman,"5,0
/5",28 Aug 2023
Tiket Masuk Candi Prambanan,Muhammad Raja Doly Hutabarat,Good banget…………………… Pengen,"5,0
/5",28 Aug 2023
Tiket Masuk Candi Prambanan,MW,"Cepet banget ada printout machine jadi ga pake antri, lbh murah 2 rb juga 🙂","5,0
/5",28 Aug 2023
Tiket Masuk Candi Prambanan,HENDRA Rangkuti,Mantap sangat menyenangkan hati.,"5,0
/5",28 Aug 2023
Tiket Masuk Candi Prambanan,DF,Top keren bagus indah semuanya ada di prambanan,"5,0
/5",28 Aug 2023
Tiket Masuk Candi Prambanan,Nevi S,Bersih dan suasananya nyaman 👍,"5,0
/5",28 Aug 2023
Tiket Masuk Candi Prambanan,Muhamad Syarifudin,"Lokasi strategis dan membantu utk mengajarkan anak sejarah tentang candi, bahkan bisa memperlihatkan bentuk kemegahan candi itu sndiri","5,0
/5",28 Aug 2023
Tiket Masuk Candi Prambanan,Adinda Vadussy,Pertama kali kesini utk liat kaws holiday. Kereen,"5,0
/5",28 Aug 2023
Tiket Masuk Candi Prambanan,Akbar Satrya,Jalan sendiriku menjadi mudah krna tiket.com,"5,0
/5",28 Aug 2023
Tiket Masuk Candi Prambanan,CC,Rame bgt ternyata waktu kesana apalagi waktu mau masuk ke dalem2 candinya. Tapi antriannya tertib sih,"5,0
/5",27 Aug 2023
Tiket Masuk Candi Prambanan,Galih Ageng Samudro,Cocok untuk healing :),"5,0
/5",27 Aug 2023
Tiket Masuk Candi Prambanan,Patricia Prajogo,anti antri antri club,"5,0
/5",27 Aug 2023
Tiket Masuk Candi Prambanan,Patricia Prajogo,Tanpa antri langsung masuk,"5,0
/5",27 Aug 2023
Tiket Masuk Candi Prambanan,SA,Sangat membantu saat masuk objek wisata tanpa mengantri,"5,0
/5",27 Aug 2023
Tiket Masuk Candi Prambanan,Deby Chintia,Panas banget di prambanan lebih baik bawa payung sendiri daripada bayar 10k. Terus lumayan capek banget keliling prambanan. Ga ada yg bikin wah banget sih tapi ya lumayan bagus candinya ketika masuk,"5,0
/5",27 Aug 2023
Tiket Masuk Candi Prambanan,Wilson Halomoan,"Menyenangkan kembali kesini, di tambah adanya kaws","5,0
/5",27 Aug 2023
Tiket Masuk Candi Prambanan,LH,Pemandangan candi bagus.,"5,0
/5",27 Aug 2023
Tiket Masuk Candi Prambanan,AP,"berasa vip wkwk, gaperlu ngantri","5,0
/5",27 Aug 2023
Tiket Masuk Candi Prambanan,ZD,Bagus dan Nyaman bagi Keluarga,"5,0
/5",26 Aug 2023
Tiket Masuk Candi Prambanan,Dendi Fajrin Kusuma,Bagus cerah apalg ada kaws holiday,"5,0
/5",26 Aug 2023
Tiket Masuk Candi Prambanan,RS,Asik bangett dan paling pas datengnya pagi jadi foto foto nggak bocor,"5,0
/5",26 Aug 2023
Tiket Masuk Candi Prambanan,PH,"Prambanan keren, ditambah lagi potongan dari tiket.com makin semakin semangat liburannya 👍🏻👍🏻","5,0
/5",26 Aug 2023
Tiket Masuk Candi Prambanan,yudi pramuda,Baiiiiiiiiikkkkkk sekali,"5,0
/5",25 Aug 2023
Tiket Masuk Candi Prambanan,BRICARDO TAMPUBOLON,"Terbaik, membantu wisatawan","5,0
/5",25 Aug 2023
Tiket Masuk Candi Prambanan,Rifqi Fachrizal N,Mantaap sekali sisksks,"5,0
/5",25 Aug 2023
Tiket Masuk Candi Prambanan,SN,"praktis, tapi mesin di sananya lagi gabisa (katanya yang buat tiket.com error) jadi tiketnya difoto dan diarahin petugas buat masuk","5,0
/5",25 Aug 2023
Tiket Masuk Candi Prambanan,AT,Bagus banget tempatnya,"5,0
/5",25 Aug 2023
Tiket Masuk Candi Prambanan,Wilda Amalia,Perjalanan dan pengalaman yg super fun!!,"5,0
/5",25 Aug 2023
Tiket Masuk Candi Prambanan,JK,Tempatnya bagus harganya cocok,"5,0
/5",25 Aug 2023
Tiket Masuk Candi Prambanan,JZ,Seneng banget pas ada kaws,"5,0
/5",24 Aug 2023
Tiket Masuk Candi Prambanan,FA,menyenangkan sekaliiiiiiiiiiii,"5,0
/5",24 Aug 2023
Tiket Masuk Candi Prambanan,Telly Juliansyah,Lebih prakstis pembelian tiket di tiket.com,"5,0
/5",24 Aug 2023
Tiket Masuk Candi Prambanan,MW,mantap bangett tiket langsung all in pelataran dan bisa naik candi sekaligus ga kaya borobudur,"5,0
/5",24 Aug 2023
Tiket Masuk Candi Prambanan,GP,rindang bgt tempatnya,"5,0
/5",24 Aug 2023
Tiket Masuk Candi Prambanan,rosita r,Sat sett langsung masukk,"5,0
/5",24 Aug 2023
Tiket Masuk Candi Prambanan,Yani Maryani,"Pertamakali ke candi prambanan, best.","5,0
/5",24 Aug 2023
Tiket Masuk Candi Prambanan,Riska Arinda,Selisih sedikit lebih murah,"5,0
/5",24 Aug 2023
Tiket Masuk Candi Prambanan,Anastasia Nindya,"Beli tiket pake tiket.com, datang lalu scan barcode. Simpel","5,0
/5",24 Aug 2023
Tiket Masuk Candi Prambanan,Hardika Yudha,Enjoyable with plus kwas,"5,0
/5",23 Aug 2023
Tiket Masuk Candi Prambanan,Ridhwan Ramadhany,Bagus keren sekali.. ada pameran kaws,"5,0
/5",23 Aug 2023
Tiket Masuk Candi Prambanan,AA,No antri2 donk ya mau masuk candi liat Kaws🥰,"5,0
/5",23 Aug 2023
Tiket Masuk Candi Prambanan,EM,Masuk ga perlu ribet ga perlu antre,"5,0
/5",23 Aug 2023
Tiket Masuk Candi Prambanan,Achmad Arifa Safra,hepi ke candi prambanan,"5,0
/5",23 Aug 2023
Tiket Masuk Candi Prambanan,Meyrina Rinda Fahira,"Lebih murah daripada beli langsung, soalnya ada promo heheheh","5,0
/5",23 Aug 2023
Tiket Masuk Candi Prambanan,EFANY LIBRIANI,Sangat menyenangkan! Benar benar pemandangan Candi Prambanan selalu terbaik saat sore menjelang senja.,"5,0
/5",23 Aug 2023
Tiket Masuk Candi Prambanan,Rosma wati,Good view and good gg,"5,0
/5",23 Aug 2023
Tiket Masuk Candi Prambanan,Nadheatul Arifa,"Sampe lokasi tinggal scan tiket, ga perlu ngantri lagi","5,0
/5",22 Aug 2023
Tiket Masuk Candi Prambanan,Nurmala Widya Absari,Lihat boneka kwas no antri,"5,0
/5",22 Aug 2023
Tiket Masuk Candi Prambanan,Yoan Christine,"Mantap, hanya sempat bingung cara untuk klaim tiket.com. antri panjang ternyata ada mesin untuk tiket online. Hanya kurang informasi user saja. Overall oke. Thx u","5,0
/5",22 Aug 2023
Tiket Masuk Candi Prambanan,SF,"Pembayaran dan pembelian cepat, diprambanan tinggal scan diloket aja 👍👍👍👍👍","5,0
/5",22 Aug 2023
Tiket Masuk Candi Prambanan,FR,Seru ada event Kaws holiday,"5,0
/5",22 Aug 2023
Tiket Masuk Candi Prambanan,Nur Elfida Pulungan,Bagus Kapan2 ke sini lagi,"5,0
/5",21 Aug 2023
Tiket Masuk Candi Prambanan,Andrial Perdana,"Gak perlu antri untuk reservasi, mudah dlm redeem tiket nya","5,0
/5",21 Aug 2023
Tiket Masuk Candi Prambanan,Rahmi Indah Safitri,Bagus dan efektive dan menghemat waktu,"5,0
/5",21 Aug 2023
Tiket Masuk Candi Prambanan,NP,Penukaran tiketnya mudah dan praktis. Ini pertama kali liburan ke candi Prambanan bareng keluarga. Sangat memuaskan.,"5,0
/5",21 Aug 2023
Tiket Masuk Candi Prambanan,Herawati Mahendra,Gapernah bosen kalo kesini,"5,0
/5",21 Aug 2023
Tiket Masuk Candi Prambanan,SV,"Kesini pas ada Kaws:Holiday, bagus banget!","5,0
/5",21 Aug 2023
Tiket Masuk Candi Prambanan,Rachmat Fabian,Wisata edukasi untuk keluarga..,"5,0
/5",21 Aug 2023
Tiket Masuk Candi Prambanan,Riyan Tri Widhiyanto,Good asyik pokoknya !!!!!,"5,0
/5",21 Aug 2023
Tiket Masuk Candi Prambanan,Dimas Hendra Wijaya,Keren bisa lihat kaws holiday indonesia,"5,0
/5",20 Aug 2023
Tiket Masuk Candi Prambanan,SP,Pengalaman yg memorable datang di saat ada karya seni international KAWS di Prambanan. Kereennn 👍👍,"5,0
/5",20 Aug 2023
Tiket Masuk Candi Prambanan,lilis setiyaningsih,Bagusss kok g pake ngantri...,"5,0
/5",20 Aug 2023
Tiket Masuk Candi Prambanan,FS,Seamless cepat dan sedikit lebih murah,"5,0
/5",20 Aug 2023
Tiket Masuk Candi Prambanan,Reinaldi Nur Pranata,"Ini aku beli tiketnya pas hari H jadi sama aja kaya beli OTS, nanti ketika datang tinggal cetak tiketnya aja dan masuk. Enjoy prambanan","5,0
/5",20 Aug 2023
Tiket Masuk Candi Prambanan,ND,Bagusssssssssssssssss,"5,0
/5",20 Aug 2023
Tiket Masuk Candi Prambanan,Nur Yana,Beautifull + Speachealles,"5,0
/5",19 Aug 2023
Tiket Masuk Candi Prambanan,MP,"Easy to booked and accses, pay via t******** you’ll get easier by redeem the ticket at the counter","5,0
/5",19 Aug 2023
Tiket Masuk Candi Prambanan,Tita Dwi Puspita Sari,"Gampang proses check in. Tinggal scan, langsung masuk. Dapet promo pula","5,0
/5",19 Aug 2023
Tiket Masuk Candi Prambanan,IC,Tempat sejarah yg bagus dan sangat terawat..,"5,0
/5",19 Aug 2023
Tiket Masuk Candi Prambanan,Sisca Septiani,Keren banget .. ke yogya mah kudu kesini... ga jauh dr kota Yogyanya,"5,0
/5",19 Aug 2023
Tiket Masuk Candi Prambanan,Kevin Chandra,"Amazing, jgn lupa ke sewu jg","5,0
/5",18 Aug 2023
Tiket Masuk Candi Prambanan,AG,seru dan menyenangkan,"5,0
/5",18 Aug 2023
Tiket Masuk Candi Prambanan,Vynka Madani Siagian,gdgsg z x xbxbxbbxbxhxjdjdhbxhd,"5,0
/5",17 Aug 2023
Tiket Masuk Candi Prambanan,Ester Sinambela,"Keren pokoknya, banyak candi lainnya disekitar candi prambanan dan tentunya gratis, ada museum, area panahan, merak, kasuari dan rusa juga di area candi Prambanan. Jika kesana jgn lupa make payung ata...","5,0
/5",17 Aug 2023
Tiket Masuk Candi Prambanan,XG,Such an amazing experience.,"5,0
/5",17 Aug 2023
Tiket Masuk Candi Prambanan,MN,Facility is properly managed. The candi sewu is mainly under reconstruction but still beautiful.,"5,0
/5",16 Aug 2023
Tiket Masuk Candi Prambanan,Hendri Kus,Selalu d hTi kapan kapan mau kesini lagi,"5,0
/5",15 Aug 2023
Tiket Masuk Candi Prambanan,LA,"Nuker tiket di loket 2, belum secanggih scan di gate gitu. Pas dateng di hari weekdays dan sore biar gak rame dan panas, jadi loketnya sepi. Tiket ini ngabantu buat yg malas bawa cash banyak 😂 ehtapi...","5,0
/5",15 Aug 2023
Tiket Masuk Candi Prambanan,Amir Amir,Pemesanan sangat mudah dan tidak antri saat ingin menukarkan tiket,"5,0
/5",14 Aug 2023
Tiket Masuk Candi Prambanan,Meylda Adheista,Okokokokokokokokokokokokokokokokok,"5,0
/5",14 Aug 2023
Tiket Masuk Candi Prambanan,Meylda Adheista,Okokokokokokokokokokok,"5,0
/5",14 Aug 2023
Tiket Masuk Candi Prambanan,Lonny Sam,Fast & easy ... no need to queue,"5,0
/5",14 Aug 2023
Tiket Masuk Candi Prambanan,Imelda Imelda,Fast and easy to redeem. Bought it on the spot,"5,0
/5",13 Aug 2023
Tiket Masuk Candi Prambanan,Imelda Imelda,Fast and easy to redeem,"5,0
/5",13 Aug 2023
Tiket Masuk Candi Prambanan,MF,Petugas yang ada di joglo galak,"5,0
/5",13 Aug 2023
Tiket Masuk Candi Prambanan,AR,what a wonderful temple,"5,0
/5",13 Aug 2023
Tiket Masuk Candi Prambanan,Yoel Sebayang,"Prambanan keren, candi candi nya megah","5,0
/5",13 Aug 2023
Tiket Masuk Candi Prambanan,Bagas Hendo Pratama,Okhabahavhabahabahavahsvssusbsvuwvwusvsusvsusvwuwvwuwvwuwvuwvwuwv,"5,0
/5",12 Aug 2023
Tiket Masuk Candi Prambanan,Anisa Damayanti,Lumayan lbih murah dari beli di ots.. Cara redeem nya pun gampang..,"5,0
/5",12 Aug 2023
Tiket Masuk Candi Prambanan,MR,"Nice kapan"" pasti balik lgi ke kmri","5,0
/5",10 Aug 2023
Tiket Masuk Candi Prambanan,TA,good ambeince good place,"5,0
/5",10 Aug 2023
Tiket Masuk Candi Prambanan,Dedy Aswan,"Mudah buat di pesan, harga mirip dan kadang mendapatkan diskon","5,0
/5",9 Aug 2023
Tiket Masuk Candi Prambanan,Gilang soerya perdana,"Nice view , nice culture","5,0
/5",9 Aug 2023
Tiket Masuk Candi Prambanan,Wiwik Setyaningsih,"Menakjubkan, liburan bersama keluarga dari Taiwan yg kedua kalinya dayang kesini","5,0
/5",8 Aug 2023
Tiket Masuk Candi Prambanan,Wiwik Setyaningsih,Kedua kalinya berkunjung bersama keluarga dari Taiwan,"5,0
/5",8 Aug 2023
Tiket Masuk Candi Prambanan,Dian Permadi,"Bagus banget , sangat rekomendasi ke sini","5,0
/5",8 Aug 2023
Tiket Masuk Candi Prambanan,Yuanita Saraswati,Bagussss pokoknya mau kesini lggg,"5,0
/5",7 Aug 2023
Tiket Masuk Candi Prambanan,Sesti Santika,"Goood experience , ayo pake tiket DOT com","5,0
/5",7 Aug 2023
Tiket Masuk Candi Prambanan,HP,"Situs bersejarah, menyenangkan","5,0
/5",6 Aug 2023
Tiket Masuk Candi Prambanan,Monico Lucia YP,Jogya emang selalu mengesankan.,"5,0
/5",6 Aug 2023
Tiket Masuk Candi Prambanan,PRASETYA PUTRA BANGSA,"Kuyyy, kapan lagi liburan di perambanan","5,0
/5",6 Aug 2023
Tiket Masuk Candi Prambanan,SANUSI EMILUDIN,"Suka banhet, tempatnya bagus banyak sejarah, asik juga, seru banget deh pokoknya, keren, Apik","5,0
/5",5 Aug 2023
Tiket Masuk Candi Prambanan,Noni utami larassatie,Mntpmntpmntpmntpmntpmntpmntp,"5,0
/5",5 Aug 2023
Tiket Masuk Candi Prambanan,Ridho Pratama,Pengalaman yang Menakjubkan,"5,0
/5",5 Aug 2023
Tiket Masuk Candi Prambanan,WA,okkkkkkkkkkkkkkkkkkkk,"5,0
/5",5 Aug 2023
Tiket Masuk Candi Prambanan,AF,So beautiful 😍😍😍😍😍,"5,0
/5",5 Aug 2023
Tiket Masuk Candi Prambanan,Riska Rostika,Alhamdulillah Udah ke beberapa kalinya kesini....,"5,0
/5",5 Aug 2023
Tiket Masuk Candi Prambanan,Nurhayati Nurhayati,Lebih murah dan dapet promo,"5,0
/5",4 Aug 2023
Tiket Masuk Candi Prambanan,Yeni Purnama,Lumayan disc klw beli langsung 50k,"5,0
/5",2 Aug 2023
Tiket Masuk Candi Prambanan,Yeni Purnama,Lumayan disc klw beli langsung 50k,"5,0
/5",2 Aug 2023
Tiket Masuk Candi Prambanan,A,Bagus sekali dan istimewa,"5,0
/5",2 Aug 2023
Tiket Masuk Candi Prambanan,JL,Lebih fleksibel dan gak ribet,"5,0
/5",2 Aug 2023
Tiket Masuk Candi Prambanan,Abdulrajab Nasution,Sangat menakjubkan sekali,"5,0
/5",2 Aug 2023
Tiket Masuk Candi Prambanan,Abdulrajab Nasution,"Keren sekali, amaziing","5,0
/5",2 Aug 2023
Tiket Masuk Candi Prambanan,Rizkhi Rachmawati,"Proses masuknya lebih cepat, hanya scan barcode saja","5,0
/5",1 Aug 2023
Tiket Masuk Candi Prambanan,A,Good good good goood goooof,"5,0
/5",30 Jul 2023
Tiket Masuk Candi Prambanan,siti aminah,Walaupun cuaca panas tp bagus,"5,0
/5",30 Jul 2023
Tiket Masuk Candi Prambanan,FA,Semoga nanti bisa kesini lagi,"5,0
/5",30 Jul 2023
Tiket Masuk Candi Prambanan,Kurnia Nurfitrah,"Keren, bersih, mantap pokoknya apalagi nunggu sunset","5,0
/5",30 Jul 2023
Tiket Masuk Candi Prambanan,Andi Kustiar,"Bagus sekali, bersejarah","5,0
/5",29 Jul 2023
Tiket Masuk Candi Prambanan,Shariff Lutfi,Great vibe. Nice place to visit with family,"5,0
/5",29 Jul 2023
Tiket Masuk Candi Prambanan,FA,Jadi mudah kalo pesen tiketnya scr online,"5,0
/5",28 Jul 2023
Tiket Masuk Candi Prambanan,DW,Lebih mudah tiket online gak ngantri panjang,"5,0
/5",27 Jul 2023
Tiket Masuk Candi Prambanan,ferdian nugroho,mantaaaapppppppppppppp,"5,0
/5",26 Jul 2023
Tiket Masuk Candi Prambanan,Riza Ahkam,Tatattttatattttaiaiiaiaiaiaiaia,"5,0
/5",25 Jul 2023
Tiket Masuk Candi Prambanan,Riza Ahkam,Uauauauauauauuauauauauazaa,"5,0
/5",25 Jul 2023
Tiket Masuk Candi Prambanan,Riza Ahkam,Oaoaoaoaoaooaoaoaoaoaooa,"5,0
/5",25 Jul 2023
Tiket Masuk Candi Prambanan,Riza Ahkam,Rrrrrakakkakkakakakaak,"5,0
/5",25 Jul 2023
Tiket Masuk Candi Prambanan,Riza Ahkam,Yyayayayyaayayayyayayay,"5,0
/5",25 Jul 2023
Tiket Masuk Candi Prambanan,Cariz Mae Rizarone,"Bagus, mesti kunjungin Candi Prambanan, kami sekeluarga mengunjungi Candi Prambanan di Juli 2023. Tempat sangat rapi, bersih, dan terawat. Terima kasih!","5,0
/5",25 Jul 2023
Tiket Masuk Candi Prambanan,Friyeri Marbun,voucher mudah digunakan,"5,0
/5",24 Jul 2023
Tiket Masuk Candi Prambanan,Yasmin Nurul Balqis Telaumbanua,Lebih baik beli tiketnya di aplikasi (online) daripada beli langsung harga nya hampir 2 kali lipat harga online,"5,0
/5",24 Jul 2023
Tiket Masuk Candi Prambanan,Shella Shella,tempat luas dan bagus,"5,0
/5",24 Jul 2023
Tiket Masuk Candi Prambanan,Yansep Parna Tavipma,Pas senin gak bisa naik.kecandi,"5,0
/5",24 Jul 2023
Tiket Masuk Candi Prambanan,Ebta Ulandari,"Mantabsss , tempat liburan paling keren","5,0
/5",24 Jul 2023
Tiket Masuk Candi Prambanan,Shella Shella,tempat bagus dan luas sekali,"5,0
/5",24 Jul 2023
Tiket Masuk Candi Prambanan,Hanif Rajani Iskandar,Untuk over all bagus. Lebih tertata dan akses masuknya yang mudsh. Susah tidak ada lagi PKL yang masuk ke area prambanannya..,"5,0
/5",24 Jul 2023
Tiket Masuk Candi Prambanan,Rahul Sarkar,Breathtakingly gorgeous,"5,0
/5",24 Jul 2023
Tiket Masuk Candi Prambanan,Dadi Sopandi,"Sat set ngga ada drama , oke banget pokoknya","5,0
/5",23 Jul 2023
Tiket Masuk Candi Prambanan,Dendiarif Rahmatulloh,Harganya sesuai karena kita bisa keliling sepuasnya,"5,0
/5",22 Jul 2023
Tiket Masuk Candi Prambanan,Ririn rinjani,. Mantap sskaliiiiiiiiiiiiii,"5,0
/5",21 Jul 2023
Tiket Masuk Candi Prambanan,Bony Saputra,Tempat penukaran mudah,"5,0
/5",21 Jul 2023
Tiket Masuk Candi Prambanan,Sujiati Karnapi,Dapat diskon lewat tiket.com,"5,0
/5",21 Jul 2023
Tiket Masuk Candi Prambanan,Miasari Sholaiha,cepat praktis. lebih murah👍🏻,"5,0
/5",21 Jul 2023
Tiket Masuk Candi Prambanan,Miasari Sholaiha,lebih murah dari on the spot. terimakasih tiket.com kesayangan,"5,0
/5",21 Jul 2023
Tiket Masuk Candi Prambanan,Guntur Sapta Rengga,Keren tempat ny bersih,"5,0
/5",21 Jul 2023
Tiket Masuk Candi Prambanan,Yedit Nadeak,Great and powerful places,"5,0
/5",20 Jul 2023
Tiket Masuk Candi Prambanan,dewi anggraeni,Pesen di tiket.com tanpa antri Panas nya Jogja tetep istimewa 48K/Dewasa Sedia payung dan topi / kacamata ya,"5,0
/5",20 Jul 2023
Tiket Masuk Candi Prambanan,Slamet Suryadi,Bagus dan menarik sekali buat kesini,"5,0
/5",19 Jul 2023
Tiket Masuk Candi Prambanan,Saepul Anwar,indonesia sungguh kaya akan ragam dan budaya,"5,0
/5",18 Jul 2023
Tiket Masuk Candi Prambanan,herna sopiani,Keren mantap jiwa. Satset bgt,"5,0
/5",17 Jul 2023
Tiket Masuk Candi Prambanan,Lyshandra Olyvia,Yes bagus kokk dan cukup,"5,0
/5",17 Jul 2023
Tiket Masuk Candi Prambanan,Linda Susanti,Sangat mudah dipakai dan pelayanan ramah,"5,0
/5",17 Jul 2023
Tiket Masuk Candi Prambanan,Adinda Cahya,"Bagus tempatnya,bersih oke","5,0
/5",17 Jul 2023
Tiket Masuk Candi Prambanan,Duma Irianty Lubis,"Kereeen...bagi saya yg sama sekali belum pernah ke Prambanan, To Do sangat membantu sekali","5,0
/5",17 Jul 2023
Tiket Masuk Candi Prambanan,Felia Yuliana,Keren candi dan pemandangannya...foto2nya bagus...,"5,0
/5",16 Jul 2023
Tiket Masuk Candi Prambanan,US,Mudah dan cepat. Harga lebih murah dari tempat lokasi,"5,0
/5",16 Jul 2023
Tiket Masuk Candi Prambanan,Jhesica Citra,Trip luar biasa mantap,"5,0
/5",16 Jul 2023
Tiket Masuk Candi Prambanan,awal bayu dewo,Pengalaman yg menyenangkan..,"5,0
/5",15 Jul 2023
Tiket Masuk Candi Prambanan,sultan hafizan azhar,Mantap banget view nyaa,"5,0
/5",15 Jul 2023
Tiket Masuk Candi Prambanan,Rendy Hamzah Sabiqi,"Nice trip, great place. Pesan dari tiket.com menghindari antrian, bisa cetak mandiri tiketnya sebelum pintu masuk.","5,0
/5",15 Jul 2023
Tiket Masuk Candi Prambanan,Restu Nurhakim,Seru uuuuuuuuu7uuuuuuuuuuuuuuuu,"5,0
/5",15 Jul 2023
Tiket Masuk Candi Prambanan,Katrina Astuti,"Seru, banyak spot foto jadi engga bakal bosen, banyak sejarah yang bisa di ambil juga","5,0
/5",15 Jul 2023
Tiket Masuk Candi Prambanan,Budi Sandjaja Wiyono,Msh terjaga dan seruh,"5,0
/5",15 Jul 2023
Tiket Masuk Candi Prambanan,Rizkaayunovita Rizkaayunovita,"bagus sekali , dan kebetulan ada event Prambanan Jezz jadi seru banget","5,0
/5",15 Jul 2023
Tiket Masuk Candi Prambanan,NR,Menyenangkan bersama group rombongan,"5,0
/5",14 Jul 2023
Tiket Masuk Candi Prambanan,NR,Menyenangkan bersama group rombongan,"5,0
/5",14 Jul 2023
Tiket Masuk Candi Prambanan,NR,Menyenangkan bersama group rombongan,"5,0
/5",14 Jul 2023
Tiket Masuk Candi Prambanan,NR,Menyenangkan bersama group rombongan,"5,0
/5",14 Jul 2023
Tiket Masuk Candi Prambanan,Jemmy Bahagia Ketaren,Candi nya tutup di hari Senin. Jadi cuma bisa sampai pelayarannya,"5,0
/5",14 Jul 2023
Tiket Masuk Candi Prambanan,valdi meiswara,👍👍👍👍👍👍👍👍👍👍👍👍👍,"5,0
/5",13 Jul 2023
Tiket Masuk Candi Prambanan,Anistia Soraya,"Keren, tempatnya enak","5,0
/5",13 Jul 2023
Tiket Masuk Candi Prambanan,Robi Adi Nugroho,Ppppppppppppppppppppppppppppppppppppp,"5,0
/5",13 Jul 2023
Tiket Masuk Candi Prambanan,MD,beli tiket satset joss,"5,0
/5",13 Jul 2023
Tiket Masuk Candi Prambanan,Hanaria Rotua Tampubolon,Masih tetap seperti yg dulu sampe skrng :)),"5,0
/5",13 Jul 2023
Tiket Masuk Candi Prambanan,GS,Sangat praktis beli tiket masuk di aplikasi tiket.com jadi tidak perlu antri lagi di loket,"5,0
/5",13 Jul 2023
Tiket Masuk Candi Prambanan,astri rosalina,Dulu terakhir waktu SD dateng ke prambanan sekarang bawa anak 2 udah besar dan semakin keren prambanan,"5,0
/5",12 Jul 2023
Tiket Masuk Candi Prambanan,hendra hermansyah,Happy banget mempermudah,"5,0
/5",12 Jul 2023
Tiket Masuk Candi Prambanan,AS,"Ga ribet, ga antri, sat set sat set","5,0
/5",12 Jul 2023
Tiket Masuk Candi Prambanan,WM,Mantep bgt pokoknya deh,"5,0
/5",11 Jul 2023
Tiket Masuk Candi Prambanan,MM,Kmren ksana pake trans jogja.kirain dr halte deket.nyatanya bs aja sih jalan kaki.cmn klo bawa krucil mending pke grab dikit la.gpp dibanding jalan.oleh oleh dsna pd murce..cuco,"5,0
/5",11 Jul 2023
Tiket Masuk Candi Prambanan,SH,"Keren, pertama kali kesana. Benar² kagum.","5,0
/5",11 Jul 2023
Tiket Masuk Candi Prambanan,Susan Puspita,Tim sat set alias emak rempong anak 2 udah paling bener langsung pesen tiket prambanan via tiket.com aja Ga pake antri langsung masuk Tiket.com emang udah pilihan bgt buat vacation,"5,0
/5",10 Jul 2023
Tiket Masuk Candi Prambanan,Nur Nabilah,"Cantik tempatnya indah, kebetulan cuaca ngga panas","5,0
/5",9 Jul 2023
Tiket Masuk Candi Prambanan,RN,Keren bagus cepat mudah,"5,0
/5",9 Jul 2023
Tiket Masuk Candi Prambanan,Hari Abdul Aziz,Puas sekali bisa berkunjung ke candi Prambanan,"5,0
/5",9 Jul 2023
Tiket Masuk Candi Prambanan,Ade Ryani Handayani,"Tiket dipakainya gak di hari H krn Yogya hujan terus, eh pas besoknya dtg dengan baik hati mas di loketnya ngebolehin masuk di tanggal yg beda, mantap deh! udah harganya promo, mudah banget penukaran ...","5,0
/5",9 Jul 2023
Tiket Masuk Candi Prambanan,Akmal Afiff,Nyaman banget dengan pelayanannya,"5,0
/5",9 Jul 2023
Tiket Masuk Candi Prambanan,Harmain Said,Sarapan Soto surabaya terenak di dalam kawasan prambanan,"5,0
/5",8 Jul 2023
Tiket Masuk Candi Prambanan,Siti Aisyah,Bagus..mudah aksesnya Pelayanan bagus,"5,0
/5",8 Jul 2023
Tiket Masuk Candi Prambanan,MA,Senang bgt dapat potongan lumayann dehhh seru juga ada penyewaan skuter dsb nyaaa,"5,0
/5",8 Jul 2023
Tiket Masuk Candi Prambanan,Rachel Septiana Putri Rahayu Rachel Septiana Putri Rahayu,Rekomended banget pokoknya,"5,0
/5",8 Jul 2023
Tiket Masuk Candi Prambanan,Acke Love Brandt,"Rekomended banget,, lebih baik beli di sini daripada harus antri banyak heheh","5,0
/5",8 Jul 2023
Tiket Masuk Candi Prambanan,Heri Krismanto,"Tempatnya bagus, cocok untuk anak anak.","5,0
/5",7 Jul 2023
Tiket Masuk Candi Prambanan,Marissa Tjiawi,"Candi favorit aku dan keluarga, klo ke jogja pasti ke prambanan, Best sunset spot nih, romantis aja gtu.","5,0
/5",6 Jul 2023
Tiket Masuk Candi Prambanan,Dinul Sarjana Ashar,"Ini tempan keren abis sunggu senang bisa berkunjung kesini, pengalaman yang sangat luar biasa","5,0
/5",6 Jul 2023
Tiket Masuk Candi Prambanan,Sevano Bhagaskara,"Untung ada apl ini, jadi ngga perlu ngantri pajang pajang hahhaha, apalagi Disni banyak diskon daripada harga offline","5,0
/5",5 Jul 2023
Tiket Masuk Candi Prambanan,RP,mudah dan cepat aman serta nyaman,"5,0
/5",5 Jul 2023
Tiket Masuk Candi Prambanan,Dwilanty Beru Tarigan,Seruuuuuuu Bagussss Tidak perlu antri beli tiket,"5,0
/5",5 Jul 2023
Tiket Masuk Candi Prambanan,norma permata sari,"Happy dan bnyk ilmuu, semoga makin di jaga peninggalan sejarah nya. Klo bisa paketan dengan tour guide juga ada","5,0
/5",5 Jul 2023
Tiket Masuk Candi Prambanan,Retno Putri Anggraini,Sangat memuaskan next bakal datang lagi,"5,0
/5",4 Jul 2023
Tiket Masuk Candi Prambanan,Adhe Irhmna,Lebih nyaman dan tidak perlu antri lagi,"5,0
/5",4 Jul 2023
Tiket Masuk Candi Prambanan,Dedeh Adawiah,bagus jadi lebih cepet,"5,0
/5",4 Jul 2023
Tiket Masuk Candi Prambanan,Andreas Marsetyo,Praktis dan cepat penukarannya,"5,0
/5",4 Jul 2023
Tiket Masuk Candi Prambanan,FS,Good...as expected...hassle free,"5,0
/5",3 Jul 2023
Tiket Masuk Candi Prambanan,Melly Hemilani,Keren candinya puas pkok ya,"5,0
/5",3 Jul 2023
Tiket Masuk Candi Prambanan,SN,"Tempat nya bagus indah, tp pintu masuk dan keluar sangat jauh dan panas","5,0
/5",3 Jul 2023
Tiket Masuk Candi Prambanan,KIKI RIRIS NABABAN,Mantap bisa jalan jalan santai,"5,0
/5",3 Jul 2023
Tiket Masuk Candi Prambanan,Apryanto Simanjuntak,Candi prambanan sangat asri saya senang sekali bersama keluarga berkunjung kesana,"5,0
/5",3 Jul 2023
Tiket Masuk Candi Prambanan,Indra Purnama,Cara cepat biar ga ngantri plus dapat diskon juga. Proses datang tinggal cetak ga perlu antri loket. Kebetulan datang pas longweekend,"5,0
/5",3 Jul 2023
Tiket Masuk Candi Prambanan,Nova Marbun,segampang itu beli dan redeem tiketnya. mantapp!,"5,0
/5",3 Jul 2023
Tiket Masuk Candi Prambanan,HS,"Proses cepat, langsung scan barcode di mesin dekat pintu masuk, jadi ngga usah antri beli tiket masuk lagi. Lumayan lah, dapat under 50k, karna kalau beli langsung adult 50k/orang. Prambanannya ok, cu...","5,0
/5",3 Jul 2023
Tiket Masuk Candi Prambanan,Raudatul rida,Mantap liburan ke jogja,"5,0
/5",3 Jul 2023
Tiket Masuk Candi Prambanan,LS,Goooooddddddddddddddddd,"5,0
/5",3 Jul 2023
Tiket Masuk Candi Prambanan,Rahmadanti Yuliani Jatmiko,Fantastic and nice view!,"5,0
/5",2 Jul 2023
Tiket Masuk Candi Prambanan,MK,"SIMPLE SEKALI UNTUK REDEEM.. HARGA SAMA DENGAB DI LOKASI. PRMBANAN HANYA PANAS SEKALI, SERING2 MINUM AGAR TDK DEHIDRASI.","5,0
/5",2 Jul 2023
Tiket Masuk Candi Prambanan,MK,GOOD SIMPLE REDEEM NYA.. LOKASI PANAS SEKALI..HARUS MEMBAWA AIR MINUM BANYAK.,"5,0
/5",2 Jul 2023
Tiket Masuk Candi Prambanan,Weni Tri Novia,ga perlu ngantri kalo beli dari tiket.com,"5,0
/5",2 Jul 2023
Tiket Masuk Candi Prambanan,AW,Senang bisa traveling bareng keluarga,"5,0
/5",2 Jul 2023
Tiket Masuk Candi Prambanan,RN,"sumpah sih bagus banget, mau kesini lagi biarpun panas tapi bagus view untuk foto2","5,0
/5",2 Jul 2023
Tiket Masuk Candi Prambanan,DS,"Keren, pas buat keluarga","5,0
/5",2 Jul 2023
Tiket Masuk Candi Prambanan,MARGARETHA SIAHAAN,Cepat tanpa perlu antri. Hemat waktu banget l. Thanks tiket.com,"5,0
/5",2 Jul 2023
Tiket Masuk Candi Prambanan,Ros Meilina Sitanggang,"Lebih cepat, tanpa antri","5,0
/5",2 Jul 2023
Tiket Masuk Candi Prambanan,Shindy Pricilia Eman,All is well. Murah meriah,"5,0
/5",2 Jul 2023
Tiket Masuk Candi Prambanan,MK,bagus bermanfaat terutama untuk pelajar,"5,0
/5",2 Jul 2023
Tiket Masuk Candi Prambanan,BP,Baguuuuuyssssssssssssss,"5,0
/5",2 Jul 2023
Tiket Masuk Candi Prambanan,LC,Gampang beli tiket dan masuk jadi lebih cepat plus ada promo lebih murah😀,"5,0
/5",2 Jul 2023
Tiket Masuk Candi Prambanan,Indri Safitri,sangat bagus dan menarik bisa belajar sejarah,"5,0
/5",2 Jul 2023
Tiket Masuk Candi Prambanan,Junita Arne Politon,We really had a grest time here,"5,0
/5",2 Jul 2023
Tiket Masuk Candi Prambanan,SS,Oookkeeeee gampang gak perlu antri,"5,0
/5",2 Jul 2023
Tiket Masuk Candi Prambanan,IM,"Redeem tiketnya gampang banget, thank you tiket. Com","5,0
/5",1 Jul 2023
Tiket Masuk Candi Prambanan,Juanitha Kristiyanti,"Baguss banget, cumaa datangnya waktu lgi panas-panas banget jdi seperti di panggang, tpi seruhhh sihhh","5,0
/5",1 Jul 2023
Tiket Masuk Candi Prambanan,NC,"Fasilitasnya sudah bagus dan banyak, Ada museum, ada sendratari, wahana anak, transportasi di dalam yang ramah lingkungan. Cuma masukannya perlu diperbanyak papan informasi dan petunjuk arah yang jela...","5,0
/5",1 Jul 2023
Tiket Masuk Candi Prambanan,LS,"So far so good, bersih dan nyaman bakalan balik lagi sih","5,0
/5",1 Jul 2023
Tiket Masuk Candi Prambanan,theresia simangunsong,"Lokasi cukup teduh, banyak pepohonan, ada gelato, anak2 happy","5,0
/5",1 Jul 2023
Tiket Masuk Candi Prambanan,Nicolina Febrianti,beli tiket jadi tdk antri,"5,0
/5",1 Jul 2023
Tiket Masuk Candi Prambanan,Rio Pravasta Putra,Cepet gak pake ribet langsung satt sett beli tiketnya di tiketcom !!,"5,0
/5",30 Jun 2023
Tiket Masuk Candi Prambanan,Rita Sari Utami,Keren banget babget bangetan,"5,0
/5",30 Jun 2023
Tiket Masuk Candi Prambanan,sartika tri widiasari,Membuat perjalanan lebih simple dan ringkas waktu,"5,0
/5",30 Jun 2023
Tiket Masuk Candi Prambanan,Saipul Aripin,Capek jalan keluarnya jauh banget dr candi ke pintu keluar,"5,0
/5",30 Jun 2023
Tiket Masuk Candi Prambanan,GITTA ZAHARA,Gapake ribet scan langsung masukk 🫶🏻,"5,0
/5",29 Jun 2023
Tiket Masuk Candi Prambanan,GZ,Mantep langsung scan masuk dehh🫶🏻,"5,0
/5",29 Jun 2023
Tiket Masuk Candi Prambanan,rafdy risfandipraja,Menyengkan sekali bisa membeli tiket dengan mudah lewat tiket.com,"5,0
/5",29 Jun 2023
Tiket Masuk Candi Prambanan,LA,Sukaaaa bangettttt eyyyyy,"5,0
/5",29 Jun 2023
Tiket Masuk Candi Prambanan,Jelita Mifthalil Baroroh,good bgt pemandangannya,"5,0
/5",29 Jun 2023
Tiket Masuk Candi Prambanan,Mario Hasoloan Sigma Putra,Mantap Mantap Mantap Mantap Mantap,"5,0
/5",29 Jun 2023
Tiket Masuk Candi Prambanan,RM,"Pesen tiket lbh mudah lwt tiket.com dtg lgsg diarahin ke loket 2 ga antri2.. lgsg dbntu cetak tiket, suasana candi ramai, bagus dan indahh, lbh baik bawa payung dan kacamata klo dtg diats jam 10 soaln...","5,0
/5",29 Jun 2023
Tiket Masuk Candi Prambanan,Puteri Wahyu Wulandari,Mantap gampang dan mudah,"5,0
/5",29 Jun 2023
Tiket Masuk Candi Prambanan,Aries Riswandi,"Tempat nyaman dan bersih, tempat yg cocok utk liburan keluarga","5,0
/5",29 Jun 2023
Tiket Masuk Candi Prambanan,Ibnu Wijaya,"Asyik, masuk prambanan nggak pake antri, datang langsung cetak tiket dan masuk deh","5,0
/5",29 Jun 2023
Tiket Masuk Candi Prambanan,LS,bagus semoga makin banyak diskon nya,"5,0
/5",28 Jun 2023
Tiket Masuk Candi Prambanan,LF,"Seru dan bagus, jadi pengen kesana lagi","5,0
/5",28 Jun 2023
Tiket Masuk Candi Prambanan,ainul hidayat,Bagus..................,"5,0
/5",28 Jun 2023
Tiket Masuk Candi Prambanan,NF,"Dapat kesempatan kesini lagi, dan banyak perubahan","5,0
/5",28 Jun 2023
Tiket Masuk Candi Prambanan,SF,Kereeennnn sekaliiiiiiiii,"5,0
/5",28 Jun 2023
Tiket Masuk Candi Prambanan,RM,Nyaman banget pokoknya mah… tpi klo ke sini mending sedia payung dech soalnya lumayan panas. Hehe,"5,0
/5",27 Jun 2023
Tiket Masuk Candi Prambanan,Minanda Khrisna,Rekomendasi untuk menjadi tempat wisata,"5,0
/5",27 Jun 2023
Tiket Masuk Candi Prambanan,AQWI GINTI RUSANA,Keren si karna lama bgt gak kesini tiket juga murah,"5,0
/5",27 Jun 2023
Tiket Masuk Candi Prambanan,A Ghozaki,Bagus buat refreshing sekaligus memperkenalkan salah satu situs sejarah di daerah Yogyakarta kepada anak anak.,"5,0
/5",27 Jun 2023
Tiket Masuk Candi Prambanan,Alexander Palti,Menyenangkan dan indah,"5,0
/5",26 Jun 2023
Tiket Masuk Candi Prambanan,Neni Rumondang,mantap bersih teratur,"5,0
/5",26 Jun 2023
Tiket Masuk Candi Prambanan,Milia Milia,Easy nd tinggal print tiket masuknya.,"5,0
/5",26 Jun 2023
Tiket Masuk Candi Prambanan,SR,Good good good good 👍,"5,0
/5",25 Jun 2023
Tiket Masuk Candi Prambanan,HS,Salah satu bangunan bersejarah. Megah dan indah.,"5,0
/5",25 Jun 2023
Tiket Masuk Candi Prambanan,Budi Haryadi,Gampang bangett order di tiket.com,"5,0
/5",23 Jun 2023
Tiket Masuk Candi Prambanan,Budi Haryadi,"Gak pake lama, cari, book, bayar, issue tiket, langsug masuk. Tq tiket.com","5,0
/5",23 Jun 2023
Tiket Masuk Candi Prambanan,Mohamad Hidayatullah AK Husein,Mantap pokoknya keren banget,"5,0
/5",23 Jun 2023
Tiket Masuk Candi Prambanan,HM,Ga ribet dan ga pake ngantri beli tiket online,"5,0
/5",23 Jun 2023
Tiket Masuk Candi Prambanan,HL,Ooooookkkkkkkkkkkkkkkk,"5,0
/5",22 Jun 2023
Tiket Masuk Candi Prambanan,Elisda Elfrida,"mantaaapp, lumayan cepet pelayanan kalo beli dr tiket.com","5,0
/5",22 Jun 2023
Tiket Masuk Candi Prambanan,Johan Susanto Tarihoran,"Mudah, Redeem mudah dan cepat","5,0
/5",22 Jun 2023
Tiket Masuk Candi Prambanan,UR,"Bagus, bersih, terawat dengan baik","5,0
/5",22 Jun 2023
Tiket Masuk Candi Prambanan,Yusni Novalin Simbolon,"Keren, bagus, tempat foto terbaik","5,0
/5",22 Jun 2023
Tiket Masuk Candi Prambanan,Yusni Novalin Simbolon,"Keren, bsgus, spot foto terbaik","5,0
/5",22 Jun 2023
Tiket Masuk Candi Prambanan,Anggasia Putra Situmeang,Googooooooooddddddddd,"5,0
/5",21 Jun 2023
Tiket Masuk Candi Prambanan,Pebi Diana,Mantap luar biasa Nice,"5,0
/5",21 Jun 2023
Tiket Masuk Candi Prambanan,Fanny Waworuntu,Good good good good good,"5,0
/5",20 Jun 2023
Tiket Masuk Candi Prambanan,Cepy Agusty,"Bagus banget , ke Jogja tidak lengkap kalo ga mampir kesini , suasana yang indah dan bisa menambah wawasan","5,0
/5",19 Jun 2023
Tiket Masuk Candi Prambanan,Ikhwan fiddin,Lumayan bagus cuman cape yah karena luas sekali heheh,"5,0
/5",19 Jun 2023
Tiket Masuk Candi Prambanan,SW,"Nice banget, seruuuuu","5,0
/5",18 Jun 2023
Tiket Masuk Candi Prambanan,CM,"Seru bangettttt, will come here again","5,0
/5",18 Jun 2023
Tiket Masuk Candi Prambanan,Nita Rahayu,mantaaapppppppppppppppppppppp,"5,0
/5",17 Jun 2023
Tiket Masuk Candi Prambanan,Nor Isnaenni,Keren suka banget pokoknya nice,"5,0
/5",17 Jun 2023
Tiket Masuk Candi Prambanan,SA,"Lebih efisien dan praktis, harga juga lebih murah apalahi kalo pake promo👌","5,0
/5",17 Jun 2023
Tiket Masuk Candi Prambanan,Rizky Syarief,"cepet dan ga antri, nice tiket. com","5,0
/5",16 Jun 2023
Tiket Masuk Candi Prambanan,JJ,lebih baik beli lewat tiket.com,"5,0
/5",16 Jun 2023
Tiket Masuk Candi Prambanan,Susanli Susanli,Ok bagus tempatnya gass,"5,0
/5",16 Jun 2023
Tiket Masuk Candi Prambanan,AE,☀️☀️☀️☀️☀️☀️☀️☀️☀️☀️☀️☀️☀️☀️,"5,0
/5",16 Jun 2023
Tiket Masuk Candi Prambanan,DL,Kerennnnnn bangetttttt,"5,0
/5",15 Jun 2023
Tiket Masuk Candi Prambanan,Ranti Januar,Kereeennn masih terjaga ke aslian nya,"5,0
/5",15 Jun 2023
Tiket Masuk Candi Prambanan,Amalia Khairunisa,"Good place, good vibes. the best","5,0
/5",13 Jun 2023
Tiket Masuk Candi Prambanan,Risti yana,bagus seneng bisa ke prambanan,"5,0
/5",12 Jun 2023
Tiket Masuk Candi Prambanan,Sri Harti Wulandari,kerenn pokoknya... nggak bosen tiap ke jogja pasti mampir ke prambanan,"5,0
/5",12 Jun 2023
Tiket Masuk Candi Prambanan,Meyriska Meyriska,Lebih praktis daripada antri di loket,"5,0
/5",12 Jun 2023
Tiket Masuk Candi Prambanan,Susanli Susanli,Bagus tempatnya dan oj,"5,0
/5",12 Jun 2023
Tiket Masuk Candi Prambanan,Elin Juniara,kerennn tempat nya nyaman,"5,0
/5",11 Jun 2023
Tiket Masuk Candi Prambanan,Sarah Claudia Ekaristi Ginting,"Walaupun dateng hari senin pas pemeliharaan candi, ttp puas kok","5,0
/5",10 Jun 2023
Tiket Masuk Candi Prambanan,NI,Harga jadi murce bebas antri mantapppp asik betul.,"5,0
/5",10 Jun 2023
Tiket Masuk Candi Prambanan,Angga andrianto,mantap bngt god jobb deh,"5,0
/5",9 Jun 2023
Tiket Masuk Candi Prambanan,ferryna ria,Seru senang bersih panas,"5,0
/5",9 Jun 2023
Tiket Masuk Candi Prambanan,DR,"Sangat membantu dalam pembelian tiket, tidak perlu antri ..","5,0
/5",8 Jun 2023
Tiket Masuk Candi Prambanan,Achmad Zulfikar Armandoko,Keren cantik eksotis tenag,"5,0
/5",8 Jun 2023
Tiket Masuk Candi Prambanan,EP,Sangat indah candi Prambanan,"5,0
/5",8 Jun 2023
Tiket Masuk Candi Prambanan,Yusriyah Alfiani,Sangat indah dari dulu tidak pernah berubah,"5,0
/5",8 Jun 2023
Tiket Masuk Candi Prambanan,Suyono Suyono,Bagus banget dan manfaat sekali,"5,0
/5",7 Jun 2023
Tiket Masuk Candi Prambanan,Sona Marcellino,BaguskalalalapalalalalLlal,"5,0
/5",7 Jun 2023
Tiket Masuk Candi Prambanan,MP,Cukup memudahkan sehingga tidak antri,"5,0
/5",6 Jun 2023
Tiket Masuk Candi Prambanan,EM,"Mantapppp tempatnya enakkk, bagusssss pisan euy","5,0
/5",6 Jun 2023
Tiket Masuk Candi Prambanan,NS,"Tempat terjaga, bersih, sangat luas sehingga bisa explore banyak","5,0
/5",6 Jun 2023
Tiket Masuk Candi Prambanan,Ataina Thaiin,"Oke dan menarik, lain kali kalo masuk lagi lewat tiket.com aja","5,0
/5",6 Jun 2023
Tiket Masuk Candi Prambanan,Adithia Pitaloka,Ga ribet mesti beli tiket di loket,"5,0
/5",6 Jun 2023
Tiket Masuk Candi Prambanan,I Dewa Gede Udayana Putra,Seru dan bagus. Naik boogie juga seru,"5,0
/5",5 Jun 2023
Tiket Masuk Candi Prambanan,Widyawati Wulandari,"Bagus, terawat, rapih","5,0
/5",5 Jun 2023
Tiket Masuk Candi Prambanan,CA,Cepet bgt gak perlu antri,"5,0
/5",5 Jun 2023
Tiket Masuk Candi Prambanan,Vivi Andriani Gultom,Ok sangat baik dan simpel,"5,0
/5",5 Jun 2023
Tiket Masuk Candi Prambanan,Khaerul Dhani Akbar,Simple dan rekomended,"5,0
/5",5 Jun 2023
Tiket Masuk Candi Prambanan,Rendy Priansyah,Ajipppp semoga selalu terlindubgi,"5,0
/5",5 Jun 2023
Tiket Masuk Candi Prambanan,Elly Indah Oktafiani,"Mudah sekali, ga ribet, ga perlu antri, tinggal cetak deh","5,0
/5",5 Jun 2023
Tiket Masuk Candi Prambanan,Tasya Rania Insyra,"Pelayanan cepat, tanpa antri, worth it","5,0
/5",5 Jun 2023
Tiket Masuk Candi Prambanan,Yoga Putra,Mantap bagus pemandangannya,"5,0
/5",5 Jun 2023
Tiket Masuk Candi Prambanan,CA,Lbh murah dri offline apalg dpt promo,"5,0
/5",5 Jun 2023
Tiket Masuk Candi Prambanan,FR,Lumayan worth it dapet promo tiket masuk candi Prambanan dari tiket. Com Kalau beli ora lumayan 45k hehehe 😅,"5,0
/5",5 Jun 2023
Tiket Masuk Candi Prambanan,MJ,Nice wiew and hapoy with family,"5,0
/5",5 Jun 2023
Tiket Masuk Candi Prambanan,Rico Josua,good place. tiket mudah ditukar,"5,0
/5",4 Jun 2023
Tiket Masuk Candi Prambanan,Bastian Andri,Yes yes yes yes yes yes,"5,0
/5",4 Jun 2023
Tiket Masuk Candi Prambanan,Mohammad Alif Budiman,Cetak tiketnya gampang banget,"5,0
/5",4 Jun 2023
Tiket Masuk Candi Prambanan,Lendon Arinaldi,Nemenin mertua untuk trip pengetahuan sejarah,"5,0
/5",3 Jun 2023
Tiket Masuk Candi Prambanan,AA,Bagus bersih terawat kalo ada waktu maen ksana lagi pusat oleh2 nya jg murce,"5,0
/5",3 Jun 2023
Tiket Masuk Candi Prambanan,Presley Andra Tama Situmeang,Keren dan wahib untuk dikunjungi kalau ke jogja,"5,0
/5",2 Jun 2023
Tiket Masuk Candi Prambanan,PA,Keren banget seru tp capek,"5,0
/5",1 Jun 2023
Tiket Masuk Candi Prambanan,OR,Keren.. Seru.. Mantab,"5,0
/5",31 May 2023
Tiket Masuk Candi Prambanan,Kelvin Jonathan,Good place for travelling,"5,0
/5",30 May 2023
Tiket Masuk Candi Prambanan,Mutiara Mauniqa Putri,bagus bgt seruuuu dan asik,"5,0
/5",30 May 2023
Tiket Masuk Candi Prambanan,IS,Pesan lewat tiket.com lebih mudah dan efisien,"5,0
/5",29 May 2023
Tiket Masuk Candi Prambanan,IS,Pesan lewat tiket.com lebih mudah dan efisien,"5,0
/5",29 May 2023
Tiket Masuk Candi Prambanan,Noviana Saofan,Tanpa perlu antri beli tiket,"5,0
/5",28 May 2023
Tiket Masuk Candi Prambanan,NS,Beli tiket masuk Pakai tiket.com saat liburan itu membantu sekali tanpa harus antri.,"5,0
/5",28 May 2023
Tiket Masuk Candi Prambanan,sartika sartika,Ok bgt buat yg sat set satu aet,"5,0
/5",28 May 2023
Tiket Masuk Candi Prambanan,AI,Trip yg asik dan seru bgt,"5,0
/5",28 May 2023
Tiket Masuk Candi Prambanan,Mayang Dea,"Udah yang ketiga kali nya kesini, baguss tapi puanasss poll. Ada jasa sewa payung sih","5,0
/5",27 May 2023
Tiket Masuk Candi Prambanan,marryana pane,"lebih murah beli di tiket.com drpd lgsg on the spot,lumayan bedanya hampir 50%,,pas tuker tiketnya jga gampang,staff nya helpfull","5,0
/5",27 May 2023
Tiket Masuk Candi Prambanan,DM,Dapat potongan harga dari tiket.com,"5,0
/5",27 May 2023
Tiket Masuk Candi Prambanan,DP,Candi yang indah dan luas,"5,0
/5",26 May 2023
Tiket Masuk Candi Prambanan,Afina Aksari,Mantalpppll murah asikkkkkj,"5,0
/5",26 May 2023
Tiket Masuk Candi Prambanan,muhamad djumadi,Ga pernah bosen kesini,"5,0
/5",25 May 2023
Tiket Masuk Candi Prambanan,Yudia Rizki Rahmawan,Mantap tapi panas siang hari,"5,0
/5",25 May 2023
Tiket Masuk Candi Prambanan,Nevi Rahma Yunita,"Semoga nanti bisa ke prambanan lagi krn belum puas😂 enak pesan di tiket.com tinggal cetak tiket, cepet lagi","5,0
/5",25 May 2023
Tiket Masuk Candi Prambanan,Eva Latifah,"Bagus, i likeeeeeeee the moment when i over theree thank you jogjaaaa","5,0
/5",24 May 2023
Tiket Masuk Candi Prambanan,Yona Primadesi,Respon petugasnya ok dan cepat tanggap,"5,0
/5",24 May 2023
Tiket Masuk Candi Prambanan,Yunita Sholickah,Keren nyaman dan bersih,"5,0
/5",23 May 2023
Tiket Masuk Candi Prambanan,Yunita Sholickah,Keren bersih dan nyaman,"5,0
/5",23 May 2023
Tiket Masuk Candi Prambanan,Yunita Sholickah,"Cepat, dan bikin nyaman suasana tenang","5,0
/5",23 May 2023
Tiket Masuk Candi Prambanan,alfid lutfiansyah,Pokoknya bagus banget,"5,0
/5",23 May 2023
Tiket Masuk Candi Prambanan,HY,"Jadi mudah untuk memesan tiket masuk, mendapatkan potongan, serta tak perlu antri karena loket penukaran terpisah 👍","5,0
/5",23 May 2023
Tiket Masuk Candi Prambanan,ID,"Tempatnya bersih, candi prambanan gak pernah sepi tpi selalu bersih juara","5,0
/5",22 May 2023
Tiket Masuk Candi Prambanan,Adi Suhendra,Klo kr jogja harus dsempetin main di candi,"5,0
/5",21 May 2023
Tiket Masuk Candi Prambanan,Sahrizal Malki Darmawan,Tidak perlu antri. Datang langsung cetak,"5,0
/5",21 May 2023
Tiket Masuk Candi Prambanan,arie sopianti,Praktis n lebih mudah segalanya pke tiket .com,"5,0
/5",20 May 2023
Tiket Masuk Candi Prambanan,Haris Rudianto,"Sangat memuaskan, bagus","5,0
/5",20 May 2023
Tiket Masuk Candi Prambanan,Deddy Eka,Lebih murah pake tiket.com daripada harga resmi,"5,0
/5",20 May 2023
Tiket Masuk Candi Prambanan,Deddy Eka,Rombongan rame-rame...jadi lebih mudah pake tiket.com...lebih murah juga harga nya 😁😁😁 daripada harga di loket resmi,"5,0
/5",20 May 2023
Tiket Masuk Candi Prambanan,Nathasya Yemima Saputri,Shortcut supaya ga antri. Mantap,"5,0
/5",20 May 2023
Tiket Masuk Candi Prambanan,JU,Gampang si nukerin nya tinggal scan ke mesin,"5,0
/5",19 May 2023
Tiket Masuk Candi Prambanan,Ade Ipan Rustandi,Oke banget dah...... Keren,"5,0
/5",19 May 2023
Tiket Masuk Candi Prambanan,Muhammad Arif,Pelayanannya baik dan ramah,"5,0
/5",19 May 2023
Tiket Masuk Candi Prambanan,AA,Liburan keluarga yang menyenangkan,"5,0
/5",19 May 2023
Tiket Masuk Candi Prambanan,Rahmadani Uswatun Hasanah,"enak, tinggal pakai aja tiketnya no ribet2","5,0
/5",19 May 2023
Tiket Masuk Candi Prambanan,TS,"Bagus, harganya lebih murah","5,0
/5",19 May 2023
Tiket Masuk Candi Prambanan,LA,praktis dan gampang. ga perlu antri antri dan ada diskonnya.. lebih murah.. makasih tiket.com,"5,0
/5",19 May 2023
Tiket Masuk Candi Prambanan,Reni Purnawati,"Mempermudah masuknya tinggal qr code trus keluar tiket, tanpa antriii","5,0
/5",16 May 2023
Tiket Masuk Candi Prambanan,aji akbar,Bagus bersih dan nyaman,"5,0
/5",15 May 2023
Tiket Masuk Candi Prambanan,NS,Enak beli online gini gaperlu antri cuma langsung tuker tiket fisik aja. Mantap lah,"5,0
/5",15 May 2023
Tiket Masuk Candi Prambanan,Rani Rani,Bagus bagus bagus bagus,"5,0
/5",14 May 2023
Tiket Masuk Candi Prambanan,fauzi yusa,Kerennn seru bgt baru pertama kali liat candi wkwk,"5,0
/5",14 May 2023
Tiket Masuk Candi Prambanan,Filbrina Lay,candinya bersih dan luas,"5,0
/5",13 May 2023
Tiket Masuk Candi Prambanan,Ramadhan Haryo Dewanto,mantappppuuuuuuuuuuuu,"5,0
/5",13 May 2023
Tiket Masuk Candi Prambanan,Vie Mie,Datang pas cuaca panas banget,"5,0
/5",12 May 2023
Tiket Masuk Candi Prambanan,ALFRIAN SONNY PRAGUSTA,Lebih mudah dan lebih simpel. Good job.,"5,0
/5",12 May 2023
Tiket Masuk Candi Prambanan,AP,Lebih mudah dan lebih simpel.,"5,0
/5",12 May 2023
Tiket Masuk Candi Prambanan,Linda Herawati,Untuk tempat nya sangat bagus,"5,0
/5",11 May 2023
Tiket Masuk Candi Prambanan,Andreanta Ginting,Mudah dan cepat. Ga perlu antri lagi,"5,0
/5",11 May 2023
Tiket Masuk Candi Prambanan,Sandry Dwiliani Fitry,Yg mager jalan bisa sewa golf car 200k untuk 6 orang. Ibu yg anter kelilingnya baik banget. Dan potoinnya bagus ☺️,"5,0
/5",11 May 2023
Tiket Masuk Candi Prambanan,Asep Suherman,Mantap Pokoke Maseeeehhhh....,"5,0
/5",10 May 2023
Tiket Masuk Candi Prambanan,Apries Dwi Hardianti,Mudah dan cepat ga repot antri lagi,"5,0
/5",10 May 2023
Tiket Masuk Candi Prambanan,FM,Bagus tempatnya good!,"5,0
/5",10 May 2023
Tiket Masuk Candi Prambanan,Intan Tirta Amalia,Alhamdulillah dapat tiket promo dari tiket.com,"5,0
/5",10 May 2023
Tiket Masuk Candi Prambanan,Desi Maryani Tri Utami,Good. Pengalaman yg gak akan terlupakan.,"5,0
/5",9 May 2023
Tiket Masuk Candi Prambanan,Eri Hn,Sangat mempermudah dan tidak perlu antri,"5,0
/5",9 May 2023
Tiket Masuk Candi Prambanan,AP,prambanan seruuuu bangeeet,"5,0
/5",9 May 2023
Tiket Masuk Candi Prambanan,AP,"meskipun panas tetep seru banget, aku dateng bareng keluarga dan waktu itu pas puasa jadi sepi fotonya jadi bagus semua kita dari solo naik krl turunnya di stasiun brambanan, terus lanjut naik mobil k...","5,0
/5",9 May 2023
Tiket Masuk Candi Prambanan,putu suryawan Suryawan,"Bagus, mempermudah pembelian","5,0
/5",9 May 2023
Tiket Masuk Candi Prambanan,Abrar Abqari Amran,Mantaooll kali ahh bos,"5,0
/5",8 May 2023
Tiket Masuk Candi Prambanan,GS,Nice place to visit with your loved ones,"5,0
/5",8 May 2023
Tiket Masuk Candi Prambanan,Ines Suhada,👍👍👍👍👍👍👍👍👍👍👍👍👍👍👍👍👍👍👍👍👍👍👍👍👍,"5,0
/5",8 May 2023
Tiket Masuk Candi Prambanan,Denny Ramdani Sugiharto,Good and awesome experience👌,"5,0
/5",8 May 2023
Tiket Masuk Candi Prambanan,wina hartati,Prises pembelian cepat dan dpt diskon pula,"5,0
/5",8 May 2023
Tiket Masuk Candi Prambanan,Abdul Rojak,Santai tenang dan hapy,"5,0
/5",8 May 2023
Tiket Masuk Candi Prambanan,TS,Praktis dan lebih murah ( top markotop),"5,0
/5",7 May 2023
Tiket Masuk Candi Prambanan,Ezra Hariani Marbun,"Tempat bersejarah yang harus di jaga, pemandangannya bgs bgt.","5,0
/5",7 May 2023
Tiket Masuk Candi Prambanan,Danny Martin Pradana,Puassssss trip bareng tiket.com,"5,0
/5",7 May 2023
Tiket Masuk Candi Prambanan,VS,Wonderful experience ❤️,"5,0
/5",7 May 2023
Tiket Masuk Candi Prambanan,DN,Mantapppppppppp bangetttt,"5,0
/5",6 May 2023
Tiket Masuk Candi Prambanan,Shintya Syamara,"Lumayan ada potongan, murah beli online gak perlu antri","5,0
/5",5 May 2023
Tiket Masuk Candi Prambanan,ziyan syafianida,Bagus tempatnya walaupun panas bgt 😀,"5,0
/5",4 May 2023
Tiket Masuk Candi Prambanan,Donna Rumahorbo,"Sangat membantu, nyampe di customer service diarahin utk cetak tiket, nunggu 2 menit, lgsg scan lgsg bisa masuk menikmati prambanan... Sangat memudahkan, thanks tiket.com🥰🥰🥰","5,0
/5",4 May 2023
Tiket Masuk Candi Prambanan,Lusi teresia,"Oke banget, bisa masuk smpe kedalam dalam. Sesuai","5,0
/5",4 May 2023
Tiket Masuk Candi Prambanan,MM,Bagus..mau lagi kapan2 kemari..oleh2 nya murah meriah,"5,0
/5",4 May 2023
Tiket Masuk Candi Prambanan,Wisnu Pramusinto,"Kebetulan pas dateng ke sana penuh banget, jd dpt parkir di dlm dan langsung masuk ke candinya","5,0
/5",4 May 2023
Tiket Masuk Candi Prambanan,Nurafni Khoiriyah,"Bagusss,indahh.. cuma klo ke sini harus sore/pagi2 biar adem.","5,0
/5",3 May 2023
Tiket Masuk Candi Prambanan,Agung Syahputra,Super good experience,"5,0
/5",3 May 2023
Tiket Masuk Candi Prambanan,wahyuning tias,Next bakalan kesini lagi kalo ke Jogja,"5,0
/5",3 May 2023
Tiket Masuk Candi Prambanan,ZY,"Pelayanan bagus, staf informatif","5,0
/5",2 May 2023
Tiket Masuk Candi Prambanan,abdul muis iksan,mantap dan seru sekali,"5,0
/5",2 May 2023
Tiket Masuk Candi Prambanan,AR,Manteeeeeeeeeeeeeeeeeeb,"5,0
/5",2 May 2023
Tiket Masuk Candi Prambanan,Fortunata Saesarria Deisberanda,"Keren, wajib kesini sih","5,0
/5",2 May 2023
Tiket Masuk Candi Prambanan,Martin Suanda,Terlalu mahal tiket masuk ke atas,"5,0
/5",2 May 2023
Tiket Masuk Candi Prambanan,Novika Rahayu Ningtyas,"Beli tiket via aplikasi tiket.com sangat memudahkan akses kita sebagai pengunjung!. Ga perlu antre di loket, apalagi kalau kunjungannya di hari libur dan membawa anak seperti saya. Tinggal datang dan ...","5,0
/5",2 May 2023
Tiket Masuk Candi Prambanan,Hayati za,Kebersihan kurang di jaga,"5,0
/5",2 May 2023
Tiket Masuk Candi Prambanan,WB,"Proses cepat, begitu sampai tempat tidak perlu lagi mengantri untuk beli tiket","5,0
/5",1 May 2023
Tiket Masuk Candi Prambanan,Nur Mei,"Sangat membantu order tiket disini. Candi Prambanan salah satu destinasi yg harus dikunjungi kalo ke jogja, great view & history.","5,0
/5",1 May 2023
Tiket Masuk Candi Prambanan,MS,"Good pokoknya mantap,pemesanan lewat online lebih. Mudah dan cepat","5,0
/5",1 May 2023
Tiket Masuk Candi Prambanan,VH,Sangat membantu diskon di tiket.com krn lebih murah,"5,0
/5",1 May 2023
Tiket Masuk Candi Prambanan,desi kristianingsih,"Ga ribet, cepat, teratur","5,0
/5",1 May 2023
Tiket Masuk Candi Prambanan,FH,Mantappppppp oke doki.,"5,0
/5",1 May 2023
Tiket Masuk Candi Prambanan,Winda Ayuning Tyas,Bagus dan keren tempatnya. Tiket masuknya juga terjangkau. Fasilitas umum seperti toiletnya juga mudah dijangkau,"5,0
/5",1 May 2023
Tiket Masuk Candi Prambanan,yudiana gustira,Mantaf aman nyanan tentram,"5,0
/5",1 May 2023
Tiket Masuk Candi Prambanan,SA,"Akhirnya sampai juga ke prambanan, cantik dan adem banget","5,0
/5",1 May 2023
Tiket Masuk Candi Prambanan,Noor Ambia,"Hotel Grand Rohan Jogja the best hotel yg pernah kami kunjungi, baik dari segi makanan, pelayanan dan fasilitasnya. Fasilitas untuk beribadah sangat di utamakan karena sudah berbasis syariah hotel. Re...","5,0
/5",1 May 2023
Tiket Masuk Candi Prambanan,Herman Suherman,"Sejuk ,bagus, nymn cocok buat liburan sama keluarga","5,0
/5",1 May 2023
Tiket Masuk Candi Prambanan,AH,"Dibeberapa tahun sebelumnya, candi ini masih ada beberapa tempat yang bisa diakses secara free.. Namun sekarang sudah berbayar","5,0
/5",1 May 2023
Tiket Masuk Candi Prambanan,EN,Sangat memuaskan dan menyenangkan,"5,0
/5",1 May 2023
Tiket Masuk Candi Prambanan,DL,Perjalanan menyenangkan,"5,0
/5",30 Apr 2023
Tiket Masuk Candi Prambanan,RF,No antri2 club mantap,"5,0
/5",30 Apr 2023
Tiket Masuk Candi Prambanan,Heni Nur Luthfiyani,Kereen bagus pokoknyaaa terbaiks,"5,0
/5",30 Apr 2023
Tiket Masuk Candi Prambanan,AA,"Bersih banget, area luas sekali","5,0
/5",30 Apr 2023
Tiket Masuk Candi Prambanan,DE,Wooww kereeeeeeeeennn,"5,0
/5",30 Apr 2023
Tiket Masuk Candi Prambanan,Effendi Abdurachman,Mantap lebih dekat mengenal peninggalan sejarah sama keluarga,"5,0
/5",29 Apr 2023
Tiket Masuk Candi Prambanan,Mohamad Fadli,Keren bangetttt pokonya,"5,0
/5",29 Apr 2023
Tiket Masuk Candi Prambanan,Noni Lianati,baikk syekali pelayanannya,"5,0
/5",29 Apr 2023
Tiket Masuk Candi Prambanan,Herlina Anggi,Seru bgt pokonya nambah pengalaman,"5,0
/5",29 Apr 2023
Tiket Masuk Candi Prambanan,IW,"Happy banget pas masuk candi sepi gak crowds gitu. Tetep banyak turis tapi dapet bgt feel ketenangan nya suka banget huhu Anw , kalo masuk sini mesti spare banyak2 uang cash karena disini apa apa haru...","5,0
/5",29 Apr 2023
Tiket Masuk Candi Prambanan,Suci budiarsih,Bagusss tp ada beberapa candi yang roboh karna gempa,"5,0
/5",29 Apr 2023
Tiket Masuk Candi Prambanan,Andre Tandapai,nice tempatnya bersih,"5,0
/5",28 Apr 2023
Tiket Masuk Candi Prambanan,Mohamad Imron Ghozalie,Mudah sekali dalam pembelian tiket,"5,0
/5",28 Apr 2023
Tiket Masuk Candi Prambanan,rabbil haqqi,Tempatnya bagus banget,"5,0
/5",28 Apr 2023
Tiket Masuk Candi Prambanan,Lukman Afandi,Bagus. Menarik.............,"5,0
/5",28 Apr 2023
Tiket Masuk Candi Prambanan,Adinda Kusumawardhani,"Menyenangkan sekali! Bayar tiket dengan tiket points dan gratis. Sampai sana parkir mobil luas, cetak tiket juga tanpa antre langsung diarahkan petugas. Suasana ramai tapi tertib, sekarang bisa sewa s...","5,0
/5",28 Apr 2023
Tiket Masuk Candi Prambanan,DN,Seruwwwwwwwwwwwwwww bwangeeetttttttt,"5,0
/5",27 Apr 2023
Tiket Masuk Candi Prambanan,Theresya Pamela Monika,"bagus. waktu dulu tidak boleh masuk ke area dalam, tapi kali ini diperbolehkan oleh penjaganya sampai bisa foto dtg stupa roro Jonggrang dan stupa lainnya","5,0
/5",27 Apr 2023
Tiket Masuk Candi Prambanan,Khairunnisa Faisal,aaamaaaazzziiinngggg🫰🏻🫶🏻🫶🏻,"5,0
/5",27 Apr 2023
Tiket Masuk Candi Prambanan,DB,Baguss dan indahhh murah² oleh²nya,"5,0
/5",27 Apr 2023
Tiket Masuk Candi Prambanan,Affandi Asrul Muis,Keren bgt candi prambanan pesan sekarang juga di tiket.com sekarang,"5,0
/5",27 Apr 2023
Tiket Masuk Candi Prambanan,Ponirin Nainggolan,Menakjubkan sekali semua candi di jateng,"5,0
/5",27 Apr 2023
Tiket Masuk Candi Prambanan,HN,Good......nice....gak pakai ngantri,"5,0
/5",27 Apr 2023
Tiket Masuk Candi Prambanan,HN,Fast respons....gak perlu ngantri,"5,0
/5",27 Apr 2023
Tiket Masuk Candi Prambanan,Bobby Irawan,Wisata edukasi banget,"5,0
/5",26 Apr 2023
Tiket Masuk Candi Prambanan,Feny Feny,Oke. Penukqrqn cepatsss,"5,0
/5",26 Apr 2023
Tiket Masuk Candi Prambanan,Dippos Sitohang,"Benar-benar pengalaman yang luar biasa, terus gampang juga untuk membeli tiketnya, apalagi ini pengalaman saya untuk pertama kali ke candi prambanan","5,0
/5",26 Apr 2023
Tiket Masuk Candi Prambanan,Rawiza Hayyinagn,Seruu. Siapkan topi dan kacamata karna sangat puanassss,"5,0
/5",26 Apr 2023
Tiket Masuk Candi Prambanan,DN,"Bagus banget, semua staf ramah dan helpful","5,0
/5",26 Apr 2023
Tiket Masuk Candi Prambanan,Johan Satria,Mudah banget beli pake tiket.com,"5,0
/5",25 Apr 2023
Tiket Masuk Candi Prambanan,RP,"Proses cepat tidak antri,harga lebih murah karena dapat promo dari tiket.com","5,0
/5",25 Apr 2023
Tiket Masuk Candi Prambanan,Teuku Irawan Satria,"Cepat serta murah, flexible juga.","5,0
/5",24 Apr 2023
Tiket Masuk Candi Prambanan,CB,"Kerennn Banget, Ga sia-sia panasss”, pemandangannya ga sia’in effort ku","5,0
/5",24 Apr 2023
Tiket Masuk Candi Prambanan,AA,Pokoknya enak klo pagi dateng masih sepi,"5,0
/5",24 Apr 2023
Tiket Masuk Candi Prambanan,Aprilian Widyas Nur Akbar,"Bagus dan menyenangkan, dateng waktu pagi jadi sejuk seger dan petugasnya masih fresh","5,0
/5",24 Apr 2023
Tiket Masuk Candi Prambanan,TN,"Semakin keren prambanan, dipermudah dengan beli tiketnya disini. Thank you tiket.com","5,0
/5",24 Apr 2023
Tiket Masuk Candi Prambanan,Annisa Perenensi Br Bangun,Rekomendasi baget . tempat iya bagus dan sagat bersejarah .,"5,0
/5",24 Apr 2023
Tiket Masuk Candi Prambanan,Imelda S Sianturi,Im happy. Tengkyu ya prambanan,"5,0
/5",23 Apr 2023
Tiket Masuk Candi Prambanan,Annisa Putri,"Bagus ini candi, mana staffnya friendly.","5,0
/5",22 Apr 2023
Tiket Masuk Candi Prambanan,AA,"Keren, tour guide nya sangat informatif","5,0
/5",21 Apr 2023
Tiket Masuk Candi Prambanan,Hudhan Mufazhal,Sangat cepat dan ada diskon lagii...,"5,0
/5",20 Apr 2023
Tiket Masuk Candi Prambanan,MM,"Tempat yang sangat bagus dikunjungi, cuaca cerah dengan langit biru menambah keindahan candi","5,0
/5",18 Apr 2023
Tiket Masuk Candi Prambanan,Febie Tamanita,bagus.. peninggalan sejarah.. nahh yang candi sewu itu katanya sii di rakit ulang gtu.. kereennn..,"5,0
/5",16 Apr 2023
Tiket Masuk Candi Prambanan,AC,Tjaaaakeeeeeppppppppppppp,"5,0
/5",12 Apr 2023
Tiket Masuk Candi Prambanan,Chao Tzu Kang,cuma bantuin beliin atasan doang. tapi dari cerita beliau sih dia sangat suka denhan wisata yg ada di indonesia.,"5,0
/5",11 Apr 2023
Tiket Masuk Candi Prambanan,Cepy Agusty,Like banget tempat nya,"5,0
/5",9 Apr 2023
Tiket Masuk Candi Prambanan,AM,"Bagus banget, petugasnya ramah dan lingkungan candi bersih","5,0
/5",9 Apr 2023
Tiket Masuk Candi Prambanan,Lam Koko,"Datang pada saat bulan puasa, ternyata lagi low season. Enak deh. Gak banyak pengunjung lain.","5,0
/5",7 Apr 2023
Tiket Masuk Candi Prambanan,TRI OCTAVIA AGUSTINA,"suka, lebih murah dari normal","5,0
/5",7 Apr 2023
Tiket Masuk Candi Prambanan,Triwahyu Ramadhani,"Lingkungannya bersih, aman, dan nyaman. Pelayanannya juga ramah dan sopan. Turis-turis yang lain (baik lokal maupun asing) saling menghargai, saat mau foto di spot tertentu kita juga saling mempersila...","5,0
/5",5 Apr 2023
Tiket Masuk Candi Prambanan,Naila Inas,Keren banget pengen kesana lagi,"5,0
/5",4 Apr 2023
Tiket Masuk Candi Prambanan,Maulana Rizky,Bagus sekali dan keren,"5,0
/5",4 Apr 2023
Tiket Masuk Candi Prambanan,Nurussyifa Afiana Z,"Pesan tiket di tiket.com jadi lebih praktis tanpa perlu antre ots, thank you!","5,0
/5",3 Apr 2023
Tiket Masuk Candi Prambanan,Andre Atmaja,"Great view, love it..","5,0
/5",3 Apr 2023
Tiket Masuk Candi Prambanan,Mus Riadi,"Keren, lebih mudah transaksi tanpa perlu ngantri","5,0
/5",2 Apr 2023
Tiket Masuk Candi Prambanan,FEBRINA M,Mantappp bengetgggggg,"5,0
/5",31 Mar 2023
Tiket Masuk Candi Prambanan,Muthmainna Dayanti Jufri,Sangat mudah beli tiket menggunakan aplikasi,"5,0
/5",30 Mar 2023
Tiket Masuk Candi Prambanan,Muthmainna Dayanti Jufri,Mudah dan tdk perlu antri,"5,0
/5",29 Mar 2023
Tiket Masuk Candi Prambanan,Fina fenita,Tempat yang bagus dan indah,"5,0
/5",29 Mar 2023
Tiket Masuk Candi Prambanan,Sri wulansari,Menenangkan love bgt pokonya,"5,0
/5",27 Mar 2023
Tiket Masuk Candi Prambanan,yatina Eng,rapi bersih dan sopan org org di sana,"5,0
/5",27 Mar 2023
Tiket Masuk Candi Prambanan,Dyah Eka Muji Utari,enak banget ke prambanan pagi pagi masih belom panas,"5,0
/5",26 Mar 2023
Tiket Masuk Candi Prambanan,PM,"keren, ga harus antri panjang panjang","5,0
/5",26 Mar 2023
Tiket Masuk Candi Prambanan,Erni Christina Samosir,kalau mau kesini jangan lupa bawa payung klu siang hari ya gaess.,"5,0
/5",26 Mar 2023
Tiket Masuk Candi Prambanan,Alexander Hery Suhanto,Ok...................,"5,0
/5",25 Mar 2023
Tiket Masuk Candi Prambanan,DY,Lumayan terpotong 2000,"5,0
/5",25 Mar 2023
Tiket Masuk Candi Prambanan,Fahmi Ali,Seneng bgt gak perlu ngantri,"5,0
/5",25 Mar 2023
Tiket Masuk Candi Prambanan,Ibnu Ramadhan,Mudah pemesanan tiket dari tiket. Com gaperlu antri tinggal masuk,"5,0
/5",24 Mar 2023
Tiket Masuk Candi Prambanan,Wildan Anggun,Kawasan candi bagus bersih banyak kursi utk duduk2 jadi ga capek walaupun jalan jauh panas2 krn banyak pohon besar juga 👍,"5,0
/5",24 Mar 2023
Tiket Masuk Candi Prambanan,NICOLA VALENTINO TOBING,mantap sman myaman proses masuk cepat,"5,0
/5",23 Mar 2023
Tiket Masuk Candi Prambanan,Diana Ros,"Good place, dpt potongan harga sedikitlah dr PD di merchan online sebelah.","5,0
/5",22 Mar 2023
Tiket Masuk Candi Prambanan,Sufandri Liman,"Oke, jadi lebih murah dengan tiket online","5,0
/5",22 Mar 2023
Tiket Masuk Candi Prambanan,Sufandri Liman,"Oke, jadi lebih murah dengan tiket online","5,0
/5",22 Mar 2023
Tiket Masuk Candi Prambanan,Tubagus Muhamar,Cepaat sat set sat set,"5,0
/5",19 Mar 2023
Tiket Masuk Candi Prambanan,Retno Susanti,"Gampang banget pesennya dan gak perlu ngantri di loket, harganya juga lebih murah dari pada di loket loh. Buruan pesen di tiket.com","5,0
/5",19 Mar 2023
Tiket Masuk Candi Prambanan,TM,"Selalu seneng dengan viewnya, ambience-nya, mendengarkan cerita dibaliknya","5,0
/5",17 Mar 2023
Tiket Masuk Candi Prambanan,TM,Try the buggy trip for additional 200k 😍,"5,0
/5",17 Mar 2023
Tiket Masuk Candi Prambanan,Devi Natalia,"Terakhir kali berkunjung kesini sewaktu saya masih SD & ketika kembali sungguh tidak sangka, sekarang bagus sekali & tertata rapi.. Benar² mengikuti standart kualitas wisata internasional.. BRAVO INDO...","5,0
/5",15 Mar 2023
Tiket Masuk Candi Prambanan,Risca Azhari,Mantaaaaaaaaaaaaappppp,"5,0
/5",14 Mar 2023
Tiket Masuk Candi Prambanan,Indah Permata Sari,Wisata menyenangkan ☺️☺️,"5,0
/5",14 Mar 2023
Tiket Masuk Candi Prambanan,Renata Laras Syati,Sangat menakjubkan dan membuat terpanah,"5,0
/5",12 Mar 2023
Tiket Masuk Candi Prambanan,Mela Yunita,Good place sungguh ada,"5,0
/5",12 Mar 2023
Tiket Masuk Candi Prambanan,RN,Bagus....suka Mempermudah kita traveling Terima kasih tiket.com,"5,0
/5",12 Mar 2023
Tiket Masuk Candi Prambanan,AM,"Proses tiket cepat, harga lebih murah dari on the spot","5,0
/5",12 Mar 2023
Tiket Masuk Candi Prambanan,Martina Leni,"Keluarga happy, kwkkejdidididikdkdsiodos","5,0
/5",11 Mar 2023
Tiket Masuk Candi Prambanan,Nazela AQ Nasution,Bagus murah dan ada diskonnya,"5,0
/5",11 Mar 2023
Tiket Masuk Candi Prambanan,Nazela AQ Nasution,Bagus dan murah ada diskonnya,"5,0
/5",11 Mar 2023
Tiket Masuk Candi Prambanan,Kholif Hidayatullah,Keren dan lebihmurah pake apk,"5,0
/5",11 Mar 2023
Tiket Masuk Candi Prambanan,Gita Rimba Angelina,Terkelola dengan rapih.,"5,0
/5",10 Mar 2023
Tiket Masuk Candi Prambanan,Mario Fadhil Tamada Putra,Yy6yyyyyyyyyyyyyyyyyyyyyyyyyyyy,"5,0
/5",9 Mar 2023
Tiket Masuk Candi Prambanan,RR,Cepat dan praktis jadi ga perlu antri di loket,"5,0
/5",8 Mar 2023
Tiket Masuk Candi Prambanan,Linda Patricia,Keren.setelah dari Prambanan jalan kaki ke candi lumbung .bubrah.dan candi Sewu yang merupakan candi agama budha.mungkin dipintu masuk pas scan tiket.penjaga bisa menginformasikan ke pengunjung untuk ...,"5,0
/5",6 Mar 2023
Tiket Masuk Candi Prambanan,Zahra Septia,Baguss banget tempatnya bersih,"5,0
/5",5 Mar 2023
Tiket Masuk Candi Prambanan,ZA,"The entry ticket is cheaper than you have to buy on the spot. Also, you don't need to line so long if you have reserved online.","5,0
/5",28 Feb 2023
Tiket Masuk Candi Prambanan,Kafrawi Aby,"bagus, bagus, bagus, bagus","5,0
/5",28 Feb 2023
Tiket Masuk Candi Prambanan,Mardiyah Utami,Good good gooooodddddd,"5,0
/5",28 Feb 2023
Tiket Masuk Candi Prambanan,Ratno Dwi Sutomo,"Kali ke 5 nya beli tiket prambann dari sini, semuanya serba express","5,0
/5",27 Feb 2023
Tiket Masuk Candi Prambanan,Arfandi Fajri,Bagusss dan bikin lebih mudah untuk reservasi,"5,0
/5",27 Feb 2023
Tiket Masuk Candi Prambanan,BP,Sangat memuaskan dan akan kembali lagi,"5,0
/5",27 Feb 2023
Tiket Masuk Candi Prambanan,Dita Mutiara,Mudah sekali tidak perlu antri langsung scan saja sudah bisa langsung di print tiketnya,"5,0
/5",27 Feb 2023
Tiket Masuk Candi Prambanan,Amalia Putri,Bagus banget tapi lumayan panas pas di candi nya,"5,0
/5",26 Feb 2023
Tiket Masuk Candi Prambanan,SS,Tidak perlu antri tiket di loket. Tinggal scan saja di dekat pintu masuk. Ada potongan harga pula. Keren.,"5,0
/5",25 Feb 2023
Tiket Masuk Candi Prambanan,Nur Rhomahniyawati,"Mantap bersih rapi,,, sayangnya hanya 1 yg di buka boleh masuk","5,0
/5",25 Feb 2023
Tiket Masuk Candi Prambanan,AR,"Secara keseluruhan sangat mudah untuk menuju ke Prambanan, dengan tiket dewasa Rp. 50rb dan anak-anak Rp. 25rb banyak pengalaman dan pembelajaran yang bisa kita petik untuk kita dan anak-anak. Terima ...","5,0
/5",24 Feb 2023
Tiket Masuk Candi Prambanan,mariza oktaviani,Penukaran cepat tidak ngantri thanks tiket. Com,"5,0
/5",22 Feb 2023
Tiket Masuk Candi Prambanan,FF,Mantaaaaaaaaaaaaaaaaap,"5,0
/5",22 Feb 2023
Tiket Masuk Candi Prambanan,Febriana Wahyu Wulandasuci,Bagus buat pemesanan tiket yang tanpa antri,"5,0
/5",21 Feb 2023
Tiket Masuk Candi Prambanan,Febriana Wahyu Wulandasuci,"Bagus.cepat, lebih mudah dan banyak promo","5,0
/5",21 Feb 2023
Tiket Masuk Candi Prambanan,Ferdiany Ferdiany,Terbantu bgt beli tiket prambanan melalui tiket.com..Kt penjaga loket cm selisih 2tlrb dgn beli tiket lsg diloket..tp ternyata selisihnya lumayan ngt..sbg info pembelian tiket lsg 40rb yaa,"5,0
/5",20 Feb 2023
Tiket Masuk Candi Prambanan,SA,Lebih murah daripada beli ditempat,"5,0
/5",20 Feb 2023
Tiket Masuk Candi Prambanan,Anton permana,"Praktis, mantap buat liburan keluarga","5,0
/5",20 Feb 2023
Tiket Masuk Candi Prambanan,EP,"Panas, kudu bwa payung","5,0
/5",20 Feb 2023
Tiket Masuk Candi Prambanan,PM,"Tempat bersih, outdoor, rindang","5,0
/5",19 Feb 2023
Tiket Masuk Candi Prambanan,fansusanto fansusanto,"Lebih cepat, tidak perlu antri lagi","5,0
/5",19 Feb 2023
Tiket Masuk Candi Prambanan,Suci Desmayanti,Thankyou tiket.com pas pesan lagi ada promo 👍🏻👍🏻,"5,0
/5",19 Feb 2023
Tiket Masuk Candi Prambanan,JA,"y'll can study about history in this place, I was amazed when I saw it for the first time cuz the temple is very beautiful. I didn't expect that such a magnificent temple was made by humans.","5,0
/5",18 Feb 2023
Tiket Masuk Candi Prambanan,AF,Penukaran tiket mudah,"5,0
/5",17 Feb 2023
Tiket Masuk Candi Prambanan,Yusuf Abdul aziz,Mantap lah pknya lain kali kesini lagi,"5,0
/5",16 Feb 2023
Tiket Masuk Candi Prambanan,RV,mantap bagus keren dan joss,"5,0
/5",16 Feb 2023
Tiket Masuk Candi Prambanan,Herlina Hidayati,Keren. . Sangat terawat.. Hrga ticket jg music ramah d kantong.. Utk yg ingin believe souvenirs just murah start 1000 saja,"5,0
/5",16 Feb 2023
Tiket Masuk Candi Prambanan,Albert Albert,"keren sihh, gampang dan cepat kalo lewat tiket.com","5,0
/5",15 Feb 2023
Tiket Masuk Candi Prambanan,NN,"Mantap, tapi cape banget..wkwkwkwk","5,0
/5",14 Feb 2023
Tiket Masuk Candi Prambanan,Fika Mutiara Sari,Tiket murah.. tempat ok,"5,0
/5",14 Feb 2023
Tiket Masuk Candi Prambanan,AR,"Seru, semuanya masih terawat dan bersih. Sangat disayangkan loket yg buka hanya 2 saat pengunjung membludak","5,0
/5",14 Feb 2023
Tiket Masuk Candi Prambanan,Nia Siti Sunariah,Fantastic. Very well maintained.,"5,0
/5",14 Feb 2023
Tiket Masuk Candi Prambanan,Nia Siti Sunariah,"So beautiful temple, well maintained, friendly staff.","5,0
/5",14 Feb 2023
Tiket Masuk Candi Prambanan,SS,Cocok buat liburan keluarga dan edukasi sejarah ke anak,"5,0
/5",13 Feb 2023
Tiket Masuk Candi Prambanan,Septian Aditya Saputra,Mantap sesuai dengan fasilitas yang diberikan,"5,0
/5",13 Feb 2023
Tiket Masuk Candi Prambanan,Erni Efriliyani,"Worth it, dapet potongan harga juga","5,0
/5",10 Feb 2023
Tiket Masuk Candi Prambanan,Anita Rustandari,"Cepet bgt, better dtg stgh7 pas bru buka jdi ga ramai pengunjung lain","5,0
/5",9 Feb 2023
Tiket Masuk Candi Prambanan,RN,"Keren, luas, tempat bersejarah","5,0
/5",9 Feb 2023
Tiket Masuk Candi Prambanan,Nikmatul Akbar,bagusssssssssssssssss,"5,0
/5",8 Feb 2023
Tiket Masuk Candi Prambanan,VN,sangatt menyenangkann,"5,0
/5",7 Feb 2023
Tiket Masuk Candi Prambanan,LP,sangat bagus indah bgt pemandanganya,"5,0
/5",6 Feb 2023
Tiket Masuk Candi Prambanan,IP,Gampang bgt pakenya.. selamat berlibur,"5,0
/5",5 Feb 2023
Tiket Masuk Candi Prambanan,Nosiani Romdona,Keren banget 🫶🏻🫶🏻🫶🏻🫶🏻🫶🏻,"5,0
/5",5 Feb 2023
Tiket Masuk Candi Prambanan,DS,"Seruu, asik. Tapi capek bgt jalan kaki keluarnya 😭","5,0
/5",5 Feb 2023
Tiket Masuk Candi Prambanan,Lani Regina,Bagus dan ok banget tempatnya,"5,0
/5",5 Feb 2023
Tiket Masuk Candi Prambanan,Teguh Mawlana,Mantappppppppppppppamtap mantap,"5,0
/5",5 Feb 2023
Tiket Masuk Candi Prambanan,Giovanni Giovanni,"Seru, banyak pengetahuan yang didapat","5,0
/5",3 Feb 2023
Tiket Masuk Candi Prambanan,Tania Mentari Desriyani,Tidak perlu antri dan dapet diskon👍,"5,0
/5",3 Feb 2023
Tiket Masuk Candi Prambanan,Nelisa Permata,Tiket nya murah dan gampang d beli,"5,0
/5",2 Feb 2023
Tiket Masuk Candi Prambanan,Astrie Rezky,Mudah dan murah dpt promo,"5,0
/5",2 Feb 2023
Tiket Masuk Candi Prambanan,Fery Firmansyah,mantap aman mudah nyaman luar biasa,"5,0
/5",1 Feb 2023
Tiket Masuk Candi Prambanan,FS,Bagus bisa beli tiket online.,"5,0
/5",1 Feb 2023
Tiket Masuk Candi Prambanan,Desta Karunia sari,Pokok nya bagus view nya dan tentu nya jogja itu panas,"5,0
/5",1 Feb 2023
Tiket Masuk Candi Prambanan,NR,Oke juga bagus kalo bisa kesana jangan hari senin,"5,0
/5",31 Jan 2023
Tiket Masuk Candi Prambanan,Nia Noviani,Keren abiss seruu pokonya,"5,0
/5",31 Jan 2023
Tiket Masuk Candi Prambanan,Fanny Pricillia,Keren dan Sangat Indah,"5,0
/5",31 Jan 2023
Tiket Masuk Candi Prambanan,RIRI INDRIANI,gak perlu antri! tinggal scan trus masuk deh!,"5,0
/5",31 Jan 2023
Tiket Masuk Candi Prambanan,DM,"Biaya masuk 50rb/dewasa, 25/anak. Ada tarif sendiri kalo mau mengunjungi tempat wisata lainnya disitu. Banyak spot foto menarik, yg berbayar juga ada, 20rb. Ada sewa sepeda juga untuk keliling. Pas ke...","5,0
/5",31 Jan 2023
Tiket Masuk Candi Prambanan,Muhammad Iqbal,"Ndak rugi si kesini, apalagi pesan lewat tiket.com dapat potongan pulak","5,0
/5",30 Jan 2023
Tiket Masuk Candi Prambanan,RENTHA J HUTAHAEAN,Niceeeeeeeeeeeeeeeeeeeeeeeee,"5,0
/5",30 Jan 2023
Tiket Masuk Candi Prambanan,SF,Tersedia tempat khusus yg nyaman,"5,0
/5",29 Jan 2023
Tiket Masuk Candi Prambanan,SF,Dapat ruangan khusus sangat nyaman,"5,0
/5",29 Jan 2023
Tiket Masuk Candi Prambanan,SF,candi pertama yg aku kunjungin! mungkin karna lagi peak season jd pas kesini lg rame bgt alhasil gbs foto2 estetik hahahaha tapi cukup memuaskan kok. surprising partnya adlh di area prambanan udh supp...,"5,0
/5",27 Jan 2023
Tiket Masuk Candi Prambanan,Resti Farliani,"Seru banget, meskipun cuaca nya panas banget.. beli tiket di aplikasi sangat memudahkan sekali gak perlu lama antri2","5,0
/5",26 Jan 2023
Tiket Masuk Candi Prambanan,rahma pandita,"Seru banget tempat nya bersih, keren ✨","5,0
/5",26 Jan 2023
Tiket Masuk Candi Prambanan,Roosmaya Fitri,"Mantappppzz,terbaik,dpt murah","5,0
/5",24 Jan 2023
Tiket Masuk Candi Prambanan,Fery Firmansyah,keren mudah dan aman mantap,"5,0
/5",24 Jan 2023
Tiket Masuk Candi Prambanan,Sobat Tiket,Wajib dikunjungi kalo liburan ke Jogja. Tiket lebih murah,"5,0
/5",24 Jan 2023
Tiket Masuk Candi Prambanan,RIZKA NOVIYANTI,Puas sekali next bisa diulangi lagi,"5,0
/5",24 Jan 2023
Tiket Masuk Candi Prambanan,Tania Tania,Manyap jiwa clckckckkc pkeu yaidbz,"5,0
/5",24 Jan 2023
Tiket Masuk Candi Prambanan,Aji Pangestu,Good place i will come back,"5,0
/5",23 Jan 2023
Tiket Masuk Candi Prambanan,Endah Purwitasari,Murah dan mudah prosew nya,"5,0
/5",23 Jan 2023
Tiket Masuk Candi Prambanan,Gede Bayu Putra Sanjaya,Sangat berkesan..tempat wisata sangat bersih,"5,0
/5",23 Jan 2023
Tiket Masuk Candi Prambanan,suciastuti budiasih,Schöner Temple und wunderbar,"5,0
/5",23 Jan 2023
Tiket Masuk Candi Prambanan,Wieke Sukma Cahyati,Puas bgt sii ksni.. Pengalaman yg seru dan menyenangkan.. Harga tiket jg terjangkau utk bisa mengunjungi situs bersejarah ini.. #CandiPrambanan,"5,0
/5",23 Jan 2023
Tiket Masuk Candi Prambanan,Ryandana Apryansyah Pohan,"Tempat bersejarah yang keren, tapi sayangnya untuk masuk ke dalam bangunan candi sudah tidak boleh","5,0
/5",22 Jan 2023
Tiket Masuk Candi Prambanan,Hanny Hijrah Hijrah,Tidak perlu antre tiket,"5,0
/5",22 Jan 2023
Tiket Masuk Candi Prambanan,HW,Tiket Affordable fasilitas lengkap,"5,0
/5",22 Jan 2023
Tiket Masuk Candi Prambanan,FK,Proses cepat dan nyaman,"5,0
/5",22 Jan 2023
Tiket Masuk Candi Prambanan,Agustina Sarumaha,Bagus dan keren candinya,"5,0
/5",21 Jan 2023
Tiket Masuk Candi Prambanan,Malindo Udiya,Redeem nya mudah. Thank u…,"5,0
/5",20 Jan 2023
Tiket Masuk Candi Prambanan,M Samsul Arifin,Lumayan dapat diskon 4k Hehehe,"5,0
/5",19 Jan 2023
Tiket Masuk Candi Prambanan,adi pratama semesta,"enak, gak perlu antri panjang","5,0
/5",19 Jan 2023
Tiket Masuk Candi Prambanan,Yosia Kusumarani Andriani,Keren tapi sayangnya gak bisa naik ke atas,"5,0
/5",18 Jan 2023
Tiket Masuk Candi Prambanan,RIDWAN ROMADAN,Sangat bagus dan nyaman tempat nya,"5,0
/5",16 Jan 2023
Tiket Masuk Candi Prambanan,CL,bagus benget banget .,"5,0
/5",16 Jan 2023
Tiket Masuk Candi Prambanan,Yeni Ambarwati,Niceeeeeeeeeeeeee❤️❤️❤️❤️,"5,0
/5",15 Jan 2023
Tiket Masuk Candi Prambanan,Reza Habib Adhyatama,Keren banget pokoknya,"5,0
/5",15 Jan 2023
Tiket Masuk Candi Prambanan,TM,Objek wisata yang perlu dikunjungi jika ke Jogjakarta,"5,0
/5",15 Jan 2023
Tiket Masuk Candi Prambanan,OZ,Seru banget.. Booking murah sama Bang Jemmy 085268269398,"5,0
/5",15 Jan 2023
Tiket Masuk Candi Prambanan,Kamaludin Riyono,"Lumayan, tapi fasilitas di area candi agak kurang","5,0
/5",13 Jan 2023
Tiket Masuk Candi Prambanan,WD,Baguskok kece aplikasi ini,"5,0
/5",13 Jan 2023
Tiket Masuk Candi Prambanan,puput junaidi,"KEREN ,yg paling pnting petugas harus sigap melihat pengunjung yg membuang sampah sembarangan","5,0
/5",12 Jan 2023
Tiket Masuk Candi Prambanan,Alyani Fajrin,"semuanya ok, ada skuter bisa keliling” prambanan ga perlu cape” jaln","5,0
/5",11 Jan 2023
Tiket Masuk Candi Prambanan,Durotun nasikhah,"Kesini pas liburan akhir tahun , jdi hujan + rame bgt, tapi seru 😂","5,0
/5",10 Jan 2023
Tiket Masuk Candi Prambanan,Aulia Maulida,Arah pintu masuk nya kurang jelas. Dapat parkir mobil yang lumayan jauh jd jauh bgt ke pintu utama. Ada beberapa candi yg sedang dalam perbaikan. Wajib bawa payung karena panas bgt,"5,0
/5",9 Jan 2023
Tiket Masuk Candi Prambanan,Febriana Ginting,"wisata candi prambanan sekarang sudah bagus, lebih terawat dan bersih","5,0
/5",9 Jan 2023
Tiket Masuk Candi Prambanan,Rika Juita,Mempermudah buat bembelian tiket... Tapi klo bisa pas masuk Prambanan harus nya langsung scand dipintu masuk gak usah diprint lagi...,"5,0
/5",8 Jan 2023
Tiket Masuk Candi Prambanan,WN,"Good, praktis dan lebih murah dibanding beli on the spot","5,0
/5",8 Jan 2023
Tiket Masuk Candi Prambanan,Gustriani Utami,"Mudah, cepat beli tiket online","5,0
/5",8 Jan 2023
Tiket Masuk Candi Prambanan,Christina Ginting,Semoga datang kembali dengan keluarga besar ke sini,"5,0
/5",6 Jan 2023
Tiket Masuk Candi Prambanan,Mohamad Irja Mahardika,"Keren banget sih, instan","5,0
/5",6 Jan 2023
Tiket Masuk Candi Prambanan,Nelvira Djiu,Menarik untuk dikunjungi,"5,0
/5",6 Jan 2023
Tiket Masuk Candi Prambanan,Anggela Nius Natalina,"Pas pertama kali kesini jadi jatuh cinta dama tempat ini,ini kedua kalinya aku kesni dan bakalan kesni lg setiap ke jogja","5,0
/5",6 Jan 2023
Tiket Masuk Candi Prambanan,theresia simangunsong,"Teratur, rapi, menyenangkan","5,0
/5",5 Jan 2023
Tiket Masuk Candi Prambanan,Eva Helvira,"Tiket.com the bestttt, harga lebih murah dan ada voucher diskon. Thank you tiket.com","5,0
/5",5 Jan 2023
Tiket Masuk Candi Prambanan,Windu Tri Andaruno,"Oke, antrian tidak panjang","5,0
/5",5 Jan 2023
Tiket Masuk Candi Prambanan,Elisabet Triyana,Mantabb deh dapet diskon walopun cuma 4rb hahHa,"5,0
/5",4 Jan 2023
Tiket Masuk Candi Prambanan,Tirtan Ridzwansyah,Sangat membantu sekali,"5,0
/5",3 Jan 2023
Tiket Masuk Candi Prambanan,Reynold Frans Simanjuntak,"mantap dan memuaskan, keinginan utk ke Candi Prambanan kesampaian pasca covid 19","5,0
/5",3 Jan 2023
Tiket Masuk Candi Prambanan,Riska Amanda Titik Widuri,bagus murah menyenangkan,"5,0
/5",3 Jan 2023
Tiket Masuk Candi Prambanan,Geifira Kusumaningrum,Proses reedem tiketnya cepat. Prambanan nya terawat tapi sayang banyak sampah berserakan :' semoga kedepannya para pengunjung sadar nga buang sampah sembarangan,"5,0
/5",2 Jan 2023
Tiket Masuk Candi Prambanan,Dwi Kurniawan,Istimewaaaa candi prambanan,"5,0
/5",2 Jan 2023
Tiket Masuk Candi Prambanan,Shinta dyah pitaloka,Bagus bangettttttttttttt,"5,0
/5",2 Jan 2023
Tiket Masuk Candi Prambanan,Do Yeon Kim,Bagus bangetttttttttttttttttt,"5,0
/5",2 Jan 2023
Tiket Masuk Candi Prambanan,JS,"lebih simple beli tiket atraksi wisata di teket.com pas datang langsung cetak tiket saja. selain itu ada promo menarik juga, saya beli 10 tiket dapat cashback sampai 50rb","5,0
/5",2 Jan 2023
Tiket Masuk Candi Prambanan,Mohammad Ghina Adi N,Yooooppppppppppppppppp,"5,0
/5",2 Jan 2023
Tiket Masuk Candi Prambanan,Rulina Endarti,Mantap ga ribet ga perlu antri,"5,0
/5",1 Jan 2023
Tiket Masuk Candi Prambanan,HENDRA SAMIDDHI LEEPHUTRA,sayang ga bisa masuk ke dalamnya,"5,0
/5",1 Jan 2023
Tiket Masuk Candi Prambanan,TRI HARYONO,Lebih cepat antrian beli tiket online...ada mesin cetak tiket tersendiri... Daripada beli tiket offline.,"5,0
/5",1 Jan 2023
Tiket Masuk Candi Prambanan,Apriyani Apriyani,Tanpa perlu antri panjang untuk beli tiket. Puas banget menjelajahi candi Prambanan,"5,0
/5",1 Jan 2023
Tiket Masuk Candi Prambanan,Jeffry Jeffry,Liburannnn seruu penukaran tiket nya mudah dan cepat,"5,0
/5",1 Jan 2023
Tiket Masuk Candi Prambanan,wanti rahayu,Its a good place ever,"5,0
/5",1 Jan 2023
Tiket Masuk Candi Prambanan,Kristina Desi,"Bagus, cuman kmrn kena hujan","5,0
/5",31 Dec 2022
Tiket Masuk Candi Prambanan,AP,"Di loket masih perlu cetak tiket fisik, untungnya saat itu tidak ada antrian untuk print.","5,0
/5",31 Dec 2022
Tiket Masuk Candi Prambanan,Yulie Zoelrija,Bagusss..cantik candinya,"5,0
/5",31 Dec 2022
Tiket Masuk Candi Prambanan,pramita Antoni,Kereeen 👍👍👍 Ok bgt...,"5,0
/5",31 Dec 2022
Tiket Masuk Candi Prambanan,ADE WAHYU SAPUTRA,"Pengaturan masuk keluarnya mesti dibuat lebih fleksibel, gak harus maksa orang tuk belinoleh2 dan jalan terlalu lama","5,0
/5",31 Dec 2022
Tiket Masuk Candi Prambanan,Togi Wily Oksandhi,Peninggalan sejarah masa lalu yang menakjubkan,"5,0
/5",31 Dec 2022
Tiket Masuk Candi Prambanan,Yandika Abimanyu,"Masuknya mudah karena ada Loket khusus untuk pembelian online , mantab lah pokonya","5,0
/5",30 Dec 2022
Tiket Masuk Candi Prambanan,AI,"Wisata yang hijau sekali, terawat dan nyaman untuk keliling bersama keluarga","5,0
/5",30 Dec 2022
Tiket Masuk Candi Prambanan,GI,Perfect and so beatiful,"5,0
/5",30 Dec 2022
Tiket Masuk Candi Prambanan,Vitta Jamil,Destinasi yang tidak pernah membosankan,"5,0
/5",30 Dec 2022
Tiket Masuk Candi Prambanan,Jul Forman Zebua,"Keren bgt, dapat promo lagi di tiket. Com, jadi lebih yakin untuk selalu pakai app ini","5,0
/5",30 Dec 2022
Tiket Masuk Candi Prambanan,CS,candi prambanan emg sebagus itu. apalagi kmrn cuaca agak mendung jd cocok bgt dipake jalan keliling,"5,0
/5",29 Dec 2022
Tiket Masuk Candi Prambanan,Anita Anita,Good banget tapi kita kepanasan ga ada makanan oi,"5,0
/5",29 Dec 2022
Tiket Masuk Candi Prambanan,IS,Kerennnnnnnnnnnn.........,"5,0
/5",29 Dec 2022
Tiket Masuk Candi Prambanan,MA,"Mantap, pesan di tiket.com jadi ga usah ngantri lama 😍","5,0
/5",28 Dec 2022
Tiket Masuk Candi Prambanan,Kasim Wijaya,"Lokasi dekat, loket antrian tertib teratur.👍👍","5,0
/5",28 Dec 2022
Tiket Masuk Candi Prambanan,maria angelina anggrainy,Ga pernah bosen pergi ke candi Prambanan selalu amazing sama pemandangannya,"5,0
/5",27 Dec 2022
Tiket Masuk Candi Prambanan,Feronika Wangi,Nice good wajib dikunjungi,"5,0
/5",27 Dec 2022
Tiket Masuk Candi Prambanan,Noor Ayu,Kerenn bgt..memudahkan tidak antri,"5,0
/5",27 Dec 2022
Tiket Masuk Candi Prambanan,Hanifa Nur Rahmadini,Udah 2x kesini.. lebih enak dikunjungi drpada borobudur mnurut akuu,"5,0
/5",26 Dec 2022
Tiket Masuk Candi Prambanan,Rexy Pratama,easy and quick to enter the prambanan temple,"5,0
/5",26 Dec 2022
Tiket Masuk Candi Prambanan,MUHAMAD BANU KAMAL ALFIRDAUS,Great and best place for holiday,"5,0
/5",26 Dec 2022
Tiket Masuk Candi Prambanan,rizca amalia,"bagus banget, moment yg tak terlupa kan","5,0
/5",26 Dec 2022
Tiket Masuk Candi Prambanan,AW,"capture dulu barcodenya sblm ke candi, karena pas mau tuker tiket susah sinyal buat buka aplikasi","5,0
/5",25 Dec 2022
Tiket Masuk Candi Prambanan,AW,"mempermudah akses sekali, selain jangan lupa cature dulu barcode ya. karena disana susah sinyal buat buka aplikasi","5,0
/5",25 Dec 2022
Tiket Masuk Candi Prambanan,AL,Prambanan selalu oke..,"5,0
/5",25 Dec 2022
Tiket Masuk Candi Prambanan,Ika Wahyuni Hasaniah,Kamar dan pelayanan sangat Bagus 👍🏻👍🏻,"5,0
/5",25 Dec 2022
Tiket Masuk Candi Prambanan,Helmi Akmal,"Mantap lah pokoknya, pesan dan langsung cetak","5,0
/5",24 Dec 2022
Tiket Masuk Candi Prambanan,Nadhifa Emiria,Keren banget rekomendasi si,"5,0
/5",24 Dec 2022
Tiket Masuk Candi Prambanan,Tine Gustine,First time to Prambanan and made ticket booking through tiket.com to avoid the long queue. It took only 5 minutes and we could enjoy the beauty of Prambanan.,"5,0
/5",24 Dec 2022
Tiket Masuk Candi Prambanan,agustini ayu,happy bgtttttttttttttt gk perlu antri,"5,0
/5",23 Dec 2022
Tiket Masuk Candi Prambanan,YH,Pertama kali pas ke prambanan.. Kereen bagus,"5,0
/5",22 Dec 2022
Tiket Masuk Candi Prambanan,mariam muliana jahya,Ok dpt diskon todo experience,"5,0
/5",22 Dec 2022
Tiket Masuk Candi Prambanan,mariam muliana jahya,Ok dpt vocher promo todo,"5,0
/5",22 Dec 2022
Tiket Masuk Candi Prambanan,rizca amalia,"no comment, the best pokok nya 👍❤️","5,0
/5",22 Dec 2022
Tiket Masuk Candi Prambanan,sri devi gustina br Perangin angin,Wajib banget menunjungi candi ini kalo ke jogja. Candinya megah nan indah dikelilingi pohon besar sehinga sejuk dan nyaman walaupun berlama lama disini,"5,0
/5",22 Dec 2022
Tiket Masuk Candi Prambanan,Mohamad Arif Prasetyo,Order online sampe sana tinggal cetak aja ke loket. Cepet juga cetaknya 10 tiket.,"5,0
/5",21 Dec 2022
Tiket Masuk Candi Prambanan,Charlie Steven Austin Marpaung,"pengalaman pertama datang ke candi prambanan, seru dan menarik","5,0
/5",21 Dec 2022
Tiket Masuk Candi Prambanan,Efrianty Pasaribu,Tetap berkesan. Dan gak bosan2 kesana,"5,0
/5",20 Dec 2022
Tiket Masuk Candi Prambanan,DP,"Bagus dan ok sih, tapi klw siang pannassssnya panassss bangettttt","5,0
/5",20 Dec 2022
Tiket Masuk Candi Prambanan,Nu Fauzi,Amazing destination Wow,"5,0
/5",20 Dec 2022
Tiket Masuk Candi Prambanan,Jordan Agustino,Tempatnya bagus untuk berwisata Salah 1 icon jogja,"5,0
/5",19 Dec 2022
Tiket Masuk Candi Prambanan,Ilman Muttaqin,Seru dan bener2 mudah pemesanannya.,"5,0
/5",19 Dec 2022
Tiket Masuk Candi Prambanan,Dicky Junaidi,"Masih renovasi, jadi tidak bisa ke atas","5,0
/5",18 Dec 2022
Tiket Masuk Candi Prambanan,WW,terbaik untuk berlibur,"5,0
/5",16 Dec 2022
Tiket Masuk Candi Prambanan,SOFYAN YUSUF,Good banget untuk kesini ngk sia sia,"5,0
/5",14 Dec 2022
Tiket Masuk Candi Prambanan,FM,"Bagus 😆😆, semoga kedepannya bisa berkunjung lagi","5,0
/5",14 Dec 2022
Tiket Masuk Candi Prambanan,Rezki Ayu Lestari,Sebaiknya jangan ke prambanan hari senin karena ga bisa naik ke candinya,"5,0
/5",13 Dec 2022
Tiket Masuk Candi Prambanan,RS,hmmmmmmmmmmmmmmmmmmmm,"5,0
/5",13 Dec 2022
Tiket Masuk Candi Prambanan,Yasin Abdul Hakim Zaini,Tempat paling bersejarah. Mantap. Terimakasih tiket.com untuk diskon tiketnya,"5,0
/5",12 Dec 2022
Tiket Masuk Candi Prambanan,DN,"Sangat seru, destinasi wisata yang harus dikunjungi saat ke daerah Yogyakarta dan Klaten. Perlu bawa payung saat cuaca terik karna sangat panas","5,0
/5",12 Dec 2022
Tiket Masuk Candi Prambanan,Muhammad Fauzan,The temple was already impressive from far… much closer… it took my breath away,"5,0
/5",10 Dec 2022
Tiket Masuk Candi Prambanan,Delia Shouma Fitri,Luar biasa banget ke undangan nya,"5,0
/5",10 Dec 2022
Tiket Masuk Candi Prambanan,FP,"Bagus, tempatnya sangat luar biasa. Menjdi 7 keajaiban dunia","5,0
/5",9 Dec 2022
Tiket Masuk Candi Prambanan,Maemona Akhlisa,Menyenangkan dan serum!,"5,0
/5",7 Dec 2022
Tiket Masuk Candi Prambanan,Mochamad Rifqi Aldiansah,Cocok buat list liburan ke jogja,"5,0
/5",5 Dec 2022
Tiket Masuk Candi Prambanan,WM,Seru bisa jalan jalan di prambanan..,"5,0
/5",5 Dec 2022
Tiket Masuk Candi Prambanan,Kevin Hernando,"Good palace, indonesia is the best","5,0
/5",5 Dec 2022
Tiket Masuk Candi Prambanan,Agus Pardamean,Tempat masih sangat Bagus,"5,0
/5",5 Dec 2022
Tiket Masuk Candi Prambanan,Monica Angelina Wibisono,Kerennnnnn seneng banget bisa lihat sejarah indo,"5,0
/5",4 Dec 2022
Tiket Masuk Candi Prambanan,Nakesya Mayrani,"keren banget, ternyata sekarang tambah bagus","5,0
/5",4 Dec 2022
Tiket Masuk Candi Prambanan,NURUL AMALIAH NASUTION,"Kewrenn, bersih, mantap, bintang 5","5,0
/5",4 Dec 2022
Tiket Masuk Candi Prambanan,LE,Liburan yang asik dengan keluarga lebih mudah dengan tiket yang serba ada banyak fasilitas untuk pembelian apapun,"5,0
/5",3 Dec 2022
Tiket Masuk Candi Prambanan,IKHSAN IKHSAN,Kereeen mantap ga bikin kantong kering,"5,0
/5",2 Dec 2022
Tiket Masuk Candi Prambanan,DA,enak. dapet diskon. pembayaran juga banyak pilihan.,"5,0
/5",30 Nov 2022
Tiket Masuk Candi Prambanan,Randa Abdiansyah,"Thanks tiket.com, bisa ke prambanan ❤️","5,0
/5",30 Nov 2022
Tiket Masuk Candi Prambanan,M FARCHAN MUROD,Pembelian via Tikom cepat dan harga lebih murah. Mantab,"5,0
/5",26 Nov 2022
Tiket Masuk Candi Prambanan,Widy Harto,"Sangat bagus, dan sangat etnik","5,0
/5",24 Nov 2022
Tiket Masuk Candi Prambanan,Widy Harto,"Sangat bagus, dan sangat etnik","5,0
/5",24 Nov 2022
Tiket Masuk Candi Prambanan,OT,"Candi yang paling dekat dari kota Jogja, kalau kesini paling enak itu pagi hari karna kalah udah siang panasnya poll. Ada jajanan juga, kayak gelato jadi abis keliling candi bisa nikmatin eskrim. Sela...","5,0
/5",22 Nov 2022
Tiket Masuk Candi Prambanan,Ronald Eryanto,jadi cepat tidak perlu antri,"5,0
/5",21 Nov 2022
Tiket Masuk Candi Prambanan,Muhammad Rezki Arifin,"Keren, tempat wisata alternatif drpada borobudur yg kemahalan","5,0
/5",20 Nov 2022
Tiket Masuk Candi Prambanan,MR,"Easy to print, love itt","5,0
/5",20 Nov 2022
Tiket Masuk Candi Prambanan,MO,"Easy to print ticket, love it","5,0
/5",20 Nov 2022
Tiket Masuk Candi Prambanan,JJ,Bagus tempatnya untuk foto bersama keluarga,"5,0
/5",20 Nov 2022
Tiket Masuk Candi Prambanan,UP,Seru sekaliiii cocok untuk liburan bersama keluarga,"5,0
/5",20 Nov 2022
Tiket Masuk Candi Prambanan,RP,"Mantep bgt, tapi lagi d perbaiki sedikit","5,0
/5",19 Nov 2022
Tiket Masuk Candi Prambanan,riska novianti,Mantapppp lebih simple pakai ticket.com,"5,0
/5",18 Nov 2022
Tiket Masuk Candi Prambanan,Juna Joonavanee Junawan,"Easy access & contactless. No worry, less problem.","5,0
/5",17 Nov 2022
Tiket Masuk Candi Prambanan,YC,"rekomen yaa, dapat harga lebih murah 10rb dr office tiket. lumayan saving 😃","5,0
/5",17 Nov 2022
Tiket Masuk Candi Prambanan,Irma Gama Setyarini,Luas banget.jajanan murah.,"5,0
/5",15 Nov 2022
Tiket Masuk Candi Prambanan,Kristini Tawaerubun,Kebersihan dalam candi betul2 terawat,"5,0
/5",15 Nov 2022
Tiket Masuk Candi Prambanan,Yessi Ardelina Sinaga,KEREN dan menyenangkan untuk berlibur,"5,0
/5",15 Nov 2022
Tiket Masuk Candi Prambanan,ZR,Pesen tiket tanpa harus antri rame2. Topp👍👍,"5,0
/5",15 Nov 2022
Tiket Masuk Candi Prambanan,Asry Vernon,Ternyata beli di tiket dot com emang gampil dan murah loh,"5,0
/5",15 Nov 2022
Tiket Masuk Candi Prambanan,Hantrini Dolok Saribu,Cakep dan keluarga saya happy.,"5,0
/5",15 Nov 2022
Tiket Masuk Candi Prambanan,DH,Bagus Mudah klaim tiket,"5,0
/5",13 Nov 2022
Tiket Masuk Candi Prambanan,Rita Jap,"Proses cepat,praktis,bisa langsung beli langsung dipakai.jika tidak bisa membeli atau Redeem ada petugas yang membantu","5,0
/5",13 Nov 2022
Tiket Masuk Candi Prambanan,Nicko Aji Pangestu,keren banget tp sayang tidak bisa naik ke stupa,"5,0
/5",12 Nov 2022
Tiket Masuk Candi Prambanan,Tannita Deani,Wajib dikunjungi kalau ke jogja,"5,0
/5",11 Nov 2022
Tiket Masuk Candi Prambanan,silvia indriati,Bagus sekali pemandangannya,"5,0
/5",10 Nov 2022
Tiket Masuk Candi Prambanan,Uji mohamad aydil,Amazinggggg luar biasa liat sejarah indonesia,"5,0
/5",10 Nov 2022
Tiket Masuk Candi Prambanan,MT,"Mantapp,kerenn,bagus banget","5,0
/5",9 Nov 2022
Tiket Masuk Candi Prambanan,Monica Yani Anggrainie,Amazing building dan bisa belajar sejarah,"5,0
/5",9 Nov 2022
Tiket Masuk Candi Prambanan,MM,"It was a good trip. Very massive place, we rented electric bicycle for 30k/15min super fun","5,0
/5",8 Nov 2022
Tiket Masuk Candi Prambanan,FF,Tempatnya bagussssss.pelayanan ramah baik,"5,0
/5",8 Nov 2022
Tiket Masuk Candi Prambanan,MP,Enak datang pagi jam 7.00 masih sepi,"5,0
/5",7 Nov 2022
Tiket Masuk Candi Prambanan,Lika Megawanti,Enak nya dapet harga promo,"5,0
/5",7 Nov 2022
Tiket Masuk Candi Prambanan,Verasiska manurung,Sangat menarik dan bagus,"5,0
/5",6 Nov 2022
Tiket Masuk Candi Prambanan,HP,"Excelent. Keren banget, terawat bagus. Tapi disana tuh panasnya masyaallah. Jangan lupa sedia topi or payung.","5,0
/5",6 Nov 2022
Tiket Masuk Candi Prambanan,RD,Keren banget dehhh gk menyesal,"5,0
/5",6 Nov 2022
Tiket Masuk Candi Prambanan,Elisa Sunardi,Bagus....semua suka diajak ksini...tempat luas dan banyak kisah sejarahnya..,"5,0
/5",5 Nov 2022
Tiket Masuk Candi Prambanan,GS,Melimpir terima kasih,"5,0
/5",4 Nov 2022
Tiket Masuk Candi Prambanan,Dina Larasati,"Oke banget, memudahkan traveler","5,0
/5",4 Nov 2022
Tiket Masuk Candi Prambanan,Juniati Manalu,"bisa masuk ke zona pelataran nya banyak juga spot foto yg bagus, jadi lebih mendingan lama di sini harusnya daripada di Borobudur hahaha.. lain kali semoga ada waktu kemari lagi.. see u next time","5,0
/5",4 Nov 2022
Tiket Masuk Candi Prambanan,Rini Aprida Harahap,Good good goood gooodd gooddd,"5,0
/5",3 Nov 2022
Tiket Masuk Candi Prambanan,NF,"Mudah bangeet seruuu, gak perlu ribet ribet lagi buat antri","5,0
/5",3 Nov 2022
Tiket Masuk Candi Prambanan,Theo Philia Angelina Sitompul,sukaaa mamaku senengg,"5,0
/5",3 Nov 2022
Tiket Masuk Candi Prambanan,NW,Such a blast experience!!!,"5,0
/5",2 Nov 2022
Tiket Masuk Candi Prambanan,Galih Fajar Antasari,"Kegiatan yang menyenangkan bisa mengunjungi Candi Prambanan. Sangat menarik, dan pasti akan ke sana lagi.","5,0
/5",2 Nov 2022
Tiket Masuk Candi Prambanan,TP,"Bagus,tapi semenjak pandemi.kita tidak di ijinkan untuk masuk ke atas candi. Ini kunjungan ketiga saya semwnjak 2018 silam.","5,0
/5",2 Nov 2022
Tiket Masuk Candi Prambanan,Andrianto Andrianto,Oke... Bersih dan terawat...,"5,0
/5",31 Oct 2022
Tiket Masuk Candi Prambanan,AH,What a great vacation.,"5,0
/5",30 Oct 2022
Tiket Masuk Candi Prambanan,Dennis Dennis,Bagus tempatnya wort it,"5,0
/5",29 Oct 2022
Tiket Masuk Candi Prambanan,Agung Wahyudi,Sangat menyenangkan bisa liburan di di candi Prambanan,"5,0
/5",28 Oct 2022
Tiket Masuk Candi Prambanan,RL,🤩🤩oke bgt ga perlu ribet antri beli tiket lgsg,"5,0
/5",26 Oct 2022
Tiket Masuk Candi Prambanan,SS,Ada candi yang masih dalam tahap renovasi. Banyak tersedia penyewaan sepeda dan juga ada tempet penyedian kursi pijat.,"5,0
/5",25 Oct 2022
Tiket Masuk Candi Prambanan,Shofiyah Sh,Bagus pemandangan nya bagus,"5,0
/5",24 Oct 2022
Tiket Masuk Candi Prambanan,BS,wonderful prambanan mantapp banget,"5,0
/5",23 Oct 2022
Tiket Masuk Candi Prambanan,AA,Bagus kalo cerah😅😁🤭,"5,0
/5",22 Oct 2022
Tiket Masuk Candi Prambanan,ZA,Bagus tapi sayang paginya hujan,"5,0
/5",21 Oct 2022
Tiket Masuk Candi Prambanan,Johan Johan,Bagus banget.........,"5,0
/5",21 Oct 2022
Tiket Masuk Candi Prambanan,SP,bagus bagus bagus bagus,"5,0
/5",21 Oct 2022
Tiket Masuk Candi Prambanan,Femtar Asriani,Lebih practise ga antri dan dapat potongan harga lumayan,"5,0
/5",18 Oct 2022
Tiket Masuk Candi Prambanan,vindy nurdiana,"Mesin cetak tiketnya eror, tp unyung petugasnya gercep Mau sewa scuter gk ada org mala ngutamain yg sewa sepeda","5,0
/5",18 Oct 2022
Tiket Masuk Candi Prambanan,SM,"Praktis ,dapet diskon pula","5,0
/5",17 Oct 2022
Tiket Masuk Candi Prambanan,Firman Permana,Mengajukan luar biasa,"5,0
/5",17 Oct 2022
Tiket Masuk Candi Prambanan,AGG,"Bisa keliling melihat suasana di candi prambanan, so amazingg","5,0
/5",15 Oct 2022
Tiket Masuk Candi Prambanan,Nur Aini Endah Puji Lestari,Rameeeeeeeeeeeeeeeeeeee,"5,0
/5",15 Oct 2022
Tiket Masuk Candi Prambanan,Siska Agustina,Dapat promo kalo beli onljne,"5,0
/5",14 Oct 2022
Tiket Masuk Candi Prambanan,Putri Agriani Dumbela,Sangat mudah gunain nyaa. BTW PROMO NYA MANAHHH? 😭😭😭,"5,0
/5",13 Oct 2022
Tiket Masuk Candi Prambanan,anggi anggraeni,good beautiful fiew in tample,"5,0
/5",11 Oct 2022
Tiket Masuk Candi Prambanan,David Josep,"Saya bersamakeliling menggunakan golf car,karena selain luas,kita juga keluarga datang ke candi Prambanan sangat puas,kami bisa menikmati keindahan candi dan budaya indonesia.kalau pergi ke candi Pram...","5,0
/5",9 Oct 2022
Tiket Masuk Candi Prambanan,NS,Cepat dan mudah uhuyyyyyavajab,"5,0
/5",9 Oct 2022
Tiket Masuk Candi Prambanan,Achmad Ghozali,Top harga lebih murah dsini.....,"5,0
/5",7 Oct 2022
Tiket Masuk Candi Prambanan,Dika Perdana Sinaga,Bagus sekali candi nya,"5,0
/5",7 Oct 2022
Tiket Masuk Candi Prambanan,PS,"murah sekali , recommended","5,0
/5",5 Oct 2022
Tiket Masuk Candi Prambanan,IA,Semuanya oke.paling sih Keluar dati situs prambanan ke parkiran motor terlalu jauh.,"5,0
/5",4 Oct 2022
Tiket Masuk Candi Prambanan,RA,thx tiket.com karena sudah memudahkan .,"5,0
/5",4 Oct 2022
Tiket Masuk Candi Prambanan,BP,Terbaik. Walau pun sebentar,"5,0
/5",3 Oct 2022
Tiket Masuk Candi Prambanan,Anggid Sinung Widagdo,"bagus, penataan rapi. udah ok semuanya","5,0
/5",2 Oct 2022
Tiket Masuk Candi Prambanan,anggraeni arum,Bagus indah kereeenn bgtttt,"5,0
/5",29 Sep 2022
Tiket Masuk Candi Prambanan,Rachele Pettarelli,"An amazing place to visit in Yogyakarta, about 45 minutes by bus from the main street of Malioboro. well maintained temple complex. the price is not cheap but it is worth the visit. we recommend a gui...","5,0
/5",28 Sep 2022
Tiket Masuk Candi Prambanan,JV,Lebih mudah tinggal print tiket ajaa!!,"5,0
/5",28 Sep 2022
Tiket Masuk Candi Prambanan,Abdul Azis,"Keren, banlgis dan mantap","5,0
/5",25 Sep 2022
Tiket Masuk Candi Prambanan,YOHANES THEOSOPHUS,"A stunning and an eye opener relic, must see when visit to Yogyakarta.","5,0
/5",25 Sep 2022
Tiket Masuk Candi Prambanan,Mhd Ridwan Pardosi,"Tempat yang bagus, good","5,0
/5",25 Sep 2022
Tiket Masuk Candi Prambanan,Alfi Arrozaq Husni,Bagus cuman candi sewunya belum bisa di masukin,"5,0
/5",24 Sep 2022
Tiket Masuk Candi Prambanan,Siti Maryam Iqlima,"Gadak rubah, dari dulu masih luar biasa :)","5,0
/5",23 Sep 2022
Tiket Masuk Candi Prambanan,Liem Me,Tempatnya mengasikkan,"5,0
/5",21 Sep 2022
Tiket Masuk Candi Prambanan,MA,It was a cool place. You'll love it guys,"5,0
/5",20 Sep 2022
Tiket Masuk Candi Prambanan,Faisal Maulana,East to use. No need waiting for line,"5,0
/5",20 Sep 2022
Tiket Masuk Candi Prambanan,MM,Very nice and good view,"5,0
/5",20 Sep 2022
Tiket Masuk Candi Prambanan,siti maryana ulfah,Tinggal scan barcode dan cetak tiketnya di mesin khusus. Keren!,"5,0
/5",20 Sep 2022
Tiket Masuk Candi Prambanan,Amirah Dzakiyah,Cocok untuk jalan jalan santai,"5,0
/5",19 Sep 2022
Tiket Masuk Candi Prambanan,MA,"Well done, everything looks good","5,0
/5",18 Sep 2022
Tiket Masuk Candi Prambanan,NA,"Sangat menyenangkan, tempatnya bersih","5,0
/5",18 Sep 2022
Tiket Masuk Candi Prambanan,NA,Sangat menyenangkan bisa kembali berwisata ke prambanan,"5,0
/5",18 Sep 2022
Tiket Masuk Candi Prambanan,Frizal Fahmi,Tempat rekreasi bersama keluarga,"5,0
/5",18 Sep 2022
Tiket Masuk Candi Prambanan,Hanifah Rananisa,Mantap promonya bis nemenin ibu ke candi,"5,0
/5",17 Sep 2022
Tiket Masuk Candi Prambanan,Azrul Eka Pramudya,"Tempatnya indah, pengalaman berkunjung yg luar biasa","5,0
/5",17 Sep 2022
Tiket Masuk Candi Prambanan,KR,"mantap, luarr biasa!!!","5,0
/5",16 Sep 2022
Tiket Masuk Candi Prambanan,MI,so wonderful place to visit again,"5,0
/5",14 Sep 2022
Tiket Masuk Candi Prambanan,sri sri,Siip bgtttttttttttttttt,"5,0
/5",12 Sep 2022
Tiket Masuk Candi Prambanan,Mustofa Nasrulloh,Cepat dan Mudah dapat diskon lagi,"5,0
/5",12 Sep 2022
Tiket Masuk Candi Prambanan,Ratno Dwi Sutomo,Selalu simple klo mau ke prambanan beli tiketnya di aplikasi tiket dot kom. Tinggal scan dan masuk,"5,0
/5",10 Sep 2022
Tiket Masuk Candi Prambanan,TT,Bagus murah tiketnya mending dateng pagi masih sepi nyaman,"5,0
/5",9 Sep 2022
Tiket Masuk Candi Prambanan,Steven Houtekamer,"Must visit, better than borobudur since you can actually go up there.","5,0
/5",8 Sep 2022
Tiket Masuk Candi Prambanan,A Guruh Maulidi Yanur,"Baguss bngettt , nanti mian lgi ke sini","5,0
/5",7 Sep 2022
Tiket Masuk Candi Prambanan,Dea Chandra,"Bagusss sekaliiiiiii, seneng bisa ajak anak saya buat wisata seperti ini. Jadi dia tau apa itu candi prambanan","5,0
/5",5 Sep 2022
Tiket Masuk Candi Prambanan,Handy Susanto,Gampang cepat ga pakai antri,"5,0
/5",3 Sep 2022
Tiket Masuk Candi Prambanan,Nur Aini,September cerita best moment,"5,0
/5",3 Sep 2022
Tiket Masuk Candi Prambanan,Happy Kurniasari,Bagus efisien tanpa anti,"5,0
/5",3 Sep 2022
Tiket Masuk Candi Prambanan,Nur ramadhani,Lebih cepat proses masuknya dan lebih murah sedikit daja,"5,0
/5",2 Sep 2022
Tiket Masuk Candi Prambanan,Husnil Masum,"Harus selalu di jaga yaa, nurut aja aturan yg ada","5,0
/5",31 Aug 2022
Tiket Masuk Candi Prambanan,Khairatun Nisa,Amazing prambanan as always,"5,0
/5",31 Aug 2022
Tiket Masuk Candi Prambanan,Efan Nugraha,Ok bagus mantap bagus,"5,0
/5",30 Aug 2022
Tiket Masuk Candi Prambanan,Joko Sumaryanto,"PRAMBANAN Bagus banget sekarang. Rapi, tertata, cantik. Layanan Petugasnya Ramah2. Responsif. Sangat Informatif. Pertahankan TWC Prambanan the Best.","5,0
/5",30 Aug 2022
Tiket Masuk Candi Prambanan,Darren Ariezona Altobely,murah pake promo mantapp,"5,0
/5",30 Aug 2022
Tiket Masuk Candi Prambanan,BP,Bikiiinn betah bangeetttttt,"5,0
/5",30 Aug 2022
Tiket Masuk Candi Prambanan,FC,Terpesona Nusantara Indonesia,"5,0
/5",29 Aug 2022
Tiket Masuk Candi Prambanan,Faisal Busyro,Worth it memuaskan lah,"5,0
/5",28 Aug 2022
Tiket Masuk Candi Prambanan,Fitriannisa S,Lebih murah dan puas sekali,"5,0
/5",28 Aug 2022
Tiket Masuk Candi Prambanan,JP,"Proses cepat, tiket aman","5,0
/5",28 Aug 2022
Tiket Masuk Candi Prambanan,DJ,Seneng akhirnya bisa kesini juga,"5,0
/5",26 Aug 2022
Tiket Masuk Candi Prambanan,ELSA NURISA,pas datang cuaca bagus banget cocok buat mengabadikan moment,"5,0
/5",22 Aug 2022
Tiket Masuk Candi Prambanan,muhammad faizal dzulqarnain,"Keren dan fantastis, cuma tiketnya agak susah dicetak sendiri tidak sesimpel yg tertera pada petunjuk cetak tiket, harus dibantu petugas disana hehe but worth it krn lebih murah beli disini drpd OTS","5,0
/5",22 Aug 2022
Tiket Masuk Candi Prambanan,SP,"mantap sekali, tiba langsung scan dan masuk","5,0
/5",22 Aug 2022
Tiket Masuk Candi Prambanan,QW,"Ada dapat diskon juga karena sedang promo 17an, begitu sampai di loket langsung dibantu redeem tiket untuk masuk, mudah dan cepat. Terima kasih","5,0
/5",21 Aug 2022
Tiket Masuk Candi Prambanan,ARTHASYA CHRISTIN ULI BASA MARPAUNG,Okeeeeeeeeeeeeeeeeeeeeeeeeeeeyyyyyyyyy,"5,0
/5",21 Aug 2022
Tiket Masuk Candi Prambanan,Ratna Purnamasari,Okkkkkkkkkk bangett pokoke,"5,0
/5",19 Aug 2022
Tiket Masuk Candi Prambanan,Septian Maulana Pangestu,"View nya asik banget, kaya akan sejarah dan budaya","5,0
/5",18 Aug 2022
Tiket Masuk Candi Prambanan,RW,Easy to claim.. Tinggal scan OTA barcode trus print ticket barcode.. Taraaa,"5,0
/5",17 Aug 2022
Tiket Masuk Candi Prambanan,Lara Ola Putri Simarmata,"prosesnya cepat, thanks tiketcom","5,0
/5",16 Aug 2022
Tiket Masuk Candi Prambanan,Oke Amar Saputro,mantab cepat murah joss,"5,0
/5",16 Aug 2022
Tiket Masuk Candi Prambanan,Ria Okta Rosiana,"bagus jadi mudah bwt masuk gak perlu antrii, cuma lebih di banyakin tempat buat neduh","5,0
/5",16 Aug 2022
Tiket Masuk Candi Prambanan,RP,Ok bangettttttttttttttttt,"5,0
/5",16 Aug 2022
Tiket Masuk Candi Prambanan,I nyoman Gunawan,Klo sudah di jogja wajib kesini,"5,0
/5",14 Aug 2022
Tiket Masuk Candi Prambanan,SE,"Cepet. Tinggal order via tiket.com Trus ambil sebelum pintu masuk. Kemaren itu, weekend, ada petugasnya.","5,0
/5",13 Aug 2022
Tiket Masuk Candi Prambanan,KY,seruuu bangeeett!!!🥰🥰🥰🥰🥰,"5,0
/5",13 Aug 2022
Tiket Masuk Candi Prambanan,Farhan Maulana,"Tempatnya bagus, banyak sejarah yg bisa dipelajari dan banyak candinya juga serta pelayanan nya ramah","5,0
/5",12 Aug 2022
Tiket Masuk Candi Prambanan,Jasmin Raisa Putri,lebih murah tiketnya.,"5,0
/5",12 Aug 2022
Tiket Masuk Candi Prambanan,AS,"kerennnnnnn, dan bagus bgt 🥺🥺✨","5,0
/5",11 Aug 2022
Tiket Masuk Candi Prambanan,RW,The most place to visit in Jogja!,"5,0
/5",9 Aug 2022
Tiket Masuk Candi Prambanan,Sandra Yuningsih,Seneng bgt bisa kesini lgi tempat nya jg makin bagus sukses trs buat prambanan,"5,0
/5",9 Aug 2022
Tiket Masuk Candi Prambanan,TR,Okee laah kebayar sams semua view disana. Palayanan juga ramah thanks yaa,"5,0
/5",9 Aug 2022
Tiket Masuk Candi Prambanan,MA,Tiket langsung dapat ditukar di loket,"5,0
/5",8 Aug 2022
Tiket Masuk Candi Prambanan,Jonih Jonih,I always looking for something new,"5,0
/5",8 Aug 2022
Tiket Masuk Candi Prambanan,Yuni Sukamti,Keren… sekaligus menjadikan edukasi,"5,0
/5",7 Aug 2022
Tiket Masuk Candi Prambanan,HL,Good views thanks tiket.com beli tiket jauh lebih mudah,"5,0
/5",5 Aug 2022
Tiket Masuk Candi Prambanan,Efron Hermansyah BATUBARA,Ngangenin dengan kkta ini,"5,0
/5",5 Aug 2022
Tiket Masuk Candi Prambanan,Peny Peny,Peninggalan sejarah yang luar biasa!,"5,0
/5",5 Aug 2022
Tiket Masuk Candi Prambanan,yohana maria,Seru tpbnyk renovasi tmptok,"5,0
/5",3 Aug 2022
Tiket Masuk Candi Prambanan,Lintang Nanda Ayuningtyas,Keren banget🫶🏻🫶🏻🫶🏻🫶🏻🫶🏻,"5,0
/5",3 Aug 2022
Tiket Masuk Candi Prambanan,sri rahayu,"tempatnya luas, cocok bbareng sama keluarga","5,0
/5",2 Aug 2022
Tiket Masuk Candi Prambanan,sri rahayu,bagus dan cocok buat berasama keluarga,"5,0
/5",2 Aug 2022
Tiket Masuk Candi Prambanan,Tiara Octaviani S,Baguss tanpa antri dan lebih muraaahh,"5,0
/5",31 Jul 2022
Tiket Masuk Candi Prambanan,Aldi Pratama Putra,"Mantap, dan gak begitu antri juga si sebenernya","5,0
/5",29 Jul 2022
Tiket Masuk Candi Prambanan,Maryanti Yanti,Suka ga pernah bosen slalu ingin datang kembali ke Yogja ❤️,"5,0
/5",29 Jul 2022
Tiket Masuk Candi Prambanan,NH,"Pemesanan tiket tanpa antri, mudah, dan menyenangkan","5,0
/5",28 Jul 2022
Tiket Masuk Candi Prambanan,Setia Wijaya,"keren banget, bisa jalan-jalan ke candi yang lainnya","5,0
/5",28 Jul 2022
Tiket Masuk Candi Prambanan,Safira Eva Dini,Sempat gabisa cetak tiket karna mesin cetak error tapi boleh masuk kok tinggal tunjukin e ticket nya aja,"5,0
/5",28 Jul 2022
Tiket Masuk Candi Prambanan,Susi Ariska,Harganya lebih murah drpada beli langsung rekomend bgt pokonya,"5,0
/5",27 Jul 2022
Tiket Masuk Candi Prambanan,WH,Keren banget parahhhhhhhhhh,"5,0
/5",26 Jul 2022
Tiket Masuk Candi Prambanan,Zulfiqar Wafiq,kerennnnnn bangetftt,"5,0
/5",22 Jul 2022
Tiket Masuk Candi Prambanan,DS,lebih murah 2rb dibanding beli di tempat,"5,0
/5",21 Jul 2022
Tiket Masuk Candi Prambanan,SP,Pengalaman yang menyenangkan,"5,0
/5",21 Jul 2022
Tiket Masuk Candi Prambanan,nisa fauziah,Harga nya lebih murah daripada beli di tempatnya langsung,"5,0
/5",20 Jul 2022
Tiket Masuk Candi Prambanan,Laura Viosita,"pemandangannya eksotis banget, tapi sayang belum bisa masuk ke dalam candi","5,0
/5",19 Jul 2022
Tiket Masuk Candi Prambanan,Slamet Harto,Sungguh di buat takjub liat peninggalan nenek moyang yang maha karya,"5,0
/5",18 Jul 2022
Tiket Masuk Candi Prambanan,MR,Langsung cetak tiket masuk tanpa antriii,"5,0
/5",18 Jul 2022
Tiket Masuk Candi Prambanan,Gusti Erwin Fitriadi,"tiket murah terjangkau , untuk pembayaran banyak pilihan , mantabbs lah pokoknya","5,0
/5",17 Jul 2022
Tiket Masuk Candi Prambanan,LP,harga tiket murah dan berkualitas,"5,0
/5",16 Jul 2022
Tiket Masuk Candi Prambanan,LP,harga tiket murah dan banyak potongannya,"5,0
/5",16 Jul 2022
Tiket Masuk Candi Prambanan,Putri Meisa,luarrbiasa!! menakjubkan banget ♥️♥️♥️,"5,0
/5",16 Jul 2022
Tiket Masuk Candi Prambanan,PD,"Beli tiket masuk Candi Prambanan lewat tiket.com super mudah, tinggal order herapa tiket yg diinginkan, kemudian tinggal tukar dan print di outlet yg sudah disediakan.","5,0
/5",16 Jul 2022
Tiket Masuk Candi Prambanan,SY,Seru! Terimakasih tiket.com.,"5,0
/5",16 Jul 2022
Tiket Masuk Candi Prambanan,INA HAYATI,"Mantappp, gapake antri antrii👍👍👍","5,0
/5",15 Jul 2022
Tiket Masuk Candi Prambanan,Jimmy Budiman,Keren banget tempatnya ☺️,"5,0
/5",14 Jul 2022
Tiket Masuk Candi Prambanan,Inthan Ismila Zen,lebih simple dan cepat ..,"5,0
/5",14 Jul 2022
Tiket Masuk Candi Prambanan,RR,Menurut saya sih ini lebih OK daripada Borobudur. Jalan ke candinya juga tidak terlalu jauh.,"5,0
/5",13 Jul 2022
Tiket Masuk Candi Prambanan,Chitra Wahyu Indriani,"Sangat menakjubkan dan mengedukasi, lokasi wisata yg patut dikunjungi untuk dewasa dan anak2","5,0
/5",13 Jul 2022
Tiket Masuk Candi Prambanan,LT,"parkiran rapi, banyak petunjuk baik dari media cetak, banner dan petugas ramah","5,0
/5",13 Jul 2022
Tiket Masuk Candi Prambanan,LT,"tempat yang bagus. Saya menyediakan sewa Bus, bisa cek di shopee wbadeco. Terima kasih","5,0
/5",13 Jul 2022
Tiket Masuk Candi Prambanan,SF,"Bagus banget , anak2 g boring kesana karena banyak permainan dan aktivitas disana","5,0
/5",13 Jul 2022
Tiket Masuk Candi Prambanan,SE,mantab mantab mantab,"5,0
/5",13 Jul 2022
Tiket Masuk Candi Prambanan,Yohan Limans,bagus keren mantab 👍🏻,"5,0
/5",13 Jul 2022
Tiket Masuk Candi Prambanan,DA,Pelayanannya baik sekali.,"5,0
/5",12 Jul 2022
Tiket Masuk Candi Prambanan,GT,"Love banget ke prambanan belintiket di sini , gk perlu ribet antri","5,0
/5",12 Jul 2022
Tiket Masuk Candi Prambanan,SC,Mantaap sekaliiiiiiiiiiiiiiiiiiiiiiiiiii,"5,0
/5",11 Jul 2022
Tiket Masuk Candi Prambanan,AAN NURHADI PONIDI,Mayan bgt dpt potongan harga,"5,0
/5",11 Jul 2022
Tiket Masuk Candi Prambanan,shierly shierly,lebih murah sedikit.. tinggal print di booth tiket. com.. coba naik golf cara keliling deh ada guide nya dan lumayan seru liat candi lain selain prambanan yg gak akan kejangkau pake kaki.. contoh cand...,"5,0
/5",11 Jul 2022
Tiket Masuk Candi Prambanan,R Popi Sopiawati B,Hasil budaya dan sejarah Indonesia yang perlu dilestarikan,"5,0
/5",11 Jul 2022
Tiket Masuk Candi Prambanan,IR,Pokoknya mantappp dehhhh~,"5,0
/5",11 Jul 2022
Tiket Masuk Candi Prambanan,ES,"Kaget lihat antrian panjang orang yg mau beli tiket, di depan halaman masuk ke candi Prambanan. Untung ada tiket.com beli tiketnya online aja langsung, ga pakai antrian pembyran langsung terkonfirmasi...","5,0
/5",11 Jul 2022
Tiket Masuk Candi Prambanan,Lurzy Angga Widya Tanti,"tempatnya rapi, banyak kendaraan yg bisa di sewa di dalam untuk keliling. Bagi yg memerlukan angkutan Bus untuk keliling Jogja bisa hubungi kami.","5,0
/5",11 Jul 2022
Tiket Masuk Candi Prambanan,Fadila Pratika HS Alimuddin,"Beli tiket sejam sebelum ke lokasi, langsung redeem dengan sangat mudah, tidak perlu antri dan dapat diskon pula dari tiket.com.","5,0
/5",10 Jul 2022
Tiket Masuk Candi Prambanan,AK,"Beli tanpa harus antri panjang, dtg lsg cetak tiket dimesin khusus bebas ribet..","5,0
/5",9 Jul 2022
Tiket Masuk Candi Prambanan,Radika Chofiddah,sangat senangg tapi disana lagi panas jadi harus sedia payung atau topi gaiss,"5,0
/5",8 Jul 2022
Tiket Masuk Candi Prambanan,Devi Juniati Tarigan,"keren , peninggalan bersejarah yg harus terus dilestarikan. kawasan dirawat dengan baik.. beli tiket masuk lewat tiket. com tdk perlu antri lagi, tinggal cetak tiket langsung masuk. thanks tiket. com ...","5,0
/5",8 Jul 2022
Tiket Masuk Candi Prambanan,imron rosadi,"cepat mantap, tiket. com","5,0
/5",7 Jul 2022
Tiket Masuk Candi Prambanan,Budi Hartono,amazing❤️ 1st i'm coming here,"5,0
/5",7 Jul 2022
Tiket Masuk Candi Prambanan,LL,"bagusss, bersihhh, dapet harga murah di tiket.com","5,0
/5",6 Jul 2022
Tiket Masuk Candi Prambanan,AA,sangat seru dan view yang apik,"5,0
/5",6 Jul 2022
Tiket Masuk Candi Prambanan,Andri Anto,mantap cepat nga perlu antri,"5,0
/5",5 Jul 2022
Tiket Masuk Candi Prambanan,LT,"bagus, tertata, tim Prambanan bekerja dengan baik","5,0
/5",4 Jul 2022
Tiket Masuk Candi Prambanan,SP,bagus,"5,0
/5",4 Jul 2022
Tiket Masuk Candi Prambanan,TS,"Bagus beli tiket lewat sini, akses nya cepat ga perlu ngantri panjang harga nya juga lebih murah di banding beli lgsung di tempat, sampai di prambanan bisa lgsung cetak tiket nya , gampang banget poko...","5,0
/5",4 Jul 2022
Tiket Masuk Candi Prambanan,David Haryanto,Cepat banget dan ngga perlu ngantri,"5,0
/5",4 Jul 2022
Tiket Masuk Candi Prambanan,RP,seru panas2an di keramaian smabil belajar sejarah,"5,0
/5",4 Jul 2022
Tiket Masuk Candi Prambanan,SH,"rame bangettt jdinya sangat mempermudah kalo beli online duluan,, jdinya gaperlu antre yang panjangggggg buanget. bisa dapat spot foto kalo pinter nyari dan letakin angle! good luck!!","5,0
/5",3 Jul 2022
Tiket Masuk Candi Prambanan,RU,"Prambanan keren, bersih, nyaman dan aman","5,0
/5",3 Jul 2022
Tiket Masuk Candi Prambanan,IA,"mantap. guidenya supermantap. E ticket nya membantu sekali, sangat praktis","5,0
/5",2 Jul 2022
Tiket Masuk Candi Prambanan,Mifthah Aulia rahmi,Mantaaap insyaallah next time kesini lagi❤️❤️❤️❤️,"5,0
/5",2 Jul 2022
Tiket Masuk Candi Prambanan,Reveline Thaddea Aurananda Wibowo,keren banget banget banget,"5,0
/5",2 Jul 2022
Tiket Masuk Candi Prambanan,II,keren tempat nya rame dan hits,"5,0
/5",2 Jul 2022
Tiket Masuk Candi Prambanan,SN,bagussssssssssssssess,"5,0
/5",1 Jul 2022
Tiket Masuk Candi Prambanan,AP,Msh banyak perbaikan tp oke untuk keliling di area pelataran,"5,0
/5",1 Jul 2022
Tiket Masuk Candi Prambanan,FS,kereeeeeennnn pakek bangeettt,"5,0
/5",1 Jul 2022
Tiket Masuk Candi Prambanan,AH,mengurangi antrian dalam pembelian tiket offline,"5,0
/5",1 Jul 2022
Tiket Masuk Candi Prambanan,Aan Sugianto,"Cara mudah tanpa antri, dapat diskon lagi... mantap @tiket.com !","5,0
/5",30 Jun 2022
Tiket Masuk Candi Prambanan,Rizky Setiawan Ramadhan,Sangat rekomendasi banget yang jalan jalan keyogyakarta,"5,0
/5",30 Jun 2022
Tiket Masuk Candi Prambanan,Agustina Irene Usmany,Great experience with friends & family,"5,0
/5",30 Jun 2022
Tiket Masuk Candi Prambanan,MY,great experienced......,"5,0
/5",30 Jun 2022
Tiket Masuk Candi Prambanan,DS,"Luar biasa, alur khusus utk online","5,0
/5",30 Jun 2022
Tiket Masuk Candi Prambanan,RS,"Cepet, ga perlu antri lama","5,0
/5",30 Jun 2022
Tiket Masuk Candi Prambanan,IS,"Harga lebih murah sedikit dan tidak perlu antre, langsung joss masuk tinggal showing barcode print tiket DONE. Amazing 🙏","5,0
/5",29 Jun 2022
Tiket Masuk Candi Prambanan,FF,easy to redeem the tickets.. the place was really amazing.,"5,0
/5",29 Jun 2022
Tiket Masuk Candi Prambanan,Nurul Lailatil Fariha,Alhamdulillah ga pake antri tinggal cetak tiket aja. Terimakasih tiket.com sudah memudahkan waktu liburanku 😁,"5,0
/5",28 Jun 2022
Tiket Masuk Candi Prambanan,MS,"Seru dan berkesan, walau panas tapi senang bisa liat candi secara langsung","5,0
/5",28 Jun 2022
Tiket Masuk Candi Prambanan,AN,good bgttttt yeeereyyy,"5,0
/5",27 Jun 2022
Tiket Masuk Candi Prambanan,PD,"Kawasan bersih, banyak tempat duduk yang disediakan, namun sayang ruang audiovisual sudah tidak disediakan","5,0
/5",27 Jun 2022
Tiket Masuk Candi Prambanan,MS,seruuuuu.walau rameee krn lg musim liburan,"5,0
/5",26 Jun 2022
Tiket Masuk Candi Prambanan,VH,"Menyenangkan, lebih baik datang pagi atau sore hari biar tidak kepanasan","5,0
/5",26 Jun 2022
Tiket Masuk Candi Prambanan,PP,"Seru, Fasilitas Lengkap dan Sangat Bersih","5,0
/5",26 Jun 2022
Tiket Masuk Candi Prambanan,Yadi wiadi,solusi cantik buat kaum yg males antri saat org antri beli tiket manual kita melaju dg cepat,"5,0
/5",25 Jun 2022
Tiket Masuk Candi Prambanan,WA,lebih mudah dan cepat tidak perlu antri,"5,0
/5",25 Jun 2022
Tiket Masuk Candi Prambanan,Mey Zhyn,membantu memudahkan untuk berwista thankss,"5,0
/5",25 Jun 2022
Tiket Masuk Candi Prambanan,Tri Yunita Ekawati,keren luar biasa seru,"5,0
/5",25 Jun 2022
Tiket Masuk Candi Prambanan,Ashari Nur,"sangat cepat dan simpel untuk masuk ke prambanan, no antri gaes","5,0
/5",23 Jun 2022
Tiket Masuk Candi Prambanan,MA,"Proses pembelian tiket berjalan sangat lancar dan cepat. Ketika di area wisata, nanti kita akan scan barcode di antrean yang terpisah dengan antrean tiket biasa, dan antreannya sangat sepi (padahal ku...","5,0
/5",23 Jun 2022
Tiket Masuk Candi Prambanan,ML,Easy to redeem at the venue. No need to take a queue. Just scan the barcode at the ticketing machine and the tickets will be printed easily. Thanks tiket.com for making it easier👍,"5,0
/5",22 Jun 2022
Tiket Masuk Candi Prambanan,MM,"ga perlu repot, ringkas, murah, plus discount lagi","5,0
/5",21 Jun 2022
Tiket Masuk Candi Prambanan,Fairuz Andalusia,Gak pake antri beli tiket masuk candi prambanan di tiket.com,"5,0
/5",21 Jun 2022
Tiket Masuk Candi Prambanan,Veronica Shilviana,"sangat memudahkan,,tanpa harus ribet antri buat beli tiket","5,0
/5",21 Jun 2022
Tiket Masuk Candi Prambanan,Nur Aini,Indah sekaliiii dan akhirnya bisa bawa keluarga kesini,"5,0
/5",20 Jun 2022
Tiket Masuk Candi Prambanan,AB,"Kesana pas hari Minggu, rame bener 😂","5,0
/5",20 Jun 2022
Tiket Masuk Candi Prambanan,AI,"Praktis, gak ribet, ga antri!","5,0
/5",20 Jun 2022
Tiket Masuk Candi Prambanan,RD,bagus bgt pemandunya juga oke jelasinnya lokasinya luas,"5,0
/5",20 Jun 2022
Tiket Masuk Candi Prambanan,Chandra Wulandari,"Kami ber 8 langsung ke tempat utk mencetak tiket dengan cara d scan, tidak perlu mengantri kembali lsg masuk sj.. dapat diskon juga, thanks tiket.com","5,0
/5",19 Jun 2022
Tiket Masuk Candi Prambanan,BP,"Mudah dan gampang, tidak perlu antrian lagi untuk mendapatkan tiketnya. Selain itu di tiket.com harganya lebih murah dengan berbagai promonya.","5,0
/5",16 Jun 2022
Tiket Masuk Candi Prambanan,MA,keren banget pokonya.,"5,0
/5",15 Jun 2022
Tiket Masuk Candi Prambanan,RR,"Bagus, tdk begitu ramai","5,0
/5",15 Jun 2022
Tiket Masuk Candi Prambanan,AR,lumayan untuk destinasi wisata,"5,0
/5",15 Jun 2022
Tiket Masuk Candi Prambanan,YA,"baik banget abang pemandu wisatanya, jadi pas scan barqot tiket aku ga baca lagi akhirnya sama barqot bukannya ke prambanan malah yg borobudur, tapi abangnya baik banget bantu kami ke pihak sananya (b...","5,0
/5",15 Jun 2022
Tiket Masuk Candi Prambanan,Sunandar Sunandar,luarrrrrr biasaaaaaa,"5,0
/5",14 Jun 2022
Tiket Masuk Candi Prambanan,Indra Hendrawan,okey selesih seribu doang,"5,0
/5",12 Jun 2022
Tiket Masuk Candi Prambanan,Mellyani Aprilia,bagus mudah dan menyenangkan,"5,0
/5",12 Jun 2022
Tiket Masuk Candi Prambanan,Bibit Indra Subakti,Mantab bagus sekali sayang gabisa keliling sepenuhnya karena masih di perbaiki,"5,0
/5",8 Jun 2022
Tiket Masuk Candi Prambanan,Ervina Mira Mayesticca,Sangat menyenangkaan.. dapet harga promo jg dr tiket.com,"5,0
/5",8 Jun 2022
Tiket Masuk Candi Prambanan,Abdullah Abdullah,mantab sekali pelayanan ok,"5,0
/5",7 Jun 2022
Tiket Masuk Candi Prambanan,RX,kerenn dan sangatlah mantap,"5,0
/5",7 Jun 2022
Tiket Masuk Candi Prambanan,Ratno Dwi Sutomo,praktis tanpa antri. udah 2x ke prambanan dan selalu beli duluan di tiket.com,"5,0
/5",7 Jun 2022
Tiket Masuk Candi Prambanan,annisaputi alifa,liburan asik sekali dan senang,"5,0
/5",6 Jun 2022
Tiket Masuk Candi Prambanan,VV,seruuu gk ribet tinggal print,"5,0
/5",6 Jun 2022
Tiket Masuk Candi Prambanan,Prasaja Wikanta,"Kalau tidak ada petugas yang bantuin, cukup membingungkan juga bagaimana cara menggunakan tiket dari tiket.com. Kalau bisa, di aplikasi tiket.com diberikan instruksi/video/panduan untuk redeem tiket d...","5,0
/5",4 Jun 2022
Tiket Masuk Candi Prambanan,Herlenti Soraya Putri,"Super ! langsung print out tiket di mesin khusus, tanpa antri","5,0
/5",3 Jun 2022
Tiket Masuk Candi Prambanan,TK,"tukar tiket cepat, tanpa antri","5,0
/5",2 Jun 2022
Tiket Masuk Candi Prambanan,DA,good tdk perlu mengantri,"5,0
/5",1 Jun 2022
Tiket Masuk Candi Prambanan,Aprilia Aprilia,"Beli tiket masuk lewat tiket.com, solusi biar nggak antri lamaaaa 💖","5,0
/5",1 Jun 2022
Tiket Masuk Candi Prambanan,FC,Gvhhnnnnnnbbnhhhbbjnn,"5,0
/5",31 May 2022
Tiket Masuk Candi Prambanan,Yoga Purnama,"cepat, tdk perlu antri, harga jd lebih murah daripada beli langsung","5,0
/5",31 May 2022
Tiket Masuk Candi Prambanan,DA,tempat bagus oke semua,"5,0
/5",31 May 2022
Tiket Masuk Candi Prambanan,Jihan Julia Putri Lestari,Sendiri si mantap wkwk,"5,0
/5",30 May 2022
Tiket Masuk Candi Prambanan,RP,"lebih mudah beli tiket online, datang langsung cetak barcodenya.","5,0
/5",30 May 2022
Tiket Masuk Candi Prambanan,siti anisa fauziah,bagus bersih area nya,"5,0
/5",30 May 2022
Tiket Masuk Candi Prambanan,Frizal Fahmi,Tempat yg wajib di kunjungi,"5,0
/5",30 May 2022
Tiket Masuk Candi Prambanan,CA,pokonya top ...banget deh untuk tiket dan suasana nya,"5,0
/5",28 May 2022
Tiket Masuk Candi Prambanan,IS,"keren, beli di tiket cepat gaperlu antri","5,0
/5",28 May 2022
Tiket Masuk Candi Prambanan,KR,Mantappss ya gais yaa,"5,0
/5",27 May 2022
Tiket Masuk Candi Prambanan,SP,keren kerrn banget ucuvisvisvisbisbi,"5,0
/5",27 May 2022
Tiket Masuk Candi Prambanan,Dinda Adisty Trinita,cepat tidak perlu antri,"5,0
/5",27 May 2022
Tiket Masuk Candi Prambanan,OP,---------------------,"5,0
/5",26 May 2022
Tiket Masuk Candi Prambanan,Mia Maulina Ashari,paraaah banget gak ada obat,"5,0
/5",24 May 2022
Tiket Masuk Candi Prambanan,IM,kemari travel 081918056230,"5,0
/5",24 May 2022
Tiket Masuk Candi Prambanan,SR,Trip bareng keluarga kerennn,"5,0
/5",20 May 2022
Tiket Masuk Candi Prambanan,BS,sip sipsispspspppssipsispsispsppssps,"5,0
/5",20 May 2022
Tiket Masuk Candi Prambanan,SITI ULFA,pesan tiket mudah bgt pake tiket.com👍👍👍👍. sesampai dilokasi kita tgl cetak barcode tanpa ngantri panjang... kita bs lgs menikmati keindahan dan kemegahan candi prambanan. Tiket.com mempermudah kit...,"5,0
/5",18 May 2022
Tiket Masuk Candi Prambanan,SS,"Harganya lebih murah drpd beli langsung, dapat promo juga lagi","5,0
/5",18 May 2022
Tiket Masuk Candi Prambanan,AD,Penukaran e ticket sangat mudah.. Hanya scan dan langsung jadi tiket masuk prambanan. Ga perlu antri.. Thank you.,"5,0
/5",18 May 2022
Tiket Masuk Candi Prambanan,RJ,"Gak enak, pokoknya gak enak","5,0
/5",17 May 2022
Tiket Masuk Candi Prambanan,MC,beli tiket masuk di tiket. com saat sampai langsung di sambut n di respon petugas nya di arahkan dan langsung masuk tanpa antri lewat jalur khusus.. top banget pelayanan nya di candi Prambanan.. dan t...,"5,0
/5",17 May 2022
Tiket Masuk Candi Prambanan,NJ,"Tempat nya bersih dan view candinya bagus, salah satu wisata favorit..terimakasih","5,0
/5",17 May 2022
Tiket Masuk Candi Prambanan,Anisah Tauhid,"menarik, terjaga kebersihan nya","5,0
/5",17 May 2022
Tiket Masuk Candi Prambanan,Fahlevy Chairur Rozy,ok banget deh pokoknyq,"5,0
/5",17 May 2022
Tiket Masuk Candi Prambanan,RG,Seperti biasa prambanan memang situs wajib dikunjungi,"5,0
/5",16 May 2022
Tiket Masuk Candi Prambanan,Bobby Harsawan,Candi Prambanan yg sungguh menakjubkan,"5,0
/5",15 May 2022
Tiket Masuk Candi Prambanan,AA,good place for traveling,"5,0
/5",14 May 2022
Tiket Masuk Candi Prambanan,DK,Tingalllllllllll scaaannnn dan masuuuukkk,"5,0
/5",14 May 2022
Tiket Masuk Candi Prambanan,AN,bagus baget pemandangan nya puas pkoknya,"5,0
/5",13 May 2022
Tiket Masuk Candi Prambanan,SS,"menyenangkan, seru abiss 🙆💖","5,0
/5",13 May 2022
Tiket Masuk Candi Prambanan,adelady rozha,"ya bagusssssssssss bersama keluarga, sepi enak buat foto","5,0
/5",13 May 2022
Tiket Masuk Candi Prambanan,sefy wury handayani,baguus nyaman sudah tertata dengan baik,"5,0
/5",13 May 2022
Tiket Masuk Candi Prambanan,Deddy Griffin,beli tiket melalui tiket.com memudahkan jadi tidak perlu antri di loket tiket,"5,0
/5",13 May 2022
Tiket Masuk Candi Prambanan,Tandri Tansul,good trip. always amazed by the view and wonder how they build it back in the day,"5,0
/5",13 May 2022
Tiket Masuk Candi Prambanan,Rianto Rianto,Keren dan luar biasa!!! Rekomendasi wisata yang cocok untuk semua orang!,"5,0
/5",12 May 2022
Tiket Masuk Candi Prambanan,Ovie Ardiyansyah,"tempatnya luas, banyak spot foto","5,0
/5",12 May 2022
Tiket Masuk Candi Prambanan,Muslim Muslim,"Cepat prosesnya pakai beli tiket masuk di tiket.com Tinggal scan barcode aja. Dapat potongan 2rb perak dari harga offline, sipp deh","5,0
/5",11 May 2022
Tiket Masuk Candi Prambanan,ayu afiskaningrum,seru and i wanna go to there again &gt;&lt;,"5,0
/5",10 May 2022
Tiket Masuk Candi Prambanan,Bangkit Auristrianto,okee mantap sekali bagus,"5,0
/5",10 May 2022
Tiket Masuk Candi Prambanan,IF,mantafttffffffffdffddd,"5,0
/5",9 May 2022
Tiket Masuk Candi Prambanan,WA,sangat mudah untuk prosesnya.,"5,0
/5",9 May 2022
Tiket Masuk Candi Prambanan,IR,"udah ada wahana permainan baru disini, nine boot, dan scuter, ada juga memanah dan bisa bersepeda berdua dengan 1 sepeda","5,0
/5",9 May 2022
Tiket Masuk Candi Prambanan,Saepudin Saepudin,Simple beli tiket.com tinggal masuk,"5,0
/5",9 May 2022
Tiket Masuk Candi Prambanan,clara shinta,lebih cepat kita beli tiket di sini,"5,0
/5",9 May 2022
Tiket Masuk Candi Prambanan,Ririn Gianti,masyaallah tabarakallah,"5,0
/5",8 May 2022
Tiket Masuk Candi Prambanan,cahya sudirja,great to explore the past,"5,0
/5",8 May 2022
Tiket Masuk Candi Prambanan,SA,pemandangan nya bagus,"5,0
/5",8 May 2022
Tiket Masuk Candi Prambanan,ES,"Pesan, bayar, print di mesin cetak, beres! Nggak perlu antri","5,0
/5",8 May 2022
Tiket Masuk Candi Prambanan,UW,Alhamdulillah deng e-tiket lebih cepat dan murah,"5,0
/5",7 May 2022
Tiket Masuk Candi Prambanan,RINALDO SAPUTRA,Oke mantap keren bersih,"5,0
/5",7 May 2022
Tiket Masuk Candi Prambanan,Candra Gunawan,senang bisa tau sejarahnya,"5,0
/5",7 May 2022
Tiket Masuk Candi Prambanan,Andi Wibowo,staffnya ramah dan sangat membantu,"5,0
/5",7 May 2022
Tiket Masuk Candi Prambanan,Aga Ade Riyan,tempat bagus untuk untuk liburan keluarga.,"5,0
/5",5 May 2022
Tiket Masuk Candi Prambanan,DT,"puas sekali, penukaran tiket cepat","5,0
/5",4 May 2022
Tiket Masuk Candi Prambanan,Matha Riswan,ok mantap bagus keren,"5,0
/5",4 May 2022
Tiket Masuk Candi Prambanan,DS,menarik dan seru buat keluarga,"5,0
/5",1 May 2022
Tiket Masuk Candi Prambanan,RO,"luas dan bagus. melihat"" peninggalan sejarah.","5,0
/5",1 May 2022
Tiket Masuk Candi Prambanan,Ifan Murdiyadi,Good weather and fabulous view! Been here a few times before and this time it was less crowded. Perhaps due to Covid and Ramadhan too.,"5,0
/5",30 Apr 2022
Tiket Masuk Candi Prambanan,Andry Avrian,"Sangat dimudahkan dengan adanya Tiket.com, banyak promo juga 👍🏻","5,0
/5",29 Apr 2022
Tiket Masuk Candi Prambanan,SS,ya kali ngga tiket.com,"5,0
/5",22 Apr 2022
Tiket Masuk Candi Prambanan,Wahyu Hidayani,area candi bersih pelayanan ramah beli di tiket.com lebih murah banyak spot foto,"5,0
/5",19 Apr 2022
Tiket Masuk Candi Prambanan,SP,sangatt menyenangkan,"5,0
/5",4 Apr 2022
Tiket Masuk Candi Prambanan,Nurul Rohmah,Memudahkan banget meskipun sore2 detik2 terakhir terus dapet hujan. Bisa masuk di jam 9-3 sore,"5,0
/5",3 Apr 2022
Tiket Masuk Candi Prambanan,Michael Alamsah,candi prambanan sangat indah.,"5,0
/5",1 Apr 2022
Tiket Masuk Candi Prambanan,YC,mantab keren habis tempatnya tiada,"5,0
/5",30 Mar 2022
Tiket Masuk Candi Prambanan,Tsany Atha Zahra,Seruuu Tapi ujung2 nya gak self service karena cetak tiketnya harus dibantu mas nya,"5,0
/5",28 Mar 2022
Tiket Masuk Candi Prambanan,anthony tandiono,cepat prosesnya.. tidak ribet antri karena self service,"5,0
/5",17 Mar 2022
Tiket Masuk Candi Prambanan,AM,"good ambiance, golf car good","5,0
/5",15 Mar 2022
Tiket Masuk Candi Prambanan,RS,gooodddd.... ......,"5,0
/5",13 Mar 2022
Tiket Masuk Candi Prambanan,neng tini watini latifah,tempat bersejarah yg luar biasa..,"5,0
/5",13 Mar 2022
Tiket Masuk Candi Prambanan,MH,"akses cepat, mudah untuk print tiket.. petugas pun sigap membantu","5,0
/5",10 Mar 2022
Tiket Masuk Candi Prambanan,AI,tempatnya bersih rapih indah menarik untuk di kunjungi,"5,0
/5",9 Mar 2022
Tiket Masuk Candi Prambanan,Irfan Syahputra,Ada staff yang membantu untuk pelayanan ticketing nya,"5,0
/5",6 Mar 2022
Tiket Masuk Candi Prambanan,David Petra,Cepat tanpa antrian.,"5,0
/5",5 Mar 2022
Tiket Masuk Candi Prambanan,Nike Nike,"Kesini sama teman, viewnya bagus dan tambahan knowladge untuk sejarah","5,0
/5",3 Mar 2022
Tiket Masuk Candi Prambanan,Rika Ratna Dewi,26/2/22 Cerah banget di prambanan. Untung bawa payung,"5,0
/5",2 Mar 2022
Tiket Masuk Candi Prambanan,Devin merdiana,ok mantafff the best,"5,0
/5",22 Feb 2022
Tiket Masuk Candi Prambanan,dj dendi,Keren kesini rapih bersih cuma panas aja wajar,"5,0
/5",13 Feb 2022
Tiket Masuk Candi Prambanan,CS,mau kasih info akses masuk sd ke dalam candi hanya sampai jam 3 sore ya gaes,"5,0
/5",9 Feb 2022
Tiket Masuk Candi Prambanan,Ika Putri Yunida Ginting,"Pengalaman menyenangkan, siang hari sangat terik sehingga saya sewa payung 10k dan sewa mobil golf 200k untuk maksimal 6 dewasa. Worth it lah daripada jalan kaki jauh sekali.","5,0
/5",31 Jan 2022
Tiket Masuk Candi Prambanan,SF,"pokonyaaa mah cakepp weh, tempatnyaa adem tenangg","5,0
/5",28 Jan 2022
Tiket Masuk Candi Prambanan,ER,banyak perkembangan dan kemajuan..,"5,0
/5",25 Jan 2022
Tiket Masuk Candi Prambanan,BH,Mantap dan Luar Biasa,"5,0
/5",25 Jan 2022
Tiket Masuk Candi Prambanan,Tiur Angelya Situmorang,"Harusnya gampang ya tinggal scan barcode, tapi ditempat scan barcodenya ga bisa jadi kudu harus ketik kode booking, tapi overall oke sih","5,0
/5",16 Jan 2022
Tiket Masuk Candi Prambanan,DL,Mudah digunakan dan tidak perlu antri di pembelian tiket.,"5,0
/5",16 Jan 2022
Tiket Masuk Candi Prambanan,MUHAMAD MARWAN,menakjubkan sekali kalau melihat langsung walapun sudah beberapa kali kesini,"5,0
/5",16 Jan 2022
Tiket Masuk Candi Prambanan,AM,panas cape jalan jauh ada kereta mobil tp gk tau bayar apa engga pake itu saya juga gak nanya bayar apa engga tp ada rusa dan ada ayam dan ada rumah tuyul mbakyul jika kalian tidak sewa motor aku reko...,"5,0
/5",14 Jan 2022
Tiket Masuk Candi Prambanan,Mutiara Irawati,"cool, keren, berasa mimpi lihat candi","5,0
/5",12 Jan 2022
Tiket Masuk Candi Prambanan,KS,sangat membantu..dapat harga diskon..thank tiket.com,"5,0
/5",5 Jan 2022
Tiket Masuk Candi Prambanan,tika tika,"proses redeemnya cepat, anti antri antri. senang sekali","5,0
/5",3 Jan 2022
Tiket Masuk Candi Prambanan,tika tika,serrruuuu redeem tiket disini. jd bisa akses masuk lbh cepat. makasih,"5,0
/5",3 Jan 2022
Tiket Masuk Candi Prambanan,Maulana Imam Dzulhamdi Harahap,enak tempatnya recomended,"5,0
/5",1 Jan 2022
Tiket Masuk Candi Prambanan,GRACE APRILLIA,bagus cuma panas....,"5,0
/5",28 Dec 2021
Tiket Masuk Candi Prambanan,veronica ines pamalia,keren habis deh pokoknya tempatnya oke punya dan suka banget berada disini,"5,0
/5",27 Dec 2021
Tiket Masuk Candi Prambanan,veronica ines pamalia,suka banget deh berada di candi ini spotnya bagus dan bersih banget pokoknya like it,"5,0
/5",27 Dec 2021
Tiket Masuk Candi Prambanan,veronica ines pamalia,keren buanget ga rugi jalan2 kesini deh pokoknya asyik dan seru,"5,0
/5",27 Dec 2021
Tiket Masuk Candi Prambanan,Supatmo Agus Edi Cahyono,"Aman nyaman keluarga bahagia, alhamdulillah cuaca cerah","5,0
/5",27 Dec 2021
Tiket Masuk Candi Prambanan,AS,kerenn bangetttttttttt,"5,0
/5",25 Dec 2021
Tiket Masuk Candi Prambanan,veronica ines pamalia,keren habis disini pokoknya ga rugi berkunjung ke prambanan..maju terus wisata jogjya,"5,0
/5",25 Dec 2021
Tiket Masuk Candi Prambanan,AW,sangat memudahkan dan dapat diskon,"5,0
/5",23 Dec 2021
Tiket Masuk Candi Prambanan,Natanael Ario Hartono,mantaap puoll bisa masuk prambanan tanpa antri lalu dapat diskon pulaa.. terima kasih tiket.com,"5,0
/5",22 Dec 2021
Tiket Masuk Candi Prambanan,Aryani Nurwulandari,terimamasih bisa ajak anak2 liburan sambil belajar,"5,0
/5",20 Dec 2021
Tiket Masuk Candi Prambanan,FL,Ke area candi pas lagi hujan .. banyak yg sewain payung & jual jas hujan di area pintu masuk,"5,0
/5",18 Dec 2021
Tiket Masuk Candi Prambanan,AF,"yg lain antri panjang, pakai tiket.com langsung masuk dengan harga lebih rendah","5,0
/5",13 Dec 2021
Tiket Masuk Candi Prambanan,ASEP ROHMANA,"mudah melakukan transaksi, dapat potongan harga lagi, disana tidak perlu antri, cukup scan, mantafff","5,0
/5",13 Dec 2021
Tiket Masuk Candi Prambanan,Dian Haryana,emang ter the best TWC prambanan,"5,0
/5",12 Dec 2021
Tiket Masuk Candi Prambanan,Nurdiansyah Ali Akbar,Mantap keren bagus good,"5,0
/5",10 Dec 2021
Tiket Masuk Candi Prambanan,Yessy Christy Ribkah,"pas di scan di mesinnya ga bs, tp lgsg di bantu sama mas""nya masuk. makasi","5,0
/5",10 Dec 2021
Tiket Masuk Candi Prambanan,Noval Putra Sanjaya,agak kurang puas juga karena ga bisa masuk kedalam bangunan candi,"5,0
/5",10 Dec 2021
Tiket Masuk Candi Prambanan,Kiki Ramadhan,"Mantappp, tidak perlu antri lgi di loket, lebih mudah dan efisien","5,0
/5",8 Dec 2021
Tiket Masuk Candi Prambanan,Nova Rizky Indrawati,"mantap banget beli tiket di sini. harganya lebih murah, walaupun cuma beda 4k. tapi bagi yg mau jalan"" solo dan menghemat sekecil apapun ini cocok banget. wajib, kudu.","5,0
/5",6 Dec 2021
Tiket Masuk Candi Prambanan,KN,"Seruuuu bgtt, proses cepat, dpet potongan diskon. Kereeen","5,0
/5",5 Dec 2021
Tiket Masuk Candi Prambanan,RN,menarik dan bahagia bisa jalan bersama teman2,"5,0
/5",4 Dec 2021
Tiket Masuk Candi Prambanan,WA,Candi yang mengagumkan dan suasana yang menentramkan.,"5,0
/5",1 Dec 2021
Tiket Masuk Candi Prambanan,Nabiel Gildas Halvawy,lumayan bisa hemat karena ada diskon,"5,0
/5",29 Nov 2021
Tiket Masuk Candi Prambanan,RP,Mantap. Terima kasih tiket.com,"5,0
/5",27 Nov 2021
Tiket Masuk Candi Prambanan,MO,okkkkeeeeeeeeeeeeeee,"5,0
/5",26 Nov 2021
Tiket Masuk Candi Prambanan,NM,"mudah digunakan, staff prambanan sangat havefull","5,0
/5",25 Nov 2021
Tiket Masuk Candi Prambanan,Dena Achmad,masuk tinggal cetak sendiri tiketnya dengan booking code yang ada di aplikasi tiket.com. sangat praktis tanpa antri,"5,0
/5",23 Nov 2021
Tiket Masuk Candi Prambanan,RS,Lebih murah dari pada beli tiket on the spot,"5,0
/5",23 Nov 2021
Tiket Masuk Candi Prambanan,Mutiara Yunita,"seru banget,asik,gembira","5,0
/5",23 Nov 2021
Tiket Masuk Candi Prambanan,Christin Fransisca,bagussssssssssssssss,"5,0
/5",17 Nov 2021
Tiket Masuk Candi Prambanan,BUSH JON RICARDO SIMANGUNSONG,mantap jiwa. proses nya gak ribet,"5,0
/5",15 Nov 2021
Tiket Masuk Candi Prambanan,Aqsa Gautama Sofyandi F,"pengalaman yang luar biasa, bisa melihat candi prambanan dari dekat","5,0
/5",13 Nov 2021
Tiket Masuk Candi Prambanan,Astrid Tomasoa,This place is amazing,"5,0
/5",9 Nov 2021
Tiket Masuk Candi Prambanan,Andri Wijaya,"tempatnya bersih, reedem tiket dari tike.com nya juga mudah","5,0
/5",9 Nov 2021
Tiket Masuk Candi Prambanan,NS,lwbih nurah dari beli tiket on the spot,"5,0
/5",7 Nov 2021
Tiket Masuk Candi Prambanan,AP,simple dan mudah tinggal scan masuk aja,"5,0
/5",6 Nov 2021
Tiket Masuk Candi Prambanan,MW,"prambanan ribet sekali tetap harus pake aplikasi,sertifikat mama saya. di peduli lindungi bermasalah padahal.","5,0
/5",4 Nov 2021
Tiket Masuk Candi Prambanan,WS,awalnya tiket saya gak bisa di reedem di mesin barcode sykurnya petugas tiket.com disana responnya cepat dan saya langsung diarahin masuk,"5,0
/5",3 Nov 2021
Tiket Masuk Candi Prambanan,FW,excellent and unforgettable,"5,0
/5",3 Nov 2021
Tiket Masuk Candi Prambanan,DP,bagus cepat dan murah,"5,0
/5",17 Oct 2021
Tiket Masuk Candi Prambanan,Arbi Syamsul Alam,"Mantapp , mengurangi berkontaminasi dengan uang","5,0
/5",5 Oct 2021
Tiket Masuk Candi Prambanan,AN,"mungkin mesin self ticketingnya problem, tapi no issue tetap bisa akses","5,0
/5",11 Jun 2021
Tiket Masuk Candi Prambanan,HN,sangat menyenangkan dan pastinya semua ada tiketnya di tiket.com,"5,0
/5",7 Jun 2021
Tiket Masuk Candi Prambanan,FF,"Sangat bagus, lokasi tidak jauh dari pusat kota jakarta. ada baiknya datang saat sore hari sehingga bisa langsung menuju ratu boko menikmati sunset. jangan lupa singgahbdi candi lumbung, bubrah dan se...","5,0
/5",25 Apr 2021
Tiket Masuk Candi Prambanan,Lully Pratiwi,Bagus bersih terawat dengan baik,"4,0
/5",9 Apr 2025
Tiket Masuk Candi Prambanan,Denny wijaya,Lgsg bs digunakan dan mudah,"4,0
/5",21 Mar 2025
Tiket Masuk Candi Prambanan,Indah bety bie,Tempat bagus untuk berfoto,"4,0
/5",18 Mar 2025
Tiket Masuk Candi Prambanan,Indah bety bie,Tempat bagus untuk berfoto,"4,0
/5",18 Mar 2025
Tiket Masuk Candi Prambanan,Indah bety bie,Tempat wisata yang bagus dan ada nilai sejarah,"4,0
/5",18 Mar 2025
Tiket Masuk Candi Prambanan,LS,"Tidak ada masalah, rendem tiket mudah","4,0
/5",1 Mar 2025
Tiket Masuk Candi Prambanan,mira mira,"Seru banget,liburan keluarga jadi lebih menyenangkan ,,","4,0
/5",17 Feb 2025
Tiket Masuk Candi Prambanan,HW,Keren pokoknya... sekalian olahraga jalan kaki 😄,"4,0
/5",15 Feb 2025
Tiket Masuk Candi Prambanan,kusuma mukti,"bagus banget tempatnya, luar biasa dan penuh kenangan indah","4,0
/5",15 Feb 2025
Tiket Masuk Candi Prambanan,Vinca Regina Letsoin,Lebih baik datang di pagi hari. Untuk berjalan kaki cukup jauh tapi lokasi aman dan nyaman.,"4,0
/5",10 Feb 2025
Tiket Masuk Candi Prambanan,AA,Good servisnya ramah tamah good team,"4,0
/5",4 Feb 2025
Tiket Masuk Candi Prambanan,Gheby Gheby,"Mudah transaksinya gaperlu antri lagi deh kalau lagi ramai, tinggal beli via tiket.com terus kita dapat antrian khusus di loket paling kiri 🫶🏼✨","4,0
/5",31 Jan 2025
Tiket Masuk Candi Prambanan,Yopi Eka Mayondri,"bagus dan seru, ok bgtttttt","4,0
/5",29 Jan 2025
Tiket Masuk Candi Prambanan,ERY ARYANSYAH,"Seru,bisa melihat peninggalan"" zaman kerajaan dulu","4,0
/5",28 Jan 2025
Tiket Masuk Candi Prambanan,EU,Satset ga perlu antri,"4,0
/5",22 Jan 2025
Tiket Masuk Candi Prambanan,Dita Natasya,Bagus tp gaada pemberitahuan kl ada perbaikan jd gabisa masuk ke dalem,"4,0
/5",18 Jan 2025
Tiket Masuk Candi Prambanan,AJ,"bagus, bersih, indah","4,0
/5",10 Jan 2025
Tiket Masuk Candi Prambanan,BC,Area candi prambanan cukup ramai tp tertib,"4,0
/5",9 Jan 2025
Tiket Masuk Candi Prambanan,rhosmalina eka puspita rhani,Memuaskan jd lbh mudah,"4,0
/5",7 Jan 2025
Tiket Masuk Candi Prambanan,Carissa Ghefira,Pengalaman yg menyenangkan dan seru sekalii,"4,0
/5",7 Jan 2025
Tiket Masuk Candi Prambanan,VY,"Masuk mudah, tutup jam 5","4,0
/5",5 Jan 2025
Tiket Masuk Candi Prambanan,Felicia Halim,"Jarak jalan nya lumayan, setidaknya siapkan 1 stgh jam buat di sini biar bisa santai keliling :) siapkan air biar gk dehidrasi, kebanyakan candi nya ada tangga bisa naik.","4,0
/5",5 Jan 2025
Tiket Masuk Candi Prambanan,Maisyarah Maisyarah,Cepat tanpa antrian,"4,0
/5",4 Jan 2025
Tiket Masuk Candi Prambanan,Rifky Rama Fadri,goooooooooooooooooood,"4,0
/5",4 Jan 2025
Tiket Masuk Candi Prambanan,ME,Seru banget dan sangat dipermudah beli tiket di tiket.com,"4,0
/5",3 Jan 2025
Tiket Masuk Candi Prambanan,Andicha Permana,"Mantap, menyenangkan, harga masih terjangkau","4,0
/5",1 Jan 2025
Tiket Masuk Candi Prambanan,FK,Perlu cetak tiket. Tidak efektif,"4,0
/5",1 Jan 2025
Tiket Masuk Candi Prambanan,FK,Perlu dicetak dulu tiketnya. Tidak efektif,"4,0
/5",1 Jan 2025
Tiket Masuk Candi Prambanan,Boos Korpinus Sinaga,"Bersih, indah, nyaman","4,0
/5",30 Dec 2024
Tiket Masuk Candi Prambanan,FR,"""Liburan ini membuka mata saya akan keindahan dunia dan keberagaman budaya. Saya menemukan kebahagiaan sejati dalam perjalanan ini, dengan pemandangan alam menakjubkan, pengalaman budaya kaya, dan ken...","4,0
/5",29 Dec 2024
Tiket Masuk Candi Prambanan,IN,"Seru..tiket fisik bs langsung didapat kan di loket khusus,ga perlu antri","4,0
/5",29 Dec 2024
Tiket Masuk Candi Prambanan,Elviarita Gani,Ya sangat menikmati dan layanan tiket.com.juga memuaskan,"4,0
/5",28 Dec 2024
Tiket Masuk Candi Prambanan,Ramandani Asrining Putri,"Pesen disini lebih cepet,,ga pake antri panjang terutama pada musim liburan, ada loket khusus tiket online","4,0
/5",27 Dec 2024
Tiket Masuk Candi Prambanan,Valentina Siallagan,Tempat bersih dan proses penukaran tiket mudah,"4,0
/5",26 Dec 2024
Tiket Masuk Candi Prambanan,MF,tempat yang luas dan banyak tempat bermain untuk anak,"4,0
/5",25 Dec 2024
Tiket Masuk Candi Prambanan,WINY HARDIYANI,Tempat yg luar biasa indah harus tetap dilestarikan,"4,0
/5",23 Dec 2024
Tiket Masuk Candi Prambanan,M Irfan Maulana,"Oke mantap sangat memuaskan, pemandangannya indah","4,0
/5",22 Dec 2024
Tiket Masuk Candi Prambanan,VH,Sayang sekali tiketnya hangus karena ketika tiba di candi prambanan sedang hujan deras dan tidak memungkinkan untuk diterabas,"4,0
/5",21 Dec 2024
Tiket Masuk Candi Prambanan,M Irfan Maulana,"Oke mantap sangat memuaskan, pemandangannya indah","4,0
/5",22 Dec 2024
Tiket Masuk Candi Prambanan,VH,Sayang sekali tiketnya hangus karena ketika tiba di candi prambanan sedang hujan deras dan tidak memungkinkan untuk diterabas,"4,0
/5",21 Dec 2024
Tiket Masuk Candi Prambanan,BT,Good. Antrian online beda sendiri dan lebih cepat,"4,0
/5",18 Dec 2024
Tiket Masuk Candi Prambanan,YM,mantaapp bangeettt pokoknya,"4,0
/5",7 Dec 2024
Tiket Masuk Candi Prambanan,SF,Jika musim hujan harus sedia payung,"4,0
/5",6 Dec 2024
Tiket Masuk Candi Prambanan,Nonny Mona Asmi,Baguuuuuuusssssssssssss.................,"4,0
/5",6 Dec 2024
Tiket Masuk Candi Prambanan,NR,trip keluarga seru seru seru seru seru seru seru,"4,0
/5",27 Nov 2024
Tiket Masuk Candi Prambanan,Teguh Purwanto Ramadan,Hari senin tidak bisa masuk sampai ke candi utamanya,"4,0
/5",26 Nov 2024
Tiket Masuk Candi Prambanan,SW,Kerennn nn abissssss,"4,0
/5",15 Nov 2024
Tiket Masuk Candi Prambanan,RP,"tempat luas,banyak pepohonan,buat keluarga bisa di rumput yg hijau dan bersih","4,0
/5",14 Nov 2024
Tiket Masuk Candi Prambanan,IF,Mungkin bisa ditambahkan seperti tiket terusan... penambahan tiket untuk kereta atau fasilitas lainnya...,"4,0
/5",4 Nov 2024
Tiket Masuk Candi Prambanan,Dian Sulistyo Riyadi,"Masukan untuk pengelola, untuk wisatawan yg memesan tiket dari tiket.com, masih menggunakan cara manual, melalui operator. Operatornya kadang suka pergi, pengunjung bingung kalau mau cetak tiket masuk","4,0
/5",29 Oct 2024
Tiket Masuk Candi Prambanan,JG,keren. udah jadi wishlist dari lama ke prambanan dan baru kesampaian sekarang. such a great experience.,"4,0
/5",24 Oct 2024
Tiket Masuk Candi Prambanan,Erni Rouza,"Kerennn bgt,,,..........","4,0
/5",24 Oct 2024
Tiket Masuk Candi Prambanan,EH,Seperti naik mesin waktu ke zaman dulu,"4,0
/5",23 Oct 2024
Tiket Masuk Candi Prambanan,TA,Mantapp cepat ga ribet,"4,0
/5",13 Oct 2024
Tiket Masuk Candi Prambanan,Fita fitriana,Selalu menjaga warisan indonesia,"4,0
/5",5 Oct 2024
Tiket Masuk Candi Prambanan,JW,"Bersama dengan teman ku untuk pertama kali, we love it","4,0
/5",25 Sep 2024
Tiket Masuk Candi Prambanan,AB,"Mantappooool ,luassss bangetttttttttttttttt","4,0
/5",24 Sep 2024
Tiket Masuk Candi Prambanan,MILLENIA SAGITA FADILLAH MINTARI,Bagus banget banyak pohon jg,"4,0
/5",22 Sep 2024
Tiket Masuk Candi Prambanan,iwan sulistio,"Sebenernya semuanya normal dan bagus dari diskon tiket dan pemesannya, cuma pas sampai candi prambanan dan mau tukar e tiket ada eror di loket penukaran sehingga tidak dapat tiket yang asli tapi bisa ...","4,0
/5",21 Sep 2024
Tiket Masuk Candi Prambanan,Marina Bannat Ulfah,Lmyan lbh hemat 7rb n gk ribet jg👍,"4,0
/5",20 Sep 2024
Tiket Masuk Candi Prambanan,AR,"Lebih cepat, hemat wktu tempatnya bagus dan keren cocok untuk keliarga dan berlibur. Masih pagi antrinya tdk panjang","4,0
/5",16 Sep 2024
Tiket Masuk Candi Prambanan,Mohammad Gunawan Suhartono,Baik terbaik penyenangkan,"4,0
/5",15 Sep 2024
Tiket Masuk Candi Prambanan,AP,"Sekarang bersih rapih, trs pas pergi lagi pembangunan ulang candi yang rusak, luas areanya siapkan kaki mu untuk jalan2 dan foto2 cantik disana","4,0
/5",7 Sep 2024
Tiket Masuk Candi Prambanan,Maria Santauli Siboro,Bagus & mengesankan,"4,0
/5",2 Sep 2024
Tiket Masuk Candi Prambanan,MK,"Seharusnya barcode dari aplikasi langsung bisa utk scan di pintu masuk, tidak harus mengantri lagi di bagian loket.","4,0
/5",28 Aug 2024
Tiket Masuk Candi Prambanan,NA,"seru bangetttt, walaupun siang hari panas-panasan tapi kalo ngeliat view sebagus ini sihhh wahh bangettt, manthappp","4,0
/5",28 Aug 2024
Tiket Masuk Candi Prambanan,SD,"Tempatnya bersih, informasinya juga lumayan lengkap buat traveller. Kalau ke sini siang hari pakai payung ya soalnya panas banget hehe","4,0
/5",22 Aug 2024
Tiket Masuk Candi Prambanan,Guntur Sugiarto,Bagus nyaman cakep dan enak utk jln2 lg,"4,0
/5",16 Aug 2024
Tiket Masuk Candi Prambanan,shafira nurlita,"Seru powlllll, tiketnya agak dimurahinnn dong😹","4,0
/5",11 Aug 2024
Tiket Masuk Candi Prambanan,Yansep Parna tavipma,Keren buat foto dan tidak pernah bosan buat berkunjung ke Prambanan tiap tahun,"4,0
/5",4 Aug 2024
Tiket Masuk Candi Prambanan,AN,"Selama pakai ticket.com, ga pernah miss saat traveling","4,0
/5",31 Jul 2024
Tiket Masuk Candi Prambanan,GS,"As expected dari situs candi. Yang agak disayangkan adalah museumnya sepi karena pengunjung tidak diarahkan kesana, wasted potential","4,0
/5",28 Jul 2024
Tiket Masuk Candi Prambanan,Meidi Candra,"Cukup menyenangkan membeli tiket masuk candi Borobudur dan candi Prambanan di tiketcom cuma ada keadaan penukaran dengan fisik saja .. kata operator , rendam tiket masuk dengan tiket.com lagi ada masa...","4,0
/5",18 Jul 2024
Tiket Masuk Candi Prambanan,Fera Andriani,"Seneng ny bisa liburan ke prambanan.. Pake tiket. Com.. Sangat mmbntu u pembelian tiket kereta dan tiket"" Wahana","4,0
/5",18 Jul 2024
Tiket Masuk Candi Prambanan,Aliza Mufida,Memudahkan karena tidak perlu antri,"4,0
/5",17 Jul 2024
Tiket Masuk Candi Prambanan,Novi Anita Pamularsih,bagus Sekali mudah proses masuknu,"4,0
/5",17 Jul 2024
Tiket Masuk Candi Prambanan,Dwilanty Beru Tarigan,"Tidak perlu antri, lgs cuss masuk dan cepat","4,0
/5",14 Jul 2024
Tiket Masuk Candi Prambanan,Agustina Susanti,Pas dateng sistem e ticket di prambanan error jadi agak lama nunggu konfirmasi petugas. Overall ok,"4,0
/5",12 Jul 2024
Tiket Masuk Candi Prambanan,Hamba Isyah Girsang,Selalu bagus kalau photo di candi. Kesan klasik dapat banget,"4,0
/5",11 Jul 2024
Tiket Masuk Candi Prambanan,FM,dimana patung roro jonggrang yahhh,"4,0
/5",10 Jul 2024
Tiket Masuk Candi Prambanan,Herdy Yanto,"Kesana harus bawa payung sebab cuacanya sangat terik, parkiran mobil luas. Spot foto candi2nya byk dan 🅑🅐🅖🅤🅢","4,0
/5",9 Jul 2024
Tiket Masuk Candi Prambanan,LB,"Sedang ada pemugaran atau renovasi, jadi agak memgganggu secara keseluruhan. Tapi senang karena banyak yang eksplor candi Prambanan dan ingin tahu sejarahnya. Semoga selalu jadi tujuan wisata edukasi ...","4,0
/5",9 Jul 2024
Tiket Masuk Candi Prambanan,TyaMci TyaMci,Pemesanan lewat Online sangat membantu mengurangi Antrian,"4,0
/5",8 Jul 2024
Tiket Masuk Candi Prambanan,Abi Farhan,sadly hari senin belum bisa masuk tp so far oke kok,"4,0
/5",5 Jul 2024
Tiket Masuk Candi Prambanan,Retno Asihanti Setiorini,"Ke Prambanan hari kerja dan pagi sehingga antrian ga panjang. Pakai aplikasi harusnya memudahkan, tapi sayangnya kmrn sedang ada yg error sehingga malah ga terdeteksi. Alhamdulillah petugasnya tanggap...","4,0
/5",3 Jul 2024
Tiket Masuk Candi Prambanan,BP,Seru dan menyenangkan,"4,0
/5",2 Jul 2024
Tiket Masuk Candi Prambanan,TC,"Bersih , nyaman oke disarankan pake topi kalau ke sini soalnya panas","4,0
/5",27 Jun 2024
Tiket Masuk Candi Prambanan,Trip H,"Nyaman , bersih , luas , enak banget bisa belanja buat cenderamata juga","4,0
/5",27 Jun 2024
Tiket Masuk Candi Prambanan,Travel C,"Kalau ke sini sore enak karena gak terlalu panas , mereka juga nyediain sepedah listrik untuk sewa jadi oke","4,0
/5",27 Jun 2024
Tiket Masuk Candi Prambanan,Evitanti Evitanti,"Lebih murah, gampang di redeem","4,0
/5",26 Jun 2024
Tiket Masuk Candi Prambanan,FM,Cukup rame pengunjung padahal weekday dan panas tapi tetep seru krn pergi brg keluarga,"4,0
/5",26 Jun 2024
Tiket Masuk Candi Prambanan,Rina maysarah siregar,Bagus untuk belajar historical,"4,0
/5",26 Jun 2024
Tiket Masuk Candi Prambanan,Resi Novita,Keren bgt untuk liburannya semoga bisa terulang,"4,0
/5",21 Jun 2024
Tiket Masuk Candi Prambanan,DD,Penukaran mudah. Pemandangan prambanan bagus,"4,0
/5",20 Jun 2024
Tiket Masuk Candi Prambanan,Eni Rochaeni,Pas masuk di cek tas kita.. Giliran ibu ibu di cek tas nya .. Giliran bapa bapak ga di cek tas nya... Padahala sama sama kecil... Diskriminatif.. Karna image ibu ibu selalu bawa makanan? Padahal saya ...,"4,0
/5",19 Jun 2024
Tiket Masuk Candi Prambanan,CH,Biar gak panas dtg jam 5 aja,"4,0
/5",9 Jun 2024
Tiket Masuk Candi Prambanan,BAYU APRIANSYAH KANDHIHAWA,"Bagus tempatnya, cuman butuh fisik yg kuat karena jalannya cukup jauh dan panas banget, tapi gak papa sekalian olahraga.","4,0
/5",7 Jun 2024
Tiket Masuk Candi Prambanan,NO,Prambanan emng selalu oke,"4,0
/5",4 Jun 2024
Tiket Masuk Candi Prambanan,VP,Beli tiket masuk candi prambanan di Tiket.com lebih cepat dibanding harus ke loketnya langsung plus dapat potongan harga klo belinya di Tiket.com,"4,0
/5",3 Jun 2024
Tiket Masuk Candi Prambanan,Abdul kohar,Krn ada 1 keluarga WNA jdi bisa masuk pintu khusus WNA. Cuma agak aneh ada toilet berbayar di dalam area,"4,0
/5",1 Jun 2024
Tiket Masuk Candi Prambanan,DT,"smooth entrance, lebih murah daripada beli di loket langsung","4,0
/5",30 May 2024
Tiket Masuk Candi Prambanan,Amimah Salsabilla,Baguss bngt keindahan Indonesia,"4,0
/5",29 May 2024
Tiket Masuk Candi Prambanan,Denny Hamonangan,"Wisata ke Prambanan disiang hari cukup menguras keringat. Tapi tenang, bagi yg ingin ambil ""jalan pintas"", pengelola menyediakan jasa buggy mengelilingi komplek Prambanan, termasuk quick stop di candi...","4,0
/5",24 May 2024
Tiket Masuk Candi Prambanan,MH,Bagus oke oke oke oke oke Ok bgtttttttttttttttttt,"4,0
/5",17 May 2024
Tiket Masuk Candi Prambanan,ZR,Naiseee banget kereeeeeennnnnnnn,"4,0
/5",14 May 2024
Tiket Masuk Candi Prambanan,DA,Bagus & wajib kesini saat ke Jogja karena akses mudah dan dekat,"4,0
/5",12 May 2024
Tiket Masuk Candi Prambanan,Hendra Dwi surya,Sangat bagus sekalli dan murah,"4,0
/5",10 May 2024
Tiket Masuk Candi Prambanan,Ridwan Hanri,Cerita n detailnya ada upload di IG ya!,"4,0
/5",6 May 2024
Tiket Masuk Candi Prambanan,YM,Mudah dan cepat.,"4,0
/5",3 May 2024
Tiket Masuk Candi Prambanan,AB,Mantap sekali ke candi Prambanan ya.,"4,0
/5",29 Apr 2024
Tiket Masuk Candi Prambanan,Ika oktasari,Pengalaman yang seru untuk tamasya dan belajar sejarah,"4,0
/5",27 Apr 2024
Tiket Masuk Candi Prambanan,Desi Lestari,"Megah, bagus, tapi datang hujan deras","4,0
/5",24 Apr 2024
Tiket Masuk Candi Prambanan,Fachmi Al Farisi,"Nicelah pokoknya, teratur pintu masuk dan keluarnya","4,0
/5",23 Apr 2024
Tiket Masuk Candi Prambanan,JB,"Tempatnya bagus, bersih, permainan sekitar harganya masih masuk akal","4,0
/5",19 Apr 2024
Tiket Masuk Candi Prambanan,Ertika Br Tarigan,Tipe wisata yang belum tentu ada di tempat lain. Enjoying time explore prambanan,"4,0
/5",18 Apr 2024
Tiket Masuk Candi Prambanan,dewi octavia halim,"Bagus cukup terawat, cuma pas kesana siang hari cukup panas","4,0
/5",17 Apr 2024
Tiket Masuk Candi Prambanan,MARIA NATASIA ANDANI KRISTIA MUKTI,"bagus bgt dehh tempatnya okee trss keren bgt lah pokoknya, amazinggg placeee","4,0
/5",16 Apr 2024
Tiket Masuk Candi Prambanan,SP,"bagus dan memenuhi ekspetasi sehingga liburan menyenangkan, overall cukup sesuai","4,0
/5",16 Apr 2024
Tiket Masuk Candi Prambanan,LH,Bagus.,"4,0
/5",4 Apr 2024
Tiket Masuk Candi Prambanan,MUHAMMAD ALWAN TAFSIRI,"I think good, because there are many stories I haven't known","4,0
/5",24 Mar 2024
Tiket Masuk Candi Prambanan,MM,"Nice temple, mohon diperhatikan kebersihan toilet kurang karena banyak turis asing yang datang juga. Tidak tersedia tissue sama sekali di sebelah wastafel atau pun dalam toilet","4,0
/5",16 Mar 2024
Tiket Masuk Candi Prambanan,Mahmud Bin Kurtubi,Kakian harus sempatkan kesini karena ternyata bagus bgt,"4,0
/5",15 Mar 2024
Tiket Masuk Candi Prambanan,TZUCHIANG WU,Pretty nice scenery and easy to accessible for one day,"4,0
/5",15 Mar 2024
Tiket Masuk Candi Prambanan,fanny santoso,Nice place. Tidak terlalu banyak orang sehingga nyaman dan bagus untuk foto2,"4,0
/5",13 Mar 2024
Tiket Masuk Candi Prambanan,Nurasiani Dewi Siregar,Ga perlu ngantri lama,"4,0
/5",27 Feb 2024
Tiket Masuk Candi Prambanan,Kanaya Putri,Kerennn cepet murah Seneng,"4,0
/5",25 Feb 2024
Tiket Masuk Candi Prambanan,Ferawati Ferawati,Trip ke jogja masyaallah bgt indahnya 🥰,"4,0
/5",24 Feb 2024
Tiket Masuk Candi Prambanan,AF,"prambanan bestttt, beneran beli tiket di tiket.com aku beli utk 3 org harusnya 150k jadi cmn 89k. Semurah itu dan tanpa antrii. Worth it☺️","4,0
/5",20 Feb 2024
Tiket Masuk Candi Prambanan,NH,Mantap seru lain kali mampir kembali,"4,0
/5",18 Feb 2024
Tiket Masuk Candi Prambanan,MA,Gampang beli dari tiket.com Langsung scan tanpa antri,"4,0
/5",17 Feb 2024
Tiket Masuk Candi Prambanan,CJ,Bagus pertahankan ya,"4,0
/5",16 Feb 2024
Tiket Masuk Candi Prambanan,abigaill priciliaa,Pelayanannya keren dan makanan di restonya super enakk,"4,0
/5",15 Feb 2024
Tiket Masuk Candi Prambanan,AH,Pelayanan cepat tanggap.. maju terus wisata indonesia,"4,0
/5",14 Feb 2024
Tiket Masuk Candi Prambanan,DN,"Bagus permandangannya, suasananya menyenangkan, setiap sudut candi Prambanan dapat dijadikan spot foto, tetapi harus menggunakan payung dan sunblok karena disana cukup panas.","4,0
/5",11 Feb 2024
Tiket Masuk Candi Prambanan,Rika Serianti Sianturi,Bagus dan bersih tempatnya,"4,0
/5",24 Jan 2024
Tiket Masuk Candi Prambanan,Nunung Nurlaela,Bagus dan bersih tempatnya,"4,0
/5",24 Jan 2024
Tiket Masuk Candi Prambanan,Nunung Nurlaela,"Bagus, bersih cuma waktunya kurang tepat krna datang pada saat musim hujan","4,0
/5",24 Jan 2024
Tiket Masuk Candi Prambanan,MM,Mantappppppppppppppp,"4,0
/5",15 Jan 2024
Tiket Masuk Candi Prambanan,Asiah Marsellawati,BAGUS VBNCVNCVNCVNCV,"4,0
/5",12 Jan 2024
Tiket Masuk Candi Prambanan,GIGIH MIFTASARI,Nice travel pakckage,"4,0
/5",12 Jan 2024
Tiket Masuk Candi Prambanan,CHAN HO KIM,Harus pake tour guide klo keisni kerenn,"4,0
/5",12 Jan 2024
Tiket Masuk Candi Prambanan,VY,bagus tapi agak ramai,"4,0
/5",11 Jan 2024
Tiket Masuk Candi Prambanan,RA,"Tiket lebih murah, dan indah.tks","4,0
/5",10 Jan 2024
Tiket Masuk Candi Prambanan,Zahra Nirwana,Mudah & flexible Gampang si jamgkau tempat nya tidak repot dan ribet,"4,0
/5",9 Jan 2024
Tiket Masuk Candi Prambanan,Adang Suherman,Mantap dengan adanya tiket.com liburan jadi asyik,"4,0
/5",7 Jan 2024
Tiket Masuk Candi Prambanan,Albert Marbun,Sangat membantu dan tidak peelu antrian panjanh,"4,0
/5",6 Jan 2024
Tiket Masuk Candi Prambanan,Joni Harwin,Wajib masuk daftar kunjungan,"4,0
/5",5 Jan 2024
Tiket Masuk Candi Prambanan,VM,Good enough to go but it is still OK,"4,0
/5",4 Jan 2024
Tiket Masuk Candi Prambanan,MC,Tiket .com aplikasi yg memberikan pilihan tempat yg sesuai snda,"4,0
/5",4 Jan 2024
Tiket Masuk Candi Prambanan,SM,Mantap. Jogja is beautiful Semoga candinya bertahan dan tidak ada yang rubuh lagi,"4,0
/5",3 Jan 2024
Tiket Masuk Candi Prambanan,Silpina Abmi Siregar,"Baguskeren enak , cuma maunya include ratu boko dong","4,0
/5",3 Jan 2024
Tiket Masuk Candi Prambanan,RS,"Seru banget, cuma pas mau naik ke dalam antri, kalau mau kesini wajib pakai topi atau payung krn panas banget, diluar ada sewa payung","4,0
/5",2 Jan 2024
Tiket Masuk Candi Prambanan,WZ,"nice temple in Indonesia, must visit, the check in also quick","4,0
/5",1 Jan 2024
Tiket Masuk Candi Prambanan,SS,"basically good, seeing the best temple in Indonesia","4,0
/5",1 Jan 2024
Tiket Masuk Candi Prambanan,Putri Jayanti,"High season, jd rame bgt","4,0
/5",1 Jan 2024
Tiket Masuk Candi Prambanan,AP,"Panaaaaassss, tapu bagus 🤣","4,0
/5",31 Dec 2023
Tiket Masuk Candi Prambanan,Ivan Yapari,Ada 4 candi yang bisa dikunjungi dalam kompleks candi prambanan,"4,0
/5",31 Dec 2023
Tiket Masuk Candi Prambanan,TV,"Beli online lebih murah, tapi pilihan kurang up-to-date, karena kalau beli di loket borobudur ada yg tiket terusan dapat 2 candi jatuhnya lebih murah, tapi saran saya kl mau beli 1 per 1, better di ha...","4,0
/5",30 Dec 2023
Tiket Masuk Candi Prambanan,Ema nor alfiani,Bagus banget pelayanan ramah,"4,0
/5",30 Dec 2023
Tiket Masuk Candi Prambanan,Lilia Ana,Fantasticcc. Semoga ada rejeki kesini lagi,"4,0
/5",29 Dec 2023
Tiket Masuk Candi Prambanan,PP,Pintu keluarnya melelahkan. Jalur panjang yang isinya pedagang2 manggil2in nyuruh beli,"4,0
/5",27 Dec 2023
Tiket Masuk Candi Prambanan,Ika Kurnia Rizkiyanti,Lebih murah 2 rb dari bayar on the spot,"4,0
/5",26 Dec 2023
Tiket Masuk Candi Prambanan,Hera Haryanti,bagus sekali seru bnyak buat spot fto,"4,0
/5",25 Dec 2023
Tiket Masuk Candi Prambanan,Titi Dumilah,Selalu menajubkan❤️❤️❤️❤️❤️❤️,"4,0
/5",21 Dec 2023
Tiket Masuk Candi Prambanan,AK,"Seru,penukaran cepat san murah. Ke loket no 2 untuk tukarnya, selamat liburan","4,0
/5",20 Dec 2023
Tiket Masuk Candi Prambanan,Eljani Hafafil Sukandar,"Sangat bagus, puas banget","4,0
/5",14 Dec 2023
Tiket Masuk Candi Prambanan,Andy Wibisono,Tiket.ckmteman setia perjalanan saya,"4,0
/5",10 Dec 2023
Tiket Masuk Candi Prambanan,Andy Wibisono,Tiket.com selalu di hati,"4,0
/5",10 Dec 2023
Tiket Masuk Candi Prambanan,Yuanse Omega Putra,Liburan dengan harga terbaik jangan lupa pesen tiketnya di tiket.com,"4,0
/5",10 Dec 2023
Tiket Masuk Candi Prambanan,Zendy Sugiono,Tiket.com pancen oye...!!!!,"4,0
/5",10 Dec 2023
Tiket Masuk Candi Prambanan,Wila Calolisa,Sukses terus tiket.com,"4,0
/5",10 Dec 2023
Tiket Masuk Candi Prambanan,Andy Wibisono,Tiket.com rekomendasi tiket obyek wisata,"4,0
/5",10 Dec 2023
Tiket Masuk Candi Prambanan,Andy Wibisono,Beli tiket obyek murah bisa di tiket.com aja.,"4,0
/5",10 Dec 2023
Tiket Masuk Candi Prambanan,Adi Sudiyatmo,Over all ok dan menyenangkan,"4,0
/5",7 Dec 2023
Tiket Masuk Candi Prambanan,AS,a good place to spend time with family👌🏻,"4,0
/5",3 Dec 2023
Tiket Masuk Candi Prambanan,Cyeva Primahasta,So stunning but ive lost my glasses,"4,0
/5",29 Nov 2023
Tiket Masuk Candi Prambanan,Resya Cahaya,Cantik banget sore sore🥲,"4,0
/5",27 Nov 2023
Tiket Masuk Candi Prambanan,NH,Lumayan seru Yg paling mengesankannya bsa di fto sm si tampan bule mexico,"4,0
/5",26 Nov 2023
Tiket Masuk Candi Prambanan,DG,"Beautiful structures and statues, would like more information but still worth a visit","4,0
/5",25 Nov 2023
Tiket Masuk Candi Prambanan,Mayka Tantri,mantap bgt si yg jualan tertata rapi jdi pelanggan nyaman ga di sruduk org2 jualan,"4,0
/5",24 Nov 2023
Tiket Masuk Candi Prambanan,Agustina Puspadini,"Bagus, dan sangat mengedukasi sejarah untuk anak","4,0
/5",24 Nov 2023
Tiket Masuk Candi Prambanan,Deand adi esa,"Seru bisa melihat sejarah indonesia, tempatnya juga indah, salah satu tempat healing yg recommend","4,0
/5",21 Nov 2023
Tiket Masuk Candi Prambanan,Rifki Badru Salam,Tempat sejarah yg bagus Namun di hari Senin tidak bisa masuk arena candi hanya di Selasar saja,"4,0
/5",20 Nov 2023
Tiket Masuk Candi Prambanan,Arie Nuryatun,sejarah yg ngga boleh dilupakan,"4,0
/5",17 Nov 2023
Tiket Masuk Candi Prambanan,AS,Mntap bangetttttttttttttttttt,"4,0
/5",22 Oct 2023
Tiket Masuk Candi Prambanan,Ahmad Nur Azis Safaat,Bagus sekali tempatnya nyaman,"4,0
/5",10 Oct 2023
Tiket Masuk Candi Prambanan,Yansep Parna Tavipma,Slalu pingin kesini dan tidak pernah bosan,"4,0
/5",6 Oct 2023
Tiket Masuk Candi Prambanan,Ferdy Hartono,Pemesanan mudah dan cepat,"4,0
/5",6 Oct 2023
Tiket Masuk Candi Prambanan,AN,"Beli tiket disini gak pake antri, tinggal scan aja.","4,0
/5",4 Oct 2023
Tiket Masuk Candi Prambanan,Nurhayati Nurhayati,Fun bingit............,"4,0
/5",1 Oct 2023
Tiket Masuk Candi Prambanan,Maria lystia Candrawati,"Pelayanan nya ramah, cepat dan memudahkan","4,0
/5",27 Sep 2023
Tiket Masuk Candi Prambanan,Safira Amanda,bagus menarik ramai bersih,"4,0
/5",26 Sep 2023
Tiket Masuk Candi Prambanan,Dicky Yulian Anantha,Keren! Simple tinggal scan aja,"4,0
/5",21 Sep 2023
Tiket Masuk Candi Prambanan,purnia dewi,Harga jauh lebih ekonomis,"4,0
/5",20 Sep 2023
Tiket Masuk Candi Prambanan,SK,"Bagus banget, ngga perlu antri. Tiket nya jga lebih murah beli di tiket.com.","4,0
/5",19 Sep 2023
Tiket Masuk Candi Prambanan,AH,"Kebersihan, kelengkapan fasilitas perlu ditingkatkan. Seperti tour guide dan brosur informasi sejarah.","4,0
/5",19 Sep 2023
Tiket Masuk Candi Prambanan,SM,Asikkk bagus apalagi sama temen²,"4,0
/5",18 Sep 2023
Tiket Masuk Candi Prambanan,Indah Syafitri,I like the view and vibe,"4,0
/5",18 Sep 2023
Tiket Masuk Candi Prambanan,NH,"Mantap, rapi, tp pas di jam sore rame visitor","4,0
/5",18 Sep 2023
Tiket Masuk Candi Prambanan,NH,"Mantap, rapi, tp pas di jam sore rame visitor","4,0
/5",18 Sep 2023
Tiket Masuk Candi Prambanan,FH,Tiket masuk bisa langsung masuk dapat diskon juga,"4,0
/5",16 Sep 2023
Tiket Masuk Candi Prambanan,Mario Prasetyo,Bagus dan keren banget,"4,0
/5",14 Sep 2023
Tiket Masuk Candi Prambanan,sandra andra,Seruu bgttt udah lama liburan sama keluarga,"4,0
/5",11 Sep 2023
Tiket Masuk Candi Prambanan,AN,"Tempat sangat nyaman untuk mengajak keluarga wisata, tempat sangat bersih dan terawat.","4,0
/5",11 Sep 2023
Tiket Masuk Candi Prambanan,NADHIA RAHMANI,"mantap, datang pas lagi ada event kaws keren","4,0
/5",10 Sep 2023
Tiket Masuk Candi Prambanan,IN,Bagus dan tempat tertip,"4,0
/5",10 Sep 2023
Tiket Masuk Candi Prambanan,RH,"Menyenangkan, proses penukaran tiket cepat, antrian tidak terlalu panjang. Kebetulan ada event “Kaws”, dan cukup ramai.","4,0
/5",7 Sep 2023
Tiket Masuk Candi Prambanan,Muhammad Farhan Fauzan,Kereen banyak fasilitas dan tempat² bermain,"4,0
/5",7 Sep 2023
Tiket Masuk Candi Prambanan,WI,Saya pikir beli tiket online tinggal scan barcode di pintu masuk .. ternyata masih aja ngantri di loket penukaran. Jd smaa aj kekk beli tiket offline,"4,0
/5",6 Sep 2023
Tiket Masuk Candi Prambanan,Irsya Azzahra Putri,👍👍👍👍🙌🙌🙌🙌😍😍😍😍✨✨✨✨,"4,0
/5",5 Sep 2023
Tiket Masuk Candi Prambanan,FATIMAH ISNAENI,Lebih mudah.. tinggal print etiket,"4,0
/5",4 Sep 2023
Tiket Masuk Candi Prambanan,IF,👍👍👍👍👍👍👍👍👍👍👍👍👍👍👍👍👍👍👍👍👍,"4,0
/5",3 Sep 2023
Tiket Masuk Candi Prambanan,DS,"Good place, good view","4,0
/5",3 Sep 2023
Tiket Masuk Candi Prambanan,IS,Instalasi KAWS membuat Prambanan semakin ramai dikunjungi. BEST,"4,0
/5",3 Sep 2023
Tiket Masuk Candi Prambanan,IN,Bagus bgt pas kesana waktu ada kaws. Ruame polll👊🏻👊🏻,"4,0
/5",2 Sep 2023
Tiket Masuk Candi Prambanan,Ananda Naufal Rifanzha,"Boleh lah, boleh lah bagus","4,0
/5",1 Sep 2023
Tiket Masuk Candi Prambanan,Dina Gustyani,Mantapp bestiiiiiiiiiiiie,"4,0
/5",1 Sep 2023
Tiket Masuk Candi Prambanan,Humaira Ikbar,Bagus karena bisa pesan tiket secara online..untuk mengurangi antre,"4,0
/5",1 Sep 2023
Tiket Masuk Candi Prambanan,Angela Lady,Beli online lebih cepet tp kudu direedem dulu tiketnya. Overall ini memudahkan daripda kudu antri diloket apalagi pas weekend,"4,0
/5",31 Aug 2023
Tiket Masuk Candi Prambanan,Rafli Nugroho,Bagus cepat dan mengesankan,"4,0
/5",31 Aug 2023
Tiket Masuk Candi Prambanan,NF,"Rame dan bagus Beli tiket gak perlu antri, kalo lewat tiket.com","4,0
/5",30 Aug 2023
Tiket Masuk Candi Prambanan,AN,"Seruu banget sih ini, pertama kali liat candi ahahah","4,0
/5",29 Aug 2023
Tiket Masuk Candi Prambanan,Giri Sujiwo,Nice place nice everything,"4,0
/5",29 Aug 2023
Tiket Masuk Candi Prambanan,Riri Aliya,Petugas ramah lingkungan bersih,"4,0
/5",28 Aug 2023
Tiket Masuk Candi Prambanan,NUR HAYATI,akan lebih efisien kalau bisa scan barcode langsung dari akun kita tanpa harus cetak fisik tiket dulu,"4,0
/5",28 Aug 2023
Tiket Masuk Candi Prambanan,Vanessha Wesly Charoline Tarigan,Okèeeeeeeeeeeeeeeeeeeeeeeeee,"4,0
/5",28 Aug 2023
Tiket Masuk Candi Prambanan,Citra Permata Putra,Keren dan sangat bagus,"4,0
/5",27 Aug 2023
Tiket Masuk Candi Prambanan,SF,Bsgus dsn fsilits oke,"4,0
/5",27 Aug 2023
Tiket Masuk Candi Prambanan,MA,redeem nya mudah tinggal scan barcode aja,"4,0
/5",26 Aug 2023
Tiket Masuk Candi Prambanan,GRACE HERNA CECILYA SINABUTAR,"Overall baguss, tapi panas bgt. Harus bawa payung/topi","4,0
/5",26 Aug 2023
Tiket Masuk Candi Prambanan,Novilia Tri Ikhsani,Candi prambanan mantab,"4,0
/5",24 Aug 2023
Tiket Masuk Candi Prambanan,Nevi S,Destinasi yg unik utk dikunjungi 👍,"4,0
/5",24 Aug 2023
Tiket Masuk Candi Prambanan,Marlando Marlando,Bagus dan bersih... Semoga selalu begitu,"4,0
/5",23 Aug 2023
Tiket Masuk Candi Prambanan,Adhitya Ramadhan,sayang ga ada signage buat scan tiket. jadi dibantu petugasnya lalu jadi tiket lagi. but still nice,"4,0
/5",23 Aug 2023
Tiket Masuk Candi Prambanan,Angga Caesar Framujiyanto,"If only you don't have to change online ticket to physical one, it would be better. Otherwise it's pretty convenience.","4,0
/5",21 Aug 2023
Tiket Masuk Candi Prambanan,Chandra Chandra,Bagus bangettt service dan view nya,"4,0
/5",20 Aug 2023
Tiket Masuk Candi Prambanan,Dea Gita Puspita,"Penjaganya baik banget dan ramah. Kamarnya juga lumayan bagus, bersih. Yg penting tempat strategis, deket kemana2","4,0
/5",20 Aug 2023
Tiket Masuk Candi Prambanan,NZ,keren banget cepet lebih murah sedikit,"4,0
/5",15 Aug 2023
Tiket Masuk Candi Prambanan,Miranda Dhyta Nofara,"Its an amazing place to visit. Some of the Candi are still under renovation which is a bummer, other than that its a nice way to understand the history and culture.","4,0
/5",11 Aug 2023
Tiket Masuk Candi Prambanan,NK,Lebih gampang kalau sudah booking online,"4,0
/5",10 Aug 2023
Tiket Masuk Candi Prambanan,Stefany Yulianda Colia,"Karena sepi, jadi berasa private","4,0
/5",3 Aug 2023
Tiket Masuk Candi Prambanan,Moh Abdun Najib,"Awal pertama aku ke sini itu pertama sekali ketemu samaa suamiku yang sekaranggg,tampatt ini menjadi tanah bukti cinta kami,,aku memilih kotaa jogjaa tempat anymoon kami karena bakalan jadi mrmbrkas d...","4,0
/5",30 Jul 2023
Tiket Masuk Candi Prambanan,SS,Good place dan akan datang kembali,"4,0
/5",30 Jul 2023
Tiket Masuk Candi Prambanan,Ilmi Pakarti Citra Dewi,I like thissssssssssss,"4,0
/5",29 Jul 2023
Tiket Masuk Candi Prambanan,Adhitya Lucky,proses pemesanan tiket wisata candi di prambanan jateng sangat cepat dan bagus. lebih baik lg dari aplikasi bs lgsg barcode untuk masuk..utk saat ini masih hrus cetak ulang di loket.kelemahan ada disn...,"4,0
/5",21 Jul 2023
Tiket Masuk Candi Prambanan,JF,"Keren, ga perlu antri.","4,0
/5",20 Jul 2023
Tiket Masuk Candi Prambanan,Haidir Ahsana,Good place to enjoy vacation,"4,0
/5",16 Jul 2023
Tiket Masuk Candi Prambanan,Desy Desy,Diasana puanas sedia topi atau payung,"4,0
/5",15 Jul 2023
Tiket Masuk Candi Prambanan,Herlina manalu,Sangat mudah ketika kita check in n ada loket sendiri beli tiket via tiket,"4,0
/5",15 Jul 2023
Tiket Masuk Candi Prambanan,Ivana Frandika Siboro,Bgus bgt next ksni lagi deh,"4,0
/5",13 Jul 2023
Tiket Masuk Candi Prambanan,SD,Beli tiket g prl antri,"4,0
/5",13 Jul 2023
Tiket Masuk Candi Prambanan,MA,Bersih dan nyaman petigas sangat membantu pengunjung yang dtg,"4,0
/5",12 Jul 2023
Tiket Masuk Candi Prambanan,DY,Biasa saja agak ribet tapi utk menjaga cagar budaya skrng lebih aman,"4,0
/5",12 Jul 2023
Tiket Masuk Candi Prambanan,Thalia Devega Tires,"Prambanan selalu indah sih, pesan disini jadi memudahkan 🙏","4,0
/5",11 Jul 2023
Tiket Masuk Candi Prambanan,kristiandi tedja,Pengalaman yang menyenangkan,"4,0
/5",11 Jul 2023
Tiket Masuk Candi Prambanan,RO,Area candi bagus dan terawat dengan baik,"4,0
/5",8 Jul 2023
Tiket Masuk Candi Prambanan,RO,Area candi bagus dan terawat dengan baik.,"4,0
/5",8 Jul 2023
Tiket Masuk Candi Prambanan,Grace Khoesuma,"Proses masuk lancar, suasana sekitar candi bagus menjelang sunset","4,0
/5",7 Jul 2023
Tiket Masuk Candi Prambanan,Justine Zohra Charollyne,Nice.. gampang pesen di tiket.com,"4,0
/5",7 Jul 2023
Tiket Masuk Candi Prambanan,BA,Harganya cuma diskon 1rb,"4,0
/5",6 Jul 2023
Tiket Masuk Candi Prambanan,Girindra Bimantara Putra,Susah harus cetak dulu,"4,0
/5",5 Jul 2023
Tiket Masuk Candi Prambanan,FP,"Keren, tempatnya bersih","4,0
/5",5 Jul 2023
Tiket Masuk Candi Prambanan,AS,"Beli tiket di tiket. Com lebih murah dan praktis, ga ribet harus ngantri di loket tiket.. Terimakasih","4,0
/5",4 Jul 2023
Tiket Masuk Candi Prambanan,Henra Pakpahan,👍👍 Bagusss Sseruuu Tapi puanasss poll,"4,0
/5",4 Jul 2023
Tiket Masuk Candi Prambanan,Maulidia Maulidia,Syg pas kesana prambanan nya ditutup,"4,0
/5",4 Jul 2023
Tiket Masuk Candi Prambanan,DD,"Bagus, tambah jasa guide supaya tau sejarah Prambanan.","4,0
/5",4 Jul 2023
Tiket Masuk Candi Prambanan,EKA SARNAWIA LATUCONSINA,"Masih tetep keren, tp emng panas banget sih, sarannya bawa payung deh","4,0
/5",3 Jul 2023
Tiket Masuk Candi Prambanan,Vodma Vodma,Mantap dah pokoknya josss,"4,0
/5",2 Jul 2023
Tiket Masuk Candi Prambanan,Andhika Pamungkas Santosa,Keren tapi panas harus bawa payung atau sewa 10rb,"4,0
/5",1 Jul 2023
Tiket Masuk Candi Prambanan,Hantrini Dolok Saribu,Keren banget. Saya suka,"4,0
/5",1 Jul 2023
Tiket Masuk Candi Prambanan,razan raisa,Bagus.....cuma capek karena luas banget.....saran aja klu ke Prambanan hbs tour candi kembalinya pake shutle aja cm 20rb per orang...👍😊,"4,0
/5",30 Jun 2023
Tiket Masuk Candi Prambanan,Siska Rianawati Hartojo,Bagus .. Harga nyaa oke ada promo juga,"4,0
/5",30 Jun 2023
Tiket Masuk Candi Prambanan,AL,"Prambanan keren, takjub lihat kemegahan candinya.","4,0
/5",29 Jun 2023
Tiket Masuk Candi Prambanan,Taniar Prismandini,"seru banget,, cocok utk rekreasi keluarga","4,0
/5",19 Jun 2023
Tiket Masuk Candi Prambanan,GS,good place to visit!!!,"4,0
/5",16 Jun 2023
Tiket Masuk Candi Prambanan,Rini Arianti,Sayangnya tutupnya cepet,"4,0
/5",15 Jun 2023
Tiket Masuk Candi Prambanan,Novan Nurryanto,makin rapih dan bagus,"4,0
/5",14 Jun 2023
Tiket Masuk Candi Prambanan,AB,memudahkann sekali👍👍👍,"4,0
/5",14 Jun 2023
Tiket Masuk Candi Prambanan,Ririn Komalasari,Pengalaman yg menyenangkan. Tiket juga mudsh lewat web,"4,0
/5",13 Jun 2023
Tiket Masuk Candi Prambanan,Robert ronaldo,"brngkat dr Malioboro... Naik busway 2A byr 3500 transit di bandara Adisucipto., Lanjut busway ke terminal Prambanan., dari situ naik becak 15 ribu. Belum berubah!! Brp kali kesini karena memang dulu k...","4,0
/5",12 Jun 2023
Tiket Masuk Candi Prambanan,Naufal Lazuardi,Bagus banget lokasinya untuk liburan bareng keluarga,"4,0
/5",8 Jun 2023
Tiket Masuk Candi Prambanan,Methasia Sri Rahayu,Keren..tapi capek banget jalannya,"4,0
/5",3 Jun 2023
Tiket Masuk Candi Prambanan,Dwi Lufitasari,Good................................,"4,0
/5",26 May 2023
Tiket Masuk Candi Prambanan,Citra Kirana,Mudah dan ada diskon...kerennnn,"4,0
/5",25 May 2023
Tiket Masuk Candi Prambanan,EA,Print ticket bisa dari mesin di dekat tempat penjualan ticket. Hanya saja sedikit membingungkan awalnya dan perlu di bantu petugas.,"4,0
/5",24 May 2023
Tiket Masuk Candi Prambanan,EA,Bebas dari antrian tiket kalau sudah beli sebelumnya. Mantap pokoknya,"4,0
/5",24 May 2023
Tiket Masuk Candi Prambanan,ID,Gak pernah bosen ksni trus,"4,0
/5",22 May 2023
Tiket Masuk Candi Prambanan,ID,Smga kedepannya bisa slalu bersih seperti skrang,"4,0
/5",22 May 2023
Tiket Masuk Candi Prambanan,Stefany Citrahati,luar biasa keren sekali,"4,0
/5",21 May 2023
Tiket Masuk Candi Prambanan,Chayatri Murniasih,"Jalannya tidak terlalu jauh seperti borobudur, tapi sayangnya tdk ada mesin jual minuman, jadi haru beli minuman di sana yg mahal sekali 😩","4,0
/5",21 May 2023
Tiket Masuk Candi Prambanan,Reni Anggraeni,Sayang datang hari senin ga bisa masuk ke palataran candi,"4,0
/5",19 May 2023
Tiket Masuk Candi Prambanan,Eka Fauziah,Perlu di tuker dengan tiket Fisik,"4,0
/5",17 May 2023
Tiket Masuk Candi Prambanan,FL,"salah satu peninggalan candi bersejarah, taman nya luas dan bersih, tersedia motor listrik yg bisa disewakan juga","4,0
/5",13 May 2023
Tiket Masuk Candi Prambanan,Arie pujianto,mudah cara reedem nya,"4,0
/5",12 May 2023
Tiket Masuk Candi Prambanan,aqila vianissa,"Meskipun beli online, masih harus antri, dan antriannya jadi satu sama yang beli offline, tapi untung cuma antri 1, antri untuk cetak qr code","4,0
/5",8 May 2023
Tiket Masuk Candi Prambanan,Yusmarni Witry,Wow bgusssssssss banget.....!!!!!,"4,0
/5",7 May 2023
Tiket Masuk Candi Prambanan,Ivana Nurani Mayuda,Disarankan dateng pagi. Kalo siang puanasnya puoooool,"4,0
/5",3 May 2023
Tiket Masuk Candi Prambanan,TV,"Beautiful temples, but expensive fees","4,0
/5",2 May 2023
Tiket Masuk Candi Prambanan,Ady Yono,Harga lebih murah ditiket.com dibanding beli diloket,"4,0
/5",30 Apr 2023
Tiket Masuk Candi Prambanan,NITA MARIYANA,Lumayan jd gak perlu antri,"4,0
/5",29 Apr 2023
Tiket Masuk Candi Prambanan,Delsa Maharani,"Karena cuaca mendung dan tempat lumayan sepi, jadinya lebih asik untuk eksplor, jujur bener-bener indah banget pemandangannya","4,0
/5",29 Apr 2023
Tiket Masuk Candi Prambanan,Mulyadi M,Redeem tiketnya mudah,"4,0
/5",29 Apr 2023
Tiket Masuk Candi Prambanan,Setya Wijayanti,harga bisa lebih murah,"4,0
/5",27 Apr 2023
Tiket Masuk Candi Prambanan,SW,mudah pemesannya bisa dimanapun dan kapanpun,"4,0
/5",27 Apr 2023
Tiket Masuk Candi Prambanan,GC,"Good, dateng kesini kedua kalinya tetep seru abis","4,0
/5",27 Apr 2023
Tiket Masuk Candi Prambanan,Romadhoni Muhammad Ihqrom,Bagus Dan murah Karena ini juga bisa mengenal sejarahnya,"4,0
/5",26 Apr 2023
Tiket Masuk Candi Prambanan,DS,"Bagus dan ramai bgt, sampai djsana jam 2 sore, panas bgt. jgn lupa bawa topi","4,0
/5",25 Apr 2023
Tiket Masuk Candi Prambanan,Rico Rico,"Bagus, situs bersejarah","4,0
/5",25 Mar 2023
Tiket Masuk Candi Prambanan,Irmalia Anggrahini,sempat menunggu krn tiket ngga bs diprint..tp sm mbak yg jaga loketnya langsung dipanggilin bagian IT nya dan 5menit kemudian bisa ngeprint deh,"4,0
/5",24 Mar 2023
Tiket Masuk Candi Prambanan,Rita Yuningsih,Alhamdulillah sekarang sudah bisa masuk kedalam candi,"4,0
/5",24 Mar 2023
Tiket Masuk Candi Prambanan,Iin Iin,Pas kesnaa panas fulll hahah,"4,0
/5",20 Mar 2023
Tiket Masuk Candi Prambanan,Ariazardi Pratama,Untuk solo traveller dsarankan pada weekday,"4,0
/5",20 Mar 2023
Tiket Masuk Candi Prambanan,Ulfa Miranda Damanik,Bagus banget...........,"4,0
/5",13 Mar 2023
Tiket Masuk Candi Prambanan,AS,"Mantapp, seru dan menyenangkan apalagi beli tiketnya udah bisa melalui tiket.com","4,0
/5",3 Mar 2023
Tiket Masuk Candi Prambanan,Ulfita Noviani Rizky,Karna lgi hamil dan ketemu bule disana jdi seneng banget bawaan nya,"4,0
/5",24 Feb 2023
Tiket Masuk Candi Prambanan,Bentar Candra,ciamik dan cepat redeem nya,"4,0
/5",23 Feb 2023
Tiket Masuk Candi Prambanan,Eni Rochaeni,Pasbagian bayar foto... minta file bayar lagi 10 ribuuu....,"4,0
/5",23 Feb 2023
Tiket Masuk Candi Prambanan,Nugroho Dion Koestantio,Mantap pertahankan lah,"4,0
/5",15 Feb 2023
Tiket Masuk Candi Prambanan,Galih Prasetyo,Palembanghrhehehehehr,"4,0
/5",11 Feb 2023
Tiket Masuk Candi Prambanan,AI,Aktifitas nya lumayan bagus,"4,0
/5",11 Feb 2023
Tiket Masuk Candi Prambanan,WS,reservasi lewat tiket.com dapat diskon lumayan dan gak perlu antri loket tinggal self print di kiosk,"4,0
/5",10 Feb 2023
Tiket Masuk Candi Prambanan,MP,"Suasana hampir sama seperti Candi Borobudur, area penataan pintu masuk dan keluar sama di desain agar ketika Keluar langsung bisa membeli oleh-oleh.","4,0
/5",8 Feb 2023
Tiket Masuk Candi Prambanan,DA,Tempat hiburan yang seru,"4,0
/5",2 Feb 2023
Tiket Masuk Candi Prambanan,MM,Seru ..........................,"4,0
/5",1 Feb 2023
Tiket Masuk Candi Prambanan,Muhammad Zaqi Reza,Puas cuma gak bisa masuk kedalam candi lagi hanya dihalaman nya saja,"4,0
/5",28 Jan 2023
Tiket Masuk Candi Prambanan,DH,👍🏼👍🏼👍🏼 ceper sekali proses pemesanan,"4,0
/5",26 Jan 2023
Tiket Masuk Candi Prambanan,Sobat Tiket,Harga lebih murah. Tempatnya cocok untuk Dateng bareng keluarga,"4,0
/5",24 Jan 2023
Tiket Masuk Candi Prambanan,Gede Bayu Putra Sanjaya,Sedikit bermasalah pada tiket ketika ingin masuk ke Candi..semoga kesalahan sistem bisa diperbaiki,"4,0
/5",24 Jan 2023
Tiket Masuk Candi Prambanan,Tio Pratana,Baguss...gk akan nyeseal,"4,0
/5",23 Jan 2023
Tiket Masuk Candi Prambanan,Rizky Annisa,Candinya masih belum dibuka,"4,0
/5",23 Jan 2023
Tiket Masuk Candi Prambanan,Wella Multi Anugrah,Masuknya harus lapor utk scan tiket lg ke adminnya. Ternyata tiap senen ga bs masuk sampe ke dekat daerah candi nya. Tp tidak ada pemberitahuannya. Pas sampe sana baru di kasih tau. Pas pula kita ksan...,"4,0
/5",19 Jan 2023
Tiket Masuk Candi Prambanan,FARIZ ALFAROBI HARAHAP,"Bagus, cepat juga proses nya cuma agak panas aja di prambanan","4,0
/5",19 Jan 2023
Tiket Masuk Candi Prambanan,A,Candi nya pada ancur woyy,"4,0
/5",17 Jan 2023
Tiket Masuk Candi Prambanan,Aldo Dwi Putra Pasaribu,"bagus si, cuma sial aja datang hari senin ga bisa masuk ke dlm candi perambanan, walupun begitu masih banyak juga lagi candi yg lain, ya aman si","4,0
/5",17 Jan 2023
Tiket Masuk Candi Prambanan,Gapman Purba,Agagag ddndnndn jdjdjjdn jdnnd,"4,0
/5",16 Jan 2023
Tiket Masuk Candi Prambanan,Inma Irawati,Bagus.. semoga tetap dijaga candi borobudur jangan sampai rusakk,"4,0
/5",1 Jan 2023
Tiket Masuk Candi Prambanan,Andi Nur Halisyah,"Baguss banget , tertib , bersih juga","4,0
/5",1 Jan 2023
Tiket Masuk Candi Prambanan,Risma Yulita,keren bangett. beli di tiket.com jadi lebih mudah,"4,0
/5",27 Dec 2022
Tiket Masuk Candi Prambanan,DP,Pelayanannya ramah bgt,"4,0
/5",27 Dec 2022
Tiket Masuk Candi Prambanan,SC,Bagus next time kesini lagi,"4,0
/5",27 Dec 2022
Tiket Masuk Candi Prambanan,Andrianto Tanggian,Bangunan candi peninggalan zaman dahulu yang bagus..,"4,0
/5",24 Dec 2022
Tiket Masuk Candi Prambanan,AY,"walau gak bisa ke dlm candi, lumayan tidak terlalu ramai jd msh bisa foto2 sama anak. jgn lupa naik shuttle bayar 20 ribu ngiterin komplek. harga oleh2 juga gak gitu mahal","4,0
/5",24 Dec 2022
Tiket Masuk Candi Prambanan,Edwar Edwar,"Cepat, praktis dan membantu","4,0
/5",21 Dec 2022
Tiket Masuk Candi Prambanan,MU,Baguuuuuuus banget aset aset nya,"4,0
/5",17 Dec 2022
Tiket Masuk Candi Prambanan,WS,Nice suasana didalamnya menyengkan,"4,0
/5",16 Dec 2022
Tiket Masuk Candi Prambanan,Willy Willy,"Easy to redeem, there's a dedicated machine. Unfortunately, it's raining there","4,0
/5",14 Dec 2022
Tiket Masuk Candi Prambanan,RS,"Tiket anak lebih murah beli offline. Persewaan golf car cukup membantu keluarga dg anak kecil dan lansia, karena jarak satu candi ke candi lain lumayan jauh","4,0
/5",23 Nov 2022
Tiket Masuk Candi Prambanan,Tifanny Dugrin,"Ya boleh lah beli disini dapat diskon, tapi kalau bisa tiket nya berlaku nya dinperpanjang Takut nya pas hari H zobk kek hujan dan giana gimana Kalau di berlangkukan jangka waktu nya kan lebih enak la...","4,0
/5",21 Nov 2022
Tiket Masuk Candi Prambanan,Novita Sari,Keren. Tapi kalo mau pake tour guide bayar 100k.,"4,0
/5",14 Nov 2022
Tiket Masuk Candi Prambanan,Restu Sukmawati,Lebih banyak lagi macam rasa gelato yg dijual didalam,"4,0
/5",14 Nov 2022
Tiket Masuk Candi Prambanan,utami winarti,Bagus tempatnya bersih,"4,0
/5",13 Nov 2022
Tiket Masuk Candi Prambanan,Nandi Riyandi,Good dapat diskon g3de ntapssss,"4,0
/5",12 Nov 2022
Tiket Masuk Candi Prambanan,AD,Goooooooooooooddddddddddddd,"4,0
/5",12 Nov 2022
Tiket Masuk Candi Prambanan,LA,"seruu dan menarik, historis","4,0
/5",11 Nov 2022
Tiket Masuk Candi Prambanan,Nita Fransiska sitompul,Lebih murah dan lebih praktis pakai tiket com,"4,0
/5",9 Nov 2022
Tiket Masuk Candi Prambanan,HH,baguss cuma vanasss kalau ada yg nawarin sewa payung mending ambil deh dr pada muka gosong wkwkw,"4,0
/5",6 Nov 2022
Tiket Masuk Candi Prambanan,Ani Sri Wahyuni,Penukaran dipandu petugas,"4,0
/5",27 Oct 2022
Tiket Masuk Candi Prambanan,Lisa Sandra,Tempat wisata yang bagus,"4,0
/5",25 Oct 2022
Tiket Masuk Candi Prambanan,EF,Family trip seru sambil belajar,"4,0
/5",15 Oct 2022
Tiket Masuk Candi Prambanan,RH,lumayan lbh murah. cuma masuk ke sistem prambanannya lama kl beli mll tiket com on spot.,"4,0
/5",15 Oct 2022
Tiket Masuk Candi Prambanan,Wisnu Setiadi Nugroho,Mempermudah pembelian tiket namun mesin check-in masih bermasalah (harus tetap dibantu petugas akhirnya),"4,0
/5",11 Oct 2022
Tiket Masuk Candi Prambanan,IS,Lumayan bagus. Tapi sepatu saya rusak karena jalan masih kerikil.,"4,0
/5",9 Oct 2022
Tiket Masuk Candi Prambanan,YN,Okeeèeee......jln jln,"4,0
/5",2 Oct 2022
Tiket Masuk Candi Prambanan,KM,"bagus, bisa memahami lebih dalam lagi mengenai situs budaya dari indonesia sendiri dan pastinya banyak spot-spot foto yang menarik untuk menikmati keindahan candi prambanan ini tentunya, banyak sekali...","4,0
/5",1 Oct 2022
Tiket Masuk Candi Prambanan,Nico Rudyanto,sangat menyenangkan.,"4,0
/5",24 Sep 2022
Tiket Masuk Candi Prambanan,SP,Sangat bagus sekali cocok untuk liburan bersama keluarha,"4,0
/5",20 Sep 2022
Tiket Masuk Candi Prambanan,SD,"Nice, worth to visit","4,0
/5",19 Sep 2022
Tiket Masuk Candi Prambanan,IL,Amazing experience and going easy,"4,0
/5",12 Sep 2022
Tiket Masuk Candi Prambanan,Yudhi Setiawan,"Seru, tapi sayang tidak bisa naik ke atas candi nya","4,0
/5",10 Sep 2022
Tiket Masuk Candi Prambanan,Albert Marbun,Msh dlm perbaikan semoga cepat selesai,"4,0
/5",7 Sep 2022
Tiket Masuk Candi Prambanan,Desy Anggraini,"Mantap tapi ada yg kurang ,,g bisa foto 2 ditangga candi karna ad renov","4,0
/5",31 Aug 2022
Tiket Masuk Candi Prambanan,EJ,Mantap lah traveling nya!,"4,0
/5",25 Aug 2022
Tiket Masuk Candi Prambanan,ND,Pekerja disana apalagi petugas kebersihannya pada ramah semua pada baik mau diminta tolong fotoin dan niat banget fotoinnya sampe berulang kali bahkan ada yang sampe jelas sejarahnya candi berasa puny...,"4,0
/5",24 Aug 2022
Tiket Masuk Candi Prambanan,NAGARJUNA VIRYA,"What a historical spot, situated in strategic location","4,0
/5",17 Aug 2022
Tiket Masuk Candi Prambanan,Natasya Maudina,"candi prambanan bagus banget, kita bisa mendekat ke candi keren deh pokoknya .lebih suka ke candi prambanan daripada ke candi borobudur ..","4,0
/5",17 Aug 2022
Tiket Masuk Candi Prambanan,novi noviyanti,Kemana2 jd gampang To do,"4,0
/5",15 Aug 2022
Tiket Masuk Candi Prambanan,NP,masuk dengan instan melalui aplikasi tiket dot com tanpa antrian,"4,0
/5",7 Aug 2022
Tiket Masuk Candi Prambanan,CP,"kesini sama mama,cuma ga bisa naik kedalam candi aja kok","4,0
/5",2 Aug 2022
Tiket Masuk Candi Prambanan,sri rahayu,tempat liburan yang cocok bersama keluarga,"4,0
/5",2 Aug 2022
Tiket Masuk Candi Prambanan,Restu Errya Murty,gk bisa masuk candinya,"4,0
/5",1 Aug 2022
Tiket Masuk Candi Prambanan,AU,baguss.. kalo gak kuat panas disarankan pake topi atau payung,"4,0
/5",29 Jul 2022
Tiket Masuk Candi Prambanan,Sari Fa,"Tempat yang bagus buat liburan keluarga sekaligus edukasi anak""","4,0
/5",28 Jul 2022
Tiket Masuk Candi Prambanan,Fitria Nur Laila,Proses cepat. Gampang.,"4,0
/5",20 Jul 2022
Tiket Masuk Candi Prambanan,saiaa saiaa,bagus sekali loh candinya,"4,0
/5",17 Jul 2022
Tiket Masuk Candi Prambanan,Santy Santy,cepat prosesnya..tq,"4,0
/5",14 Jul 2022
Tiket Masuk Candi Prambanan,FI,Beli tiket di tiket.com gamoang dan murah. Saat di Prambanan pun gampang hanya tgl scan saja. Overall pengalaman saya ke Prambanan cukup baik.,"4,0
/5",14 Jul 2022
Tiket Masuk Candi Prambanan,DD,"wonderful visit. only need improvement on the public toilet. for a UNESCO site, i think it can be better.","4,0
/5",13 Jul 2022
Tiket Masuk Candi Prambanan,NN,"Bagus, proses ticketing mudah dan cepat","4,0
/5",13 Jul 2022
Tiket Masuk Candi Prambanan,Albert Marbun,lancar seperti biasa,"4,0
/5",12 Jul 2022
Tiket Masuk Candi Prambanan,RP,"Bagian tiketing yg berjaga kurang informatif terkait tiket online, jadi kami diminta antri di loket walau sudah pesan online, sudah capek antri ternyata tiketnya bisa dicetak mandiri.","4,0
/5",11 Jul 2022
Tiket Masuk Candi Prambanan,RS,lumayan cepat karena dibantu petugas,"4,0
/5",10 Jul 2022
Tiket Masuk Candi Prambanan,NM,kerenn cepet gk perlu antri panjang.,"4,0
/5",10 Jul 2022
Tiket Masuk Candi Prambanan,EF,sangat memudahkan tiketnya langsung cetak tanpa antri,"4,0
/5",9 Jul 2022
Tiket Masuk Candi Prambanan,Supriyatna Supriyatna,wisata keluarga yg cukup menyenangkan selain melihat situs candi prambanan kami pun keliling melihat situs-situsbcandi lainnya yg berada di dalam komplek prambanan menggunakan scooter electric.,"4,0
/5",7 Jul 2022
Tiket Masuk Candi Prambanan,TT,"Easy to exchange, cheaper also","4,0
/5",3 Jul 2022
Tiket Masuk Candi Prambanan,FR,Wisata yg sangat edukatif,"4,0
/5",3 Jul 2022
Tiket Masuk Candi Prambanan,dana dana,"bagus.. pas banget bertepatan event Parambanan Jazz 2022. Jadi bisa nonton gratis di big screen.. ada Tulus, padi reborn, dll","4,0
/5",3 Jul 2022
Tiket Masuk Candi Prambanan,Diah Vitaloka,ok bgt lah pokok nya sip,"4,0
/5",2 Jul 2022
Tiket Masuk Candi Prambanan,RA,bagus dan keren banget,"4,0
/5",29 Jun 2022
Tiket Masuk Candi Prambanan,JUNAEDI JUNAEDI,"bagus, hanya sedang ada perbaikan","4,0
/5",29 Jun 2022
Tiket Masuk Candi Prambanan,Chandra Wijaya,keren bisa bikin candi seperti itu di masa lalu,"4,0
/5",27 Jun 2022
Tiket Masuk Candi Prambanan,DF,InshaAllah di segerakan buat balik ke jogja lagi aamiin,"4,0
/5",24 Jun 2022
Tiket Masuk Candi Prambanan,TP,"Tempatnya bagus, fasilitasnya lengkap, di temani tour guide yg baik dan ramah, jalan"" ke candi prambanan jadi semakin berkesan dan bertambah ilmu","4,0
/5",16 Jun 2022
Tiket Masuk Candi Prambanan,Indah Waichsani,"goood, proses print mudah","4,0
/5",15 Jun 2022
Tiket Masuk Candi Prambanan,M Syams F Firdaus,"dengan tiket.com proses masuk nya lebih mudah, tempatnya bersih dan cocok untuk berfoto","4,0
/5",15 Jun 2022
Tiket Masuk Candi Prambanan,YA,Pertama kali datang ke candi rasanya sangat senang bisa sampai ke sini sudah lama niatnya baru sekarang kesampaian.,"4,0
/5",14 Jun 2022
Tiket Masuk Candi Prambanan,UA,bagus...................,"4,0
/5",13 Jun 2022
Tiket Masuk Candi Prambanan,Sazida Nazela,one of my favorite temple 💞,"4,0
/5",12 Jun 2022
Tiket Masuk Candi Prambanan,wenny ferdiany,seruuuuuuu..bagus utk edukasi dan spot foto,"4,0
/5",11 Jun 2022
Tiket Masuk Candi Prambanan,eka pratiwi,Thks tiket.com atas tiket gratisanya,"4,0
/5",7 Jun 2022
Tiket Masuk Candi Prambanan,CM,Datang ke lokasi hanya memperlihatkan barcode tiket lgsg bisa masuk. Cutoff waktu antri banyak banget. Oke banget sih pake tiket.com nih,"4,0
/5",6 Jun 2022
Tiket Masuk Candi Prambanan,YU,Pertama kali kesini dan kebetulan dapat cuaca yang sangat cerah jadi happy banget kesini. Walau pun spot ke atas ditutup tapi tetap dapat kesan yang baik. Dan kaget beneran ada candi sebesar ini di In...,"4,0
/5",5 Jun 2022
Tiket Masuk Candi Prambanan,CI,"Punya kenangan kocak disini. Lagi honeymoon sama suami, jalan2 ke prambanan. Eh tiba tiba istrinya mantan kepanasan terus masukkin aku ke closefriend cm buat nyindir, pas di dm malah gak di reas alias...","4,0
/5",5 Jun 2022
Tiket Masuk Candi Prambanan,WW,"sayang tidak bisa masuk kedalam candi, hanya dibagian halaman saja","4,0
/5",4 Jun 2022
Tiket Masuk Candi Prambanan,Katherine Rosanna Nathania Fadjar,"masih blm bisa msuk ke dalam candi nya, masih dihalaman saja","4,0
/5",1 Jun 2022
Tiket Masuk Candi Prambanan,AW,"bagus , eksotis , lumayan","4,0
/5",30 May 2022
Tiket Masuk Candi Prambanan,FC,"akses mudah, tanpa antri, lebih murah juga daripada beli di loket.. beli online on the spot, bisa langsung digunakan juga, oke dah..","4,0
/5",29 May 2022
Tiket Masuk Candi Prambanan,AO,"Lokasi dekat jalan utama, bagus","4,0
/5",28 May 2022
Tiket Masuk Candi Prambanan,DONNA MAYA NURUL JANNATI,worth it sih dgn harga tiket masuk segitu trbayarkan dgn view yg indah,"4,0
/5",27 May 2022
Tiket Masuk Candi Prambanan,Charissa Januaristhy Moningka,"Sengaja beli tiket masuk lebih dulu lewat tiket.com karena wisata dengan seluruh keluarga. Pilihan tepat banget, jadinya saat pemeriksaan kami langsung diperbolehkan masuk dengan hanya menunjukkan buk...","4,0
/5",23 May 2022
Tiket Masuk Candi Prambanan,MM,"Bagus, Bersih, Luas","4,0
/5",21 May 2022
Tiket Masuk Candi Prambanan,Albert Marbun,msh dalam perbaikan candi jd kurang bebas berexpresi tp masih tetap nyaman dan aman.,"4,0
/5",20 May 2022
Tiket Masuk Candi Prambanan,SA,"berkesan sekali , saya senang","4,0
/5",20 May 2022
Tiket Masuk Candi Prambanan,Hesti Dwi Nola Camelia,Kalau mau kesini pagi kalau jam 10 keatas udh rame,"4,0
/5",19 May 2022
Tiket Masuk Candi Prambanan,Eka Wati,"candi prambanan besar..luas bagus sekali pemandangannya oke. namun untuk masuknya klo yg sudah pesen tiket online baik traveloka,tiket.com ga perlu print tiket gpp bisa lgsg scan lwt hp bisa .saran aj...","4,0
/5",15 May 2022
Tiket Masuk Candi Prambanan,Riana Riana,bersih dan masih tertata. hanya panassssss...,"4,0
/5",13 May 2022
Tiket Masuk Candi Prambanan,YY,tiketnya murah next pesen lagi yaaaa,"4,0
/5",13 May 2022
Tiket Masuk Candi Prambanan,DESAK AYU PUSPITA AKS,bagus dan indahh ...................,"4,0
/5",11 May 2022
Tiket Masuk Candi Prambanan,OO,"salah satu Candi besar dengan bangunan rupawan, penting buat menunjukkan ke anak-anak warisan budaya yang bernilai tinggi ini","4,0
/5",11 May 2022
Tiket Masuk Candi Prambanan,Amsar rudin,tempat nya bagus dan indah,"4,0
/5",9 May 2022
Tiket Masuk Candi Prambanan,Wini Yunita,banyak hal yg baru yg. bisa kita lakuin SMA keluarga,"4,0
/5",9 May 2022
Tiket Masuk Candi Prambanan,LM,Pemesanan mudah tapi harus cetak tiket lagi di tempat,"4,0
/5",9 May 2022
Tiket Masuk Candi Prambanan,YS,amazing 😍 ... pengen kesana lagi.. semua tertata rapi kerennnn,"4,0
/5",8 May 2022
Tiket Masuk Candi Prambanan,Cut Maryanti,00000000000000000.............,"4,0
/5",8 May 2022
Tiket Masuk Candi Prambanan,lusiana wati,"bagus, sayang gak bisa masuk ke candi ya","4,0
/5",7 May 2022
Tiket Masuk Candi Prambanan,ayu juliyanti,"keren banget , dan ramai","4,0
/5",7 May 2022
Tiket Masuk Candi Prambanan,ZZ,"pas mendung, hujan pulang ny","4,0
/5",7 May 2022
Tiket Masuk Candi Prambanan,MF,bagus cocok untuk liburan,"4,0
/5",7 May 2022
Tiket Masuk Candi Prambanan,TN,bagus anak anak senang,"4,0
/5",6 May 2022
Tiket Masuk Candi Prambanan,NITA MARIYANA,Enak Gak harus antri,"4,0
/5",6 May 2022
Tiket Masuk Candi Prambanan,Eko perasetiyo,serrruuuuu looohhhh,"4,0
/5",6 May 2022
Tiket Masuk Candi Prambanan,Rita Rita,Bagus sekali untung ada tiket.com memudahkan,"4,0
/5",4 May 2022
Tiket Masuk Candi Prambanan,RP,mudah sekali pake tiket nya ga antri,"4,0
/5",4 May 2022
Tiket Masuk Candi Prambanan,SP,sangat bagus wisatanya dan ingin mengunjungi kembali,"4,0
/5",4 May 2022
Tiket Masuk Candi Prambanan,Bambang Ariyo,"keluarga senang,harga di tiket lebih murah sedikit daripada beli langsung lebih mahal.","4,0
/5",3 May 2022
Tiket Masuk Candi Prambanan,Floren Leo,Beli lewat tiket.com semua serba cepat jadi tidak perlu antri lagi tinggal masuk scan barcode nya,"4,0
/5",3 May 2022
Tiket Masuk Candi Prambanan,GG,sayangnya disini gk ada paket sbung candi boko,"4,0
/5",1 May 2022
Tiket Masuk Candi Prambanan,ZP,solusi biar gak antri panjang pas liburan,"4,0
/5",14 Apr 2022
Tiket Masuk Candi Prambanan,Dosinta Ervina Sitompul Sitompul,bgs aja... bersihjg,"4,0
/5",4 Apr 2022
Tiket Masuk Candi Prambanan,AT,"Sungguh sangaat indah sekali ,,,,,👍👍👍👍","4,0
/5",2 Apr 2022
Tiket Masuk Candi Prambanan,BT,Menikmati suasana Prambanan 😍,"4,0
/5",2 Apr 2022
Tiket Masuk Candi Prambanan,HS,"datang kesini saat hari Senin jd tidak boleh masuk dal candi, hanya bisa sampai zona , tp cukup puas jalan2 di area candi.","4,0
/5",31 Mar 2022
Tiket Masuk Candi Prambanan,DF,Mudah ditukarkan dan ga perlu antre,"4,0
/5",9 Mar 2022
Tiket Masuk Candi Prambanan,CC,"lumayan bagus tempatnya, bersih dan asri. untuk harga terjangkau. Ada fasilitas kereta2an yg bisa keliling prambanan sampe pintu exit.","4,0
/5",9 Mar 2022
Tiket Masuk Candi Prambanan,marta juwita,"masih blm bs masuk ke candinya, msh hanya sekitar platarannya","4,0
/5",5 Mar 2022
Tiket Masuk Candi Prambanan,SA,keren pemandangannya .. mebantu dengan adanya tiket online,"4,0
/5",1 Mar 2022
Tiket Masuk Candi Prambanan,Nur Setyaningsih,good bangets ya👍👍👍👍👍👍👍👍,"4,0
/5",28 Feb 2022
Tiket Masuk Candi Prambanan,Robi Hermansyah,"tempat yang bersih ,dan booking tiket dari aplikasi tiket.com sangat membantu","4,0
/5",17 Feb 2022
Tiket Masuk Candi Prambanan,Cutanita Maroktavianti,Tempat Berlibur menyenangkan bersama keluarga,"4,0
/5",3 Feb 2022
Tiket Masuk Candi Prambanan,SK,"Cukup bagus, walaupun harus jalan jauh","4,0
/5",30 Jan 2022
Tiket Masuk Candi Prambanan,A,Sangat Penuh Dengan cerita sejarah zaman dahulu,"4,0
/5",17 Jan 2022
Tiket Masuk Candi Prambanan,DS,lebih mudah dengan membeli tiket online,"4,0
/5",13 Jan 2022
Tiket Masuk Candi Prambanan,YY,"masih belum bisa masuk ke dalam candi..keseluruhan tetap nyaman, prokes tetap ketat oleh petugas, sudah tertata lebih rapi..","4,0
/5",11 Jan 2022
Tiket Masuk Candi Prambanan,WT,Prambanan Temple dengan banyak kisah dan history nya 🙏🏻,"4,0
/5",8 Jan 2022
Tiket Masuk Candi Prambanan,SW,nice view di hari yg cerah 💕,"4,0
/5",29 Dec 2021
Tiket Masuk Candi Prambanan,abdul rohman wachid,bersih.. indah.. destinasi wajib untuk dikunjungi,"4,0
/5",28 Dec 2021
Tiket Masuk Candi Prambanan,TU,kereeeeeen bgtttttttt,"4,0
/5",14 Dec 2021
Tiket Masuk Candi Prambanan,JN,"good, promonya tambah lagi dongg","4,0
/5",13 Dec 2021
Tiket Masuk Candi Prambanan,Ai Sukaenah,"ok, tempat bagus tapi sayang tidak bisa masuk ke dalam candi karena peraturan covid...","4,0
/5",11 Dec 2021
Tiket Masuk Candi Prambanan,DS,😁😁😁😁😁😁😁😁😁😁😁😁,"4,0
/5",10 Dec 2021
Tiket Masuk Candi Prambanan,Iran Ariyanto,bagus banget sayang gak bisa naik ke lokasi candi,"4,0
/5",7 Dec 2021
Tiket Masuk Candi Prambanan,Iran Ariyanto,bagus... tetapi tidak bisa naik ke candi karena masih ditutup,"4,0
/5",7 Dec 2021
Tiket Masuk Candi Prambanan,Dody Ariyanto,Mesin eror tiket sudah ter redeem tapi ga mau keluar print out nya. Tetapi petugas dengan sigap membantu,"4,0
/5",30 Nov 2021
Tiket Masuk Candi Prambanan,Amalina Hanifati,Membantu sekali jadi gak perlu antri lagi,"4,0
/5",22 Nov 2021
Tiket Masuk Candi Prambanan,Amrizal Jalu Suhartono,Panas but fun langitnya bagus kalau cuaca mendukung,"4,0
/5",18 Nov 2021
Tiket Masuk Candi Prambanan,YO,"Harga lebih murah , beda dikit daripada langsung beli di lokasi.","4,0
/5",16 Nov 2021
Tiket Masuk Candi Prambanan,Nita Anggraeni,bagus bersih indah nyaman,"4,0
/5",13 Nov 2021
Tiket Masuk Candi Prambanan,SN,baik sekali. tetapi lagi ada perbaikan jdi tidak bisa masuk,"4,0
/5",13 Nov 2021
Tiket Masuk Candi Prambanan,AH,bagus tapi gabisa foto diatasnya lagi pencucian,"4,0
/5",10 Nov 2021
Tiket Masuk Candi Prambanan,Diga Mulya,akses cepat pelayanan bagus,"4,0
/5",5 Nov 2021
Tiket Masuk Candi Prambanan,HF,It's such an easy way to enter and see the magnificient Prambanan. Thank u.,"4,0
/5",29 Oct 2021
Tiket Masuk Candi Prambanan,Bondan Wicaksono,"Semuanya jadi serba mudah dengan pembelian melalui tiket.com Tidak perlu antri seperti pembelian on the spot. Alhamdulillahnya lagi dapet potongan 50k. Begitu sampai, langsung ke mesin penukaran. Hany...","4,0
/5",25 Oct 2021
Tiket Masuk Candi Prambanan,US,keren waw keren waw,"4,0
/5",4 Oct 2021
Tiket Masuk Candi Prambanan,Ilham Gilang,"lebih bersih, prokes nya good","4,0
/5",19 Jun 2021
Tiket Masuk Candi Prambanan,SA,bagus rekomendasi banget,"4,0
/5",6 Jun 2021
Tiket Masuk Candi Prambanan,Daniel Hasugian,Bersih dan enak untuk wisata keluarga,"4,0
/5",8 May 2021
Tiket Masuk Candi Prambanan,Edward William,"sangat bagus, lokasi wisata jg sangat mentaati protokol kesehatan yg berlaku","4,0
/5",26 Apr 2021
Tiket Masuk Candi Prambanan,MP,Penukaran voucher lebih mudah dan harga lebih murah dibanding di counter. Thx tiket.com !,"4,0
/5",23 Apr 2021
Tiket Masuk Candi Prambanan,TS,beli online tetap aja harus antri loketnya buat ambil karcis. ya masih manual intinya,"3,0
/5",8 Apr 2025
Tiket Masuk Candi Prambanan,Imam Fahroni,Mayannn...........lahhh mayan,"3,0
/5",15 Feb 2025
Tiket Masuk Candi Prambanan,indra indra,biasa aja biasa aja biasa aja biasa aja biasa aja,"3,0
/5",14 Jan 2025
Tiket Masuk Candi Prambanan,LR,Pakai ticket.com tdk antri,"3,0
/5",6 Jan 2025
Tiket Masuk Candi Prambanan,Slamet Riyadi Yacob,"Meski pas liburan, tapi masih dapat bisa menikmati","3,0
/5",6 Jan 2025
Tiket Masuk Candi Prambanan,A,It's a very nice temple complex. But to avoid in a hot sunny day because there's no shadow,"3,0
/5",16 Oct 2024
Tiket Masuk Candi Prambanan,Hazlina Tarigan,"Bagus, nyaman untuk traveling. Staff jg ramah","3,0
/5",5 Oct 2024
Tiket Masuk Candi Prambanan,KRISTIAN HERI NATAL LUMBAN BATU,Menemukan tugas yangbtidak ramah,"3,0
/5",3 Oct 2024
Tiket Masuk Candi Prambanan,KRISTIAN HERI NATAL LUMBAN BATU,Menemukan tugas pemeriksa yang tidak ramah,"3,0
/5",3 Oct 2024
Tiket Masuk Candi Prambanan,Mediaty Nourmasari,"Seruuu sih, kesana pas weekend lumayan rame tapi tetep asik","3,0
/5",24 Sep 2024
Tiket Masuk Candi Prambanan,BT,"Beli online melalui tiket.com ternyata ttp harus cetak fisik lagi, dan printernya rusak, jadi masuk manual, proses juga lebih ribet dan lama karna petugas kebingungan","3,0
/5",20 Sep 2024
Tiket Masuk Candi Prambanan,RR,panas banget cuacanya,"3,0
/5",14 Sep 2024
Tiket Masuk Candi Prambanan,MUHAMMAD SUHENDRIK AZWAR,"Sayang sekali kenapa ngga di info di pembelian tiket online kalau tiap senin dibersihkan area 1,","3,0
/5",9 Sep 2024
Tiket Masuk Candi Prambanan,MP,Harus di redem di loket pojok,"3,0
/5",22 Aug 2024
Tiket Masuk Candi Prambanan,Nova Novi Yanti,Semoga lebih baik lagi,"3,0
/5",22 Aug 2024
Tiket Masuk Candi Prambanan,Hariska Purnama,"Okee banget pengalaman disana cuman ada kendala di aplikasi tiketnya, jadi harisnya pesen online enak tanpa antri, jadinya pesen online antri lama banget","3,0
/5",21 Jul 2024
Tiket Masuk Candi Prambanan,AU,"Kesini pas lagi ada event, jadi nggak tau apa bedanya sama pas lagi gak ada event. Pas kesana aku kira tiketnya tinggal scan barcode aja tapi harus di konfirmasi dulu diloket, jadi kayak 2 kali kerja.","3,0
/5",14 Jul 2024
Tiket Masuk Candi Prambanan,LJ,Seru.........Happy......... Bagus....,"3,0
/5",12 Jul 2024
Tiket Masuk Candi Prambanan,HA,Barcode tidak bisa di scan di pintu masuk sehingga menghambat. Harus pergi ke loket paling ujung dan barcode di foto oleh petugas karna katanya yang ngeredeem pihak petugas prambanannya.,"3,0
/5",11 Jul 2024
Tiket Masuk Candi Prambanan,Tiara Diffaputri Adrian,"udah pesen tiket via tiketcom, disuruh antri ke loket 1/2 pas udah depan loket malah disuruh pindah lagi ke loket 3-4 akhirnya antri lagi dari awal. setelah sampe depan loket, orang loketnya malah bin...","3,0
/5",10 Jul 2024
Tiket Masuk Candi Prambanan,Maulida Ngastuti,"Pas masuk tiket.comnya lagi bermasalah, jadinya dicek berkali-kali. Jangan sering-sering bermasalah ya tiket","3,0
/5",5 Jul 2024
Tiket Masuk Candi Prambanan,Naoby Prawira,"cukup banget, tapi panas dan waktu itu kebetulan ada pembangunan","3,0
/5",4 Jul 2024
Tiket Masuk Candi Prambanan,RJ,Mantab wisatanya sangat rekomended,"3,0
/5",8 Jun 2024
Tiket Masuk Candi Prambanan,Yaw Tzuu Liang,We went on Monday. Main temple is closed but we still paid full foreigner price. That leaves a negative impression. However the positive side was the park was quiet and it felt as if we were the only ...,"3,0
/5",2 Jun 2024
Tiket Masuk Candi Prambanan,FB,Lumayan priceliy harganya tapi sat set lah,"3,0
/5",25 May 2024
Tiket Masuk Candi Prambanan,Farah Diba,Cocok untuk liburan keluarga,"3,0
/5",14 May 2024
Tiket Masuk Candi Prambanan,nillah adryanti,Tiap hri di bersihkan tp syg ga ada lift,"3,0
/5",8 May 2024
Tiket Masuk Candi Prambanan,MT,Bagus pertahankan ya,"3,0
/5",16 Feb 2024
Tiket Masuk Candi Prambanan,RI,Harganya lebih murah.,"3,0
/5",22 Jan 2024
Tiket Masuk Candi Prambanan,MJ,beli tiket di tiket.com harganya jadi murah banget. kalau kesana enakan pagi/sore soalnya siang panas bgt. but so far so good 👍,"3,0
/5",16 Jan 2024
Tiket Masuk Candi Prambanan,Andryan Yulnarsyah,"just candi, but luckily they have deer inside","3,0
/5",8 Jan 2024
Tiket Masuk Candi Prambanan,Rani Sihotang,Bagus banget gak nyesal,"3,0
/5",8 Jan 2024
Tiket Masuk Candi Prambanan,SY,panasnya pollll tp bolehlah karna nemenin keluarga berlibur,"3,0
/5",6 Jan 2024
Tiket Masuk Candi Prambanan,Astari Astari,Kirain kalau online bisa quick pass ternyata tetep ikut antrian 🤣 sama aja beli tiket ots dong,"3,0
/5",24 Dec 2023
Tiket Masuk Candi Prambanan,Tamara Young,"Bagus, saya sangat senang","3,0
/5",17 Dec 2023
Tiket Masuk Candi Prambanan,Dwi Safitri,Tempatnya bagus Next bisa kesana lagi yaa,"3,0
/5",24 Nov 2023
Tiket Masuk Candi Prambanan,DK,menarik buat dikunjungin,"3,0
/5",25 Sep 2023
Tiket Masuk Candi Prambanan,Ilyas Atha Rifonda,"Nice place ,cleaning ,comfort","3,0
/5",19 Sep 2023
Tiket Masuk Candi Prambanan,TW,Nice place but need to improve some area,"3,0
/5",19 Sep 2023
Tiket Masuk Candi Prambanan,yuliyanto yuliyanto,"Oke sih, lebih oke lagi kalo harga bisa lebih miring","3,0
/5",18 Sep 2023
Tiket Masuk Candi Prambanan,nova irma wati,"Sempat bingung cari pc buat print tiket ol, ternyata dibwa ke loket jg","3,0
/5",11 Sep 2023
Tiket Masuk Candi Prambanan,Raden Rara,Tempatnya bagus .. bersih ..,"3,0
/5",8 Sep 2023
Tiket Masuk Candi Prambanan,WR,Sudah ada barcode tapi tetap harus cetak.. Dan antriannya juga lumayan panjang.. Kayanya next bisa disediakan mesin cetak mandiri seperti di XXI Tolong cek banding ke sana,"3,0
/5",7 Sep 2023
Tiket Masuk Candi Prambanan,Kriswantoro Kriswantoro,Maaf sblmnya. Sudah pesen tiket online tapi sampai sana masih hrs antri penukaran tiket fisiknya. Sgt tidk efisien. Jika sdh ada timet online hrsnya ada gate khusus yg bisa mengakomodir scan barcode t...,"3,0
/5",29 Aug 2023
Tiket Masuk Candi Prambanan,AY,"Cukup panik karena staff tiketing di prambanan awalnya bingung dengan tiket yg saya beli. Untungnya ttp dikasi lewat, tapi lebih berharap dari staff tiket dan staff lapangan ditingkatkan","3,0
/5",14 Aug 2023
Tiket Masuk Candi Prambanan,RA,Cukup memeudahkan untuk order tiket,"3,0
/5",30 Jul 2023
Tiket Masuk Candi Prambanan,RP,Oke mantappppppp mumerrr,"3,0
/5",25 Jul 2023
Tiket Masuk Candi Prambanan,Andhika Pratama,Bagus dan indah sayang arah exit ny terlalu jauh muter nya,"3,0
/5",20 Jul 2023
Tiket Masuk Candi Prambanan,Ani Prameswara Romadonni Ani Prameswara Romadonni,Cepet bgt jadi kaya punya jalur vip ahah,"3,0
/5",5 Jul 2023
Tiket Masuk Candi Prambanan,Muhammad Fikri,Okokokokokokokokokokok,"3,0
/5",5 Jul 2023
Tiket Masuk Candi Prambanan,Girindra Bimantara Putra,Antri cetak tiket di counter,"3,0
/5",5 Jul 2023
Tiket Masuk Candi Prambanan,SA,Ga jauh beda sih beli online sm langsung harganya,"3,0
/5",1 Jul 2023
Tiket Masuk Candi Prambanan,Ria Septi,Tidak bs print dari mesinnya,"3,0
/5",30 Jun 2023
Tiket Masuk Candi Prambanan,Ponni Ornas,"Baguss bersihh , pas plg rada jauh jlnnya","3,0
/5",24 Jun 2023
Tiket Masuk Candi Prambanan,Putri Adelia Randini,Di candinya gelap. Trs debu sangat banyak.,"3,0
/5",20 Jun 2023
Tiket Masuk Candi Prambanan,Dya Komara Pangastuti,"Seru, otentik, cocok untuk penyuka wisata sejarah","3,0
/5",10 Jun 2023
Tiket Masuk Candi Prambanan,AA,"Bagus, bersih, nyaman","3,0
/5",30 May 2023
Tiket Masuk Candi Prambanan,MAYANTI MAYANTI,ok tapi syg tukang fotonya disana langsung nyetak tanpa ks tau dulu kalo mau cetak ygmana.,"3,0
/5",25 Apr 2023
Tiket Masuk Candi Prambanan,Supriyatin BT suharianto rasiu,Tempat luas dan pelayanannya ramah,"3,0
/5",21 Apr 2023
Tiket Masuk Candi Prambanan,ES,"Informasi di loket kurang sesuai dg petugas di dalam candi. Jam 17.00 infonya tutup gerbang dan jam 17.30 candinya, eeeh saat di dalam jam 17.00 udah diusir digiring petugas candi, mau tutup..","3,0
/5",30 Mar 2023
Tiket Masuk Candi Prambanan,DW,"ga perlu antri2, ada potongan kupon","3,0
/5",24 Mar 2023
Tiket Masuk Candi Prambanan,doni saputro,"Panas kalo siang hari, hrga sedikit lebih murah lewat tiket,com","3,0
/5",11 Mar 2023
Tiket Masuk Candi Prambanan,Rizky Helda Aprianingsih,"Baguuus banget dah lama gk ksini cuma jalan plg nya kok jauh bgt ya,menurutku kemahalan sih hrga nya","3,0
/5",15 Feb 2023
Tiket Masuk Candi Prambanan,Ika Friska Damayanti,"Masih ttp ngantri di loket biasa orang beli tiket. Tapi ada diskon, lumayanlah","3,0
/5",23 Jan 2023
Tiket Masuk Candi Prambanan,CJ,Harga tiket lumayan pricesi sih segitu,"3,0
/5",13 Jan 2023
Tiket Masuk Candi Prambanan,Ineke Kurniawati Wibowo,"Area sekitar asri, parkirnya teratur","3,0
/5",1 Jan 2023
Tiket Masuk Candi Prambanan,Sherena Patricia,Gabisa print tiket gagal2 terus padahal sudah dikerjakan sm org ticketing. Cm untungnya ttp bisa masuk lewat jalur khusus,"3,0
/5",28 Dec 2022
Tiket Masuk Candi Prambanan,Yudistira Maulana,"Lg renovasi, cukup bagus","3,0
/5",24 Dec 2022
Tiket Masuk Candi Prambanan,AP,"Ok lah , masih bersih dan nyaman","3,0
/5",8 Nov 2022
Tiket Masuk Candi Prambanan,Rita Yuningsih,"Sayang banget sih untuk masuk kedalam candi sudah tidak boleh, mungkin supaya menjaga kelestarian candinya ya agar tidak ada oknum yang tidak bertanggung jawab supaya candi aman dan terawat dengan bai...","3,0
/5",26 Oct 2022
Tiket Masuk Candi Prambanan,Karyono Hamid,"Agak bete karena begitu mu reservsasi bookingan saya ga tertera, sampai kudu nunggu lamaaaaa. Tolong di benahi lagi","3,0
/5",22 Oct 2022
Tiket Masuk Candi Prambanan,Joshua Setiawan,Ok for candi prambanan,"3,0
/5",13 Sep 2022
Tiket Masuk Candi Prambanan,Fitria Akhiriawati,Bagus sih sesuai ekspektasi dan dapat diskon pula disini,"3,0
/5",12 Sep 2022
Tiket Masuk Candi Prambanan,WH,Ok terbaiklahhh yayaaaaaa,"3,0
/5",19 Aug 2022
Tiket Masuk Candi Prambanan,Petar Popovic,The place itself is really wonderful but the difference between ticket prices for foreigners and domestic visitors is pure robbery.,"3,0
/5",3 Aug 2022
Tiket Masuk Candi Prambanan,LN,👍🏻👍🏻👍🏻👍🏻👍🏻👍🏻,"3,0
/5",20 Jul 2022
Tiket Masuk Candi Prambanan,EK,I think it would be better if we can scan directly from our phone. it's such a waste of paper and electric for the printing machine when we have to print again just to scan in the gate.,"3,0
/5",14 Jul 2022
Tiket Masuk Candi Prambanan,santy dwi anggraeni,ga pake ribet untuk beli tiket dan proses reedem tiket. ada petugas yg siap siaga untuk membantu..,"3,0
/5",10 Jul 2022
Tiket Masuk Candi Prambanan,RW,Masih bingung kenapa tiketnya lumayan mahal tapi gak bisa masuk ke dalam candi hm🥲,"3,0
/5",5 Jul 2022
Tiket Masuk Candi Prambanan,BS,Keren bangunan candinya,"3,0
/5",24 Jun 2022
Tiket Masuk Candi Prambanan,Surono Dedi Pranoto,"lagi corona, tidak bisa naik ke candi, tetapi sudah terlanjur beli tiket online jadi gak bisa balik kanan, di dalam hanya muter saja, akhirnya iseng make jasa fotografer. abis aki2 kasian. ok aja lah....","3,0
/5",2 Jun 2022
Tiket Masuk Candi Prambanan,KH,"Enjoy the fast line, but the ticket barcode couldn't be detected on the ticket machine. So, please fix it, other than that, all is good! Thank you tiket.com","3,0
/5",2 Jun 2022
Tiket Masuk Candi Prambanan,AL,sesuai dengan ekspetasi,"3,0
/5",29 May 2022
Tiket Masuk Candi Prambanan,Martha Rosmauli,bagus... ok top lah petugas nya ramah,"3,0
/5",28 May 2022
Tiket Masuk Candi Prambanan,NS,"tempatnya bagus, pelayanannya cepat dan indah","3,0
/5",15 May 2022
Tiket Masuk Candi Prambanan,Asep Supriyadi,oke memudahkan saya tidak mengantri,"3,0
/5",13 May 2022
Tiket Masuk Candi Prambanan,Arnie Shellyanie,sayang bgt pas ke sana di tutup jd kita ga bisa masuk ke dalem candi nya soalnya lg pandemi kurang puas z,"3,0
/5",12 May 2022
Tiket Masuk Candi Prambanan,SC,harga tiket masuk terbilang mahal,"3,0
/5",10 May 2022
Tiket Masuk Candi Prambanan,Novicha Kambey,oooooookkkkkkkkkkkkkkkkkk,"3,0
/5",5 May 2022
Tiket Masuk Candi Prambanan,AT,Mesin ny error terus lalu ada petugas nya baru bisa,"3,0
/5",5 May 2022
Tiket Masuk Candi Prambanan,Albert Marbun,masih seperti yg dulu,"3,0
/5",15 Apr 2022
Tiket Masuk Candi Prambanan,inton widi sri mulyati,sangat bagus dan bisa mengurangi antrin di loket,"3,0
/5",26 Mar 2022
Tiket Masuk Candi Prambanan,AD,"nice 👍dengan harga yg sesuai,, disayangkan fasilitas seperti ini Masih dengan toilet yang berbayar.","3,0
/5",20 Mar 2022
Tiket Masuk Candi Prambanan,LA,Seruuu baguss dan keren makasih,"3,0
/5",18 Feb 2022
Tiket Masuk Candi Prambanan,AM,nyaman kunjungannya dipagi hari bs puas keliling candi prambanan.,"3,0
/5",31 Dec 2021
Tiket Masuk Candi Prambanan,Ario Untoro,"tidak ada petugas yang memandu di mesin pencetakan tiket, untuk yang pemesanan online, jadi agak lama ketika mencetak tiket, mesinnya kurang user friendly","3,0
/5",24 Nov 2021
Tiket Masuk Candi Prambanan,Grendy Sampe,harus menunggu cukup lama untuk bisa masuk Karena sistem pada Candi tidak langsung membaca,"3,0
/5",6 Nov 2021
Tiket Masuk Candi Prambanan,Sussy Susanti,Bagus tempatnya sudah dikelola dengan baik,"3,0
/5",14 Apr 2021
Tiket Masuk Candi Prambanan,KK,b aja b aja b aja b aja b aja b aja b aja,"2,0
/5",17 Nov 2024
Tiket Masuk Candi Prambanan,FARHAN NURFADELI,"Lumayan dapat harga promo, tapi sayang harus ditukar diloket dulu gak bisa langsung scan kayak pembelian dari T********","2,0
/5",29 Oct 2024
Tiket Masuk Candi Prambanan,ocsa levina,Harga nya lebih mahal,"2,0
/5",22 Sep 2024
Tiket Masuk Candi Prambanan,Nurul Lisda Arisandy,Pertama kalinya mengunjungi candi prambanan sangat memukau. Saat itu pengunjung sangat ramai oleh rombongan anak sekolah. Tapi bukan itu yg membuat liburan saya menjadi tidak semangat. Saya tersinggun...,"2,0
/5",31 Mar 2024
Tiket Masuk Candi Prambanan,Yansep Parna Tavipma,"Gak bisa masuk candi krn hari senin dan gak tau knp, tp gpp yg penting bisa foto foto didepan candi","2,0
/5",19 Feb 2024
Tiket Masuk Candi Prambanan,yuliyanto yuliyanto,"Over all good lah...walaupun Sama jatuhnya tetep nganter di counter tiket, harga sedikit lebih miring, bolehlah lebih miring lagi buat kaum mending mending kayak saya","2,0
/5",18 Sep 2023
Tiket Masuk Candi Prambanan,SR,"Scan barcode pembelian via ticket.com di loket 1 dan 2 pagi jam 7 pas error, petugasnya krg saling koordinasi, disuruh ke loket 3 offline, tp petugasnya perempuan hijaban kacamata malah nyolot, nyuruh...","2,0
/5",28 Aug 2023
Tiket Masuk Candi Prambanan,Abhilasha Chauhan,"For someone from India, this temple really is overrated and expensive to visit. Avoid if possible.","2,0
/5",10 Aug 2023
Tiket Masuk Candi Prambanan,RM,harganya cukup lumayan menguras hehe,"2,0
/5",10 Jun 2023
Tiket Masuk Candi Prambanan,Siti Marpuah,Ga enak setiap macet slalu menyerah and nembak harganya....,"2,0
/5",30 Apr 2023
Tiket Masuk Candi Prambanan,KP,"Petugas nya benar2 tidak membantu, saya bertanya untuk mencetak tiket pembelian lewat online disebelah mana. malah saya disuruh ikut antrian panjang pembelian tiket ditempat untuk mencetak tiket di ka...","2,0
/5",17 Jul 2022
Tiket Masuk Candi Prambanan,Ivan Rivaldy,"tiket masuk mahal, jalan ke parkiran jauh sekali dan membuat orang tua kaki sakit, tidak ramah bagi orang tua, fasilitas kurang, tlong di tingkatan fasilitas,,","2,0
/5",9 May 2022
Tiket Masuk Candi Prambanan,Juliansyah Juliansyah,Proses redeem tiket di persulit sedangkan melalui traveloka lebih mudah,"1,0
/5",2 Feb 2025
Tiket Masuk Candi Prambanan,AS,"Areanya cukup luas, agak gempor kalo jalan kaki ke seluruh area. Disana ada transportsi yg bisa di sewa. Overall oke tapi ps siang panas banget","1,0
/5",5 Nov 2024
Tiket Masuk Candi Prambanan,EB,Bagus hanya saja long weekend sehingga lebih padad dari biasanya,"1,0
/5",2 Jun 2024
Tiket Masuk Candi Prambanan,AB,Jangan pernah beli tiket di aini tiket gak di kirim,"1,0
/5",25 May 2024
Tiket Masuk Candi Prambanan,PS,Tiket tetap terjual tapi tempat tutup tanpa ada pemberitahuan di aplikasi ini,"1,0
/5",16 Mar 2024
Tiket Masuk Candi Prambanan,Fera nur islamiyah,Mahal masuk nya dan B aja 😂,"1,0
/5",15 Jan 2024
Tiket Masuk Candi Prambanan,Farah azrina Ramadhani,Bayar mahall toilet kotor kebersihan kurang pdhl bnyk turis dtg tolong diperhatikan lagi kebersihan nya,"1,0
/5",3 Oct 2023
Tiket Masuk Candi Prambanan,Andrie Laurent,Lebih cepat beli tunai karena pergerakan antrian lebih lama di line penukaran tiket online :(,"1,0
/5",30 Aug 2023
Tiket Masuk Candi Prambanan,Reza Gian Prasthama,"Antrian loket ternyata dipisah antara dari tiket.com dan t********* Ga ada keterannya, akhirnya kita antri 2 kali dan dua duanya panjang. Tolong dong kalau emang dipisah, harus ada tanda yang jelas.","1,0
/5",28 Aug 2023
Tiket Masuk Candi Prambanan,Dedek Sapriobit,Gak bisa dipakai... Gak bisa di refund,"1,0
/5",27 Aug 2023
Tiket Masuk Candi Prambanan,Randi Julianto,"Sama seperti tempat wisata lainnya, diskriminasi terhadap turis mancanegara yang harus membayar harga tiket masuk mencapai 8x lipat dibandingkan turis lokal. Hal ini membuat turis mancanegara enggan d...","1,0
/5",6 Jul 2023
Tiket Masuk Candi Prambanan,Daniel Sopian Siahaan,"Gak lagi deh kesini, panas nya luar biasa. Sudah gitu jalan keluarnya sangat jauh. Kalau banyak pohon sih gpp. Ini terlalu gersang. Buat yg bawa anak kecil disarankan kunjungan pagi banget atau sore.","1,0
/5",6 May 2023
Tiket Masuk Candi Prambanan,Wong Irwan Wijaya,Tiket / QR tdk bisa di pakai krn sdh ada yg pakai. Padahal di beli di hari yg sama. Tetapi pihak prambanan tetap mengijinkan masuk. Mau cepat malah jadi lama krn ketahan utk urusin tiket.,"1,0
/5",20 Apr 2023
Tiket Masuk Candi Prambanan,Yuli Setia Ningsih,Tiketnya hangus. Ga bisa kesana karna jumat tgl 17 feb di yogja hujan gede banget disertai angin sm petir dan rataaaaa hujannya.. Sayang bgt 4 tiket hangus. Dr Tiket.com tidak bisa di reschedule tiket...,"1,0
/5",1 Mar 2023
Tiket Masuk Candi Prambanan,Alfi Lucky Lumi,Pas mau masuk scan barcode. Tidak mau terbaca. Entah dari mesinnya atau tiket. Com yg salah. Ntah siapa yg salah. Mau cepat malam jadi lambat. Tapi akhirnya di ijinkan masuk sama petugas. Jadi trauma ...,"1,0
/5",6 Oct 2022
Tiket Masuk Candi Prambanan,Vida Mujiarti,"bagus, indah , kerenn, tempat sejarah","1,0
/5",2 Jan 2022
Candi Ratu Boko,H Muhamamd Chatab Adjis Al Khan Al Husaini SE MM,Serasa kembali ke zaman raja 2 Mataram,"5,0
/5",25 Mar 2025
Candi Ratu Boko,Omar Koswara,"Situs yg membanggakan, teknologi nenek moyang sudah sangat tinggi pada jamannya","5,0
/5",13 Jan 2025
Candi Ratu Boko,Agung Arya Anggara,Mantap pemandangan yang indah dan cocok untuk foto foto,"5,0
/5",12 Jan 2025
Candi Ratu Boko,Rikhsan Kurniatuhadi,Kerennnnn bangett dan bagus,"5,0
/5",31 Dec 2024
Candi Ratu Boko,IA,bagus cukup baik menyenangkan,"5,0
/5",11 Nov 2024
Candi Ratu Boko,Anisa Vitriana,"Nice place, better come after 3pm.","5,0
/5",31 Oct 2024
Candi Ratu Boko,Diana Prasetya,Mantap seru foto2 juga indah,"5,0
/5",15 Oct 2024
Candi Ratu Boko,AR,Tempat untuk melihat sunset yg sangat bagus,"5,0
/5",14 Oct 2024
Candi Ratu Boko,NA,Bagus pemandangan sunsetnya Datang ke sini better sore sambil liat sunset,"5,0
/5",13 Oct 2024
Candi Ratu Boko,Yudrikul Khairi,bagus banget komplek ratu boko. destinasi wajib pokoknya,"5,0
/5",13 Oct 2024
Candi Ratu Boko,Rafel Johansyah,Worth for sunset time,"5,0
/5",7 Oct 2024
Candi Ratu Boko,KRISTIAN HERI NATAL LUMBAN BATU,Sangat baik petugas namun dan baik. . ......,"5,0
/5",3 Oct 2024
Candi Ratu Boko,Hendi Kurnia hindarto,Oke banget nih candi ratu boko keren buat dikunjungi pas di JOGJA,"5,0
/5",3 Oct 2024
Candi Ratu Boko,Hendi Kurnia hindarto,Oke sih ini tempat buat liburan bareng keluarga atau teman bisa banget di Jogja,"5,0
/5",3 Oct 2024
Candi Ratu Boko,Farid Hendrianto,Inndaahh recomeennddd banget bersih...gaasssken,"5,0
/5",25 Sep 2024
Candi Ratu Boko,MS,"Nice seesight, alot of temples, alot of histories.","5,0
/5",22 Sep 2024
Candi Ratu Boko,Gina Alyssa Rakhman,"amazing view pas sorenya, mending kesini jam 2 otw dr jogja... sampenya udh sore","5,0
/5",4 Sep 2024
Candi Ratu Boko,DW,"Takjub dengan Keraton Ratu Boko yg begitu besar, mungkin dulunya merupakan keraton yg sangat indah.. Sampaisekarang batu2 bekas reruntuhan bangunan masih terawat dengan baik, lingkungan bersih, cocok ...","5,0
/5",20 Aug 2024
Candi Ratu Boko,Nabila Ardine,Bagus buat liat sunset,"5,0
/5",28 Jun 2024
Candi Ratu Boko,Yayang sutrismawati,Gampang bgttttt redeeemnyaaaaa bagusss sekaliiii 😇😇😇😇😇😇😇,"5,0
/5",24 Jun 2024
Candi Ratu Boko,Joko Santoso,Tenang damai tentram. Buat yg introvert cocok,"5,0
/5",21 Jun 2024
Candi Ratu Boko,RR,"Cocok untuk bersantai di sore hari, Hanya saja ketika kesana tidak dapat sunset","5,0
/5",5 Jun 2024
Candi Ratu Boko,Fedrian Eka Putra,Asik tempatnya syahdu,"5,0
/5",3 Jun 2024
Candi Ratu Boko,Hersalendra Purnanditia A,Buat yg ga mau ribet beli tiketnya di sini aja,"5,0
/5",15 Apr 2024
Candi Ratu Boko,IB,Daripada ke candinyang lain. Mending kesini. Ademm,"5,0
/5",18 Mar 2024
Candi Ratu Boko,IB,"Keren, 10 tahun yang lalu kesana ga ada yang berubah.","5,0
/5",18 Mar 2024
Candi Ratu Boko,IM,"Bagus, pemandangannya cantik dan aksesnya mudah.","5,0
/5",14 Mar 2024
Candi Ratu Boko,SS,Bagus tempat bersihterawat,"5,0
/5",12 Mar 2024
Candi Ratu Boko,Mutiara Insani,"Pemandangannya bikin capek kamu ilang, betah lama2 disana sampe sore. Best viewnya menjelang sunset sih, cuma krn kmren keburu mendung jd ga ketemu sunset 😢","5,0
/5",3 Mar 2024
Candi Ratu Boko,Ilham Majid,"Bagus sekaliiiiii, mantab","5,0
/5",14 Feb 2024
Candi Ratu Boko,TI,"High recommended, harus explore ke semua area","5,0
/5",9 Feb 2024
Candi Ratu Boko,Deni Deni,Claim tiket ya gampang dan praktis,"5,0
/5",8 Feb 2024
Candi Ratu Boko,AN,happy! suasananya enak buat ngadem walaupun panas bgt pas siang hari,"5,0
/5",31 Dec 2023
Candi Ratu Boko,Muhammad Irwan Yulianto,"Candi yang gak expect bakal luas banget, tata kelola candi pun rapih mulai dari tiket sampai penjual makanan.","5,0
/5",28 Dec 2023
Candi Ratu Boko,Alice Sefiani Stefanus,"Gampang bgt, diskon lagi...","5,0
/5",21 Dec 2023
Candi Ratu Boko,CP,Tempatnya oke dan asri Cocok utk bersantai,"5,0
/5",14 Dec 2023
Candi Ratu Boko,BS,Tiket lebih murah dari harga loket dan saat redeem tiket di lokasi sangat lancar. Terbaik.,"5,0
/5",10 Dec 2023
Candi Ratu Boko,RS,Redeem tiket yang dibeli online dari tiket.com bisa dilakukan di loket. Proses cepat. hanya tunjukkan barcode pembelian. worth it.,"5,0
/5",3 Dec 2023
Candi Ratu Boko,Nur Rochim Mega Taharah,Semudah itu pakai tiket dot com,"5,0
/5",2 Dec 2023
Candi Ratu Boko,Arvini Qaulan Sadiida,Bagus dan Mantap Beli tiket online lebih mudah,"5,0
/5",17 Oct 2023
Candi Ratu Boko,Selviana S,seru bgt hehehehehe sunset nya baguuuuus!!,"5,0
/5",1 Oct 2023
Candi Ratu Boko,FNH,Lebih enak di ratu boko masih asri bgtt,"5,0
/5",23 Sep 2023
Candi Ratu Boko,YR,"candi sangat bagus dan terawat, tempat nyaman","5,0
/5",23 Sep 2023
Candi Ratu Boko,YR,"candi sangat bagus dan terawat, tempat nyaman","5,0
/5",23 Sep 2023
Candi Ratu Boko,CT,Walaikumsalam Terimakasih tiket.com,"5,0
/5",19 Sep 2023
Candi Ratu Boko,Alif Rafsanjani,"Tempat yang cantik buat liat sunset, kompleks candinya bersih dan tertata. Next bakalan kesini lagi buat nikmatin sunsetnya","5,0
/5",12 Sep 2023
Candi Ratu Boko,TN,Memuaskan terima kasiih,"5,0
/5",8 Sep 2023
Candi Ratu Boko,Riska Arinda,Selisih sedikit lebih murah,"5,0
/5",24 Aug 2023
Candi Ratu Boko,Muhammad Arif,Tempat yang mengesankan dan Istimewa,"5,0
/5",22 Aug 2023
Candi Ratu Boko,AK,Lumayan yang kalo datangnya suka mepet2 sunsetan wekekekkee,"5,0
/5",19 Aug 2023
Candi Ratu Boko,Kevin Chandra,"Amazing, bakal kesini lagi","5,0
/5",18 Aug 2023
Candi Ratu Boko,Oscar Lesmana,"Dikelola dengan baik, lokasinya bersih dan teratur. Direkomendasikan untuk rekreasi keluarga dan grup","5,0
/5",16 Aug 2023
Candi Ratu Boko,Lucky Pahlawan Pratama,Tempatnya bagus bersih,"5,0
/5",7 Aug 2023
Candi Ratu Boko,Friyeri Marbun,voucher mudah digunakan,"5,0
/5",24 Jul 2023
Candi Ratu Boko,Febri Ardian Putra,Okeeeeeeeeeeeeeeeeeee,"5,0
/5",14 Jul 2023
Candi Ratu Boko,Ade Ryani Handayani,ok cuma naik tangganya lumayan ya,"5,0
/5",11 Jul 2023
Candi Ratu Boko,Gesi Gria,Kerennn bngett bgusss sklii,"5,0
/5",10 Jul 2023
Candi Ratu Boko,Dwilanty Beru Tarigan,"Bagus banget , seru tadak perlu antri beli tiket","5,0
/5",5 Jul 2023
Candi Ratu Boko,Nova Marbun,semudah itu untuk redeem tiketnya dan harganya lebih murah. mantap!,"5,0
/5",3 Jul 2023
Candi Ratu Boko,JS,Baguuuuussss... Cakep banget buat spot foto sunset,"5,0
/5",2 Jul 2023
Candi Ratu Boko,Stevany Yolanda,View nya selalu bagus,"5,0
/5",2 Jul 2023
Candi Ratu Boko,A,Nice place in java beautiful temple,"5,0
/5",2 Jul 2023
Candi Ratu Boko,rima rahmawati,Mantappppppppppppppzzzzzz,"5,0
/5",30 Jun 2023
Candi Ratu Boko,Mohammad Fariz Alfian,sipsipsipsipsipsipsio,"5,0
/5",26 Jun 2023
Candi Ratu Boko,aditya rahadhyan,Candi yang luar biasa,"5,0
/5",22 Jun 2023
Candi Ratu Boko,Kirana Cinta,Mantaapp! Pake tiket.com jd cepet nukerinnya tinggal di scan langsung dapet tiket + harganya lebih murah jg dibanding beli langsung,"5,0
/5",16 Jun 2023
Candi Ratu Boko,Rini Arianti,The best kopling at sunset,"5,0
/5",15 Jun 2023
Candi Ratu Boko,Esti Esti,"Bagusss bangeeeet, next harus kesini lagiii","5,0
/5",8 Jun 2023
Candi Ratu Boko,Yusriyah Alfiani,Sangat indah dari dulu tidak pernah berubah,"5,0
/5",8 Jun 2023
Candi Ratu Boko,AM,Sunsetnya keren parah,"5,0
/5",5 Jun 2023
Candi Ratu Boko,Neta Afrianita,Tempatnya masih terjaga dan bersih. Kerasa aura mistisnya. Kerennn,"5,0
/5",5 Jun 2023
Candi Ratu Boko,Leonardo Setiawan,Bagus banget pemandangannya,"5,0
/5",15 May 2023
Candi Ratu Boko,Dedek Sapriobit,"Pas di gerbang tiket error karena sistem, pengunjung lumayan sepi mungkin karena saya datang hampir tutup Untuk yang Baru pertama Kali datang kesini, datang Sebelum jam 3 sore karena ini Keraton Ratu ...","5,0
/5",14 May 2023
Candi Ratu Boko,Gisella Muthia monika,MANTABbbbbbbbbbbbbbbbbbbbbbb,"5,0
/5",13 May 2023
Candi Ratu Boko,Ajeng Setianingsih,Ok bgt suasanya sejuk pula,"5,0
/5",7 May 2023
Candi Ratu Boko,PS,You got what you came for. Maybe best during sunset or sunrise,"5,0
/5",3 May 2023
Candi Ratu Boko,AM,"Bagus banget, rapih dan bersih. Suasannya tenang, nyaman","5,0
/5",9 Apr 2023
Candi Ratu Boko,Suci Mutiara Dewi,keren banget tempatnya,"5,0
/5",27 Mar 2023
Candi Ratu Boko,GA,Tempatnya bagus. Akses mudah menuju kesana.,"5,0
/5",10 Mar 2023
Candi Ratu Boko,Mario Fadhil Tamada Putra,Ftgffftfdgftffgfgyhfg,"5,0
/5",9 Mar 2023
Candi Ratu Boko,Miftahul Zanah,Great! I love being here.,"5,0
/5",26 Feb 2023
Candi Ratu Boko,SK,Tempatnya bersih.. semoga selalu terjaga..,"5,0
/5",24 Feb 2023
Candi Ratu Boko,Suci Desmayanti,"Hostelnya bersih , nyaman , pelayanannya juga oke , sayangnya akses masuknya itu kedalam gang dan cuma muat satu mobil","5,0
/5",19 Feb 2023
Candi Ratu Boko,AH,Mantap keren sip Joss Selfi gas,"5,0
/5",8 Feb 2023
Candi Ratu Boko,Nia Noviani,Bagus banget indah cocoi untuk berlibur,"5,0
/5",4 Feb 2023
Candi Ratu Boko,Nur Amanah Ilham Atjo,worth to go. ratu boko have the best sunset view🥰,"5,0
/5",22 Jan 2023
Candi Ratu Boko,Desi Legisnawati,View nya bagus bangetttt apalagi menjelang sunset nice,"5,0
/5",22 Jan 2023
Candi Ratu Boko,Kalis Wita Utami,Provide more seat to take a rest,"5,0
/5",12 Jan 2023
Candi Ratu Boko,WN,"Mantap, praktis dan menyenangkan. Disarankan datang sore2","5,0
/5",8 Jan 2023
Candi Ratu Boko,Pooja Monica,Gooooooooooodddddddddd,"5,0
/5",6 Jan 2023
Candi Ratu Boko,theresia simangunsong,"View nya bagus, tempatnya well organized, rapi, menu resto nya cukup enak","5,0
/5",5 Jan 2023
Candi Ratu Boko,Fortina Jean Prasasti,Patut dicoba dan foto ala cinta,"5,0
/5",4 Jan 2023
Candi Ratu Boko,AL,"Bagus banget, rekomendasi datang di sore menjelang maghrib","5,0
/5",1 Jan 2023
Candi Ratu Boko,ORIETTHA DEANY,kamarnya bersih dan nyaman,"5,0
/5",31 Dec 2022
Candi Ratu Boko,Togi Wily Oksandhi,Peninggalan sejarah yang masih terjaga,"5,0
/5",30 Dec 2022
Candi Ratu Boko,Angelina Nityasa Swinareswari Pangarso,Seru banget. Anak bisa eksplorasi dengan bebas dan interaksi dengan alam. Tapi perhatian org tua tetap harus ekstra karena area candi banyak tempat berbahaya untuk anak2. 2 jam kurang untuk keliling s...,"5,0
/5",25 Dec 2022
Candi Ratu Boko,MA,Nyaman seger adem ayem,"5,0
/5",24 Dec 2022
Candi Ratu Boko,Raul Zaikus Sandy Wibawa,"Bagus, bersih, tertata,","5,0
/5",22 Dec 2022
Candi Ratu Boko,Fauzan Yanuardi,"bagus buat foto foto, apalagi waktu sunset","5,0
/5",18 Dec 2022
Candi Ratu Boko,SS,Suka banget sama suasananya bikin nyaman sayangnya pas kesana ujan jadi agak effort,"5,0
/5",11 Nov 2022
Candi Ratu Boko,AA,Sangat bagus dan indah,"5,0
/5",7 Nov 2022
Candi Ratu Boko,Joko Sustiyo,Bagus tempatnya......,"5,0
/5",3 Nov 2022
Candi Ratu Boko,Theresia Yosephina Esci Getha,"So easy, Thnkyou tiketcom","5,0
/5",3 Nov 2022
Candi Ratu Boko,maya johanna,tempat yang bagus dan pas untuk melihat sunset!!,"5,0
/5",2 Nov 2022
Candi Ratu Boko,Dina Melisa Hardiyanti,"Good place to come, the legendary Ratu Boko","5,0
/5",21 Oct 2022
Candi Ratu Boko,SP,Sangat bagus untuk wisata keluarga,"5,0
/5",3 Oct 2022
Candi Ratu Boko,MI,amazing views nice location,"5,0
/5",14 Sep 2022
Candi Ratu Boko,Maulidina Rihadatul Aisyi,"Kenapa ya barcode saya pas di scan tidak bisa, untung mba-mba disana baik..","5,0
/5",2 Sep 2022
Candi Ratu Boko,FC,Terpesona Cantik Indonesia,"5,0
/5",29 Aug 2022
Candi Ratu Boko,Devtania Enardie,"Cantik, plataran nya masih terjaga, bersih","5,0
/5",29 Aug 2022
Candi Ratu Boko,atikah khalvat,Keren banget sih relatif sepi tapi bagus dan enak banyak tempat buat duduk2,"5,0
/5",23 Aug 2022
Candi Ratu Boko,QW,"Proses pesan dan redeem tiket cepat, seamless sekali walau order tiket dari app langsung di depan loketnya hehe. Puas sekali","5,0
/5",21 Aug 2022
Candi Ratu Boko,Halimatus Sa'adah,Ok banget banget banget,"5,0
/5",20 Aug 2022
Candi Ratu Boko,Devi Natalia Sianturi,"Dapet info dr driver kalau tiket ratu boko hanya sampai jam 4 (saat itu jam set4). Panik dong, iseng cek online eh ternyata di tiket.com ada. Tanpa babibu langsung checkout. So helpful, thankyou tiket...","5,0
/5",26 Jul 2022
Candi Ratu Boko,Nur Kholifah,"Good place, penuh cerita","5,0
/5",8 Jul 2022
Candi Ratu Boko,YP,"tour guide mantap, detail banget","5,0
/5",26 Jun 2022
Candi Ratu Boko,ND,tempat yang sangat luar biasa,"5,0
/5",24 Jun 2022
Candi Ratu Boko,MA,"Proses pembelian di aplikasi sangat baik dan lancar. Hanya saja ada kendala ketika melakukan proses penukaran menjadi tiket masuknya, di mana pihak ticketing Ratu Boko tidak bisa print tiket masuknya,...","5,0
/5",23 Jun 2022
Candi Ratu Boko,Marsono Marsono,"beautiful place, wajib buat dikunjungi lagi and thanks tiket. com","5,0
/5",15 Jun 2022
Candi Ratu Boko,wenny ferdiany,pas banget pergi dari pagi krn masih sepi jadi gotonya tidak ada background pengunjung,"5,0
/5",12 Jun 2022
Candi Ratu Boko,TK,nice place for sunset lover,"5,0
/5",7 Jun 2022
Candi Ratu Boko,EE,"Keren, puas foto"" sm sesama traveller","5,0
/5",2 Jun 2022
Candi Ratu Boko,Dimas Hendra Priyono,Kerennnnnn bangett tempat nyaaaaaaaaaa gabakal nyeselll,"5,0
/5",26 May 2022
Candi Ratu Boko,Fariz Faisal,b a g u s s e k a l i . . . . . . .,"5,0
/5",13 May 2022
Candi Ratu Boko,Nurul Rohmah,"Selalu cantik dan suka, jadi pengunjunh pertama","5,0
/5",3 Apr 2022
Candi Ratu Boko,Cahya Aning Safitri,Bersih rapih bagus pemsndanrannya,"5,0
/5",8 Mar 2022
Candi Ratu Boko,Cahya Aning,Bagis banget bersih keren,"5,0
/5",1 Mar 2022
Candi Ratu Boko,VA,cukup panas pas ke sana. tp oke,"5,0
/5",27 Jan 2022
Candi Ratu Boko,RP,beautiful! see you next year,"5,0
/5",14 Jan 2022
Candi Ratu Boko,arifiya fazian,mantaabbbbbb sekaliihhhh murahh dan mudahh terima kasih tiket.com,"5,0
/5",10 Jan 2022
Candi Ratu Boko,FF,Keren pake banget indah banget suka banget,"5,0
/5",15 Dec 2021
Candi Ratu Boko,PA,"tempatnya Asik, bisa belajar banyak sejarah dan bisa nostalgia waktu pacaran dulu","5,0
/5",8 Dec 2021
Candi Ratu Boko,Intan Sandra Yatana Saputri,"Kerennnnnnnnn!!!! Top bgt pemandangan dari ratu boko. Ga begitu ramai karna masih pandemi. So far seneng sih, tp admin nya kurang tanggap jika pembelian melalui aplikasi tiket.com","5,0
/5",27 Nov 2021
Candi Ratu Boko,Riski Marita Eka Saputri,"Lokasi yg sudah dapat dijangkau dengan kendaraan roda empat, sayang belom beruntung utk bisa dapat sunsetnya","4,0
/5",6 Jan 2025
Candi Ratu Boko,HW,"Bagus aja sih, parkirannya cukup luas juga, kl ngarepin banyak candi ya jgn kesini. Tp suasana disini oke bgt. Mungkin kalo dtg agak lebih pagi atau sore2 enak bgt","4,0
/5",21 Nov 2024
Candi Ratu Boko,HR,Beatiful view on the afternoon and good air also,"4,0
/5",10 Aug 2024
Candi Ratu Boko,YS,"Cocok utk keluarga muda, muda/i, dan anak2. Untuk orangtua yang sudah paruh baya tidak disarankan, karena anak tangganya banyak dan tempat yg harus dijalani cukup luas","4,0
/5",18 Jul 2024
Candi Ratu Boko,Nadiyah N,Beli tiket disini jadi gampang,"4,0
/5",26 Jun 2024
Candi Ratu Boko,Gita sari,"Tempatnya bagus, dateng klu sore adem bgt. Kopi di sana enak bgt sih. Ramah ramah lagi","4,0
/5",23 May 2024
Candi Ratu Boko,MI,Bagus tapi hanya 1 spot foto aja pas matahri menynati candi,"4,0
/5",25 Apr 2024
Candi Ratu Boko,DN,"Bagus permandangannya, tempatnya bersih, tapi sedikit lebih panas ya","4,0
/5",11 Feb 2024
Candi Ratu Boko,RW,Mantap.. Hanya saja harga minumannya agak mahal hehe.. Terima kasih.. Semoga tetap terjaga kelestariannya,"4,0
/5",5 Oct 2023
Candi Ratu Boko,Berliana Eka Syafira Wulandari,Tempat nya bersih dan menyenangkan,"4,0
/5",10 Aug 2023
Candi Ratu Boko,Theodora Maria Putri Komul,Suka bangettttttt makasiii,"4,0
/5",23 Jun 2023
Candi Ratu Boko,KP,"Lebih cepat, tinggal antri scan aja","4,0
/5",20 Jun 2023
Candi Ratu Boko,Wulandari Wulandari,Bagus dan bersih disambut sama nyanyian gamelan,"4,0
/5",20 May 2023
Candi Ratu Boko,AC,Lumaaayaaaaaaaaannnnnnnnn,"4,0
/5",12 Apr 2023
Candi Ratu Boko,RH,Tempatnya bagus dan sangat terawat. Sayangnya konfirmasi tiket lewat tiket com sangat lama dan jadi harus nunggu di gate. Dan pas kesana kebetulan lg mendung jd sunsetnya kurang cantik:(,"4,0
/5",5 Feb 2023
Candi Ratu Boko,Abimata Manggala,Bersih keren dan sangat rapi parkir juga gratis dan banyak jualan jgn lupa bawa payung kalo kesini,"4,0
/5",26 Jan 2023
Candi Ratu Boko,Charles Barmala Feriadi Bangun,Tempatnya bagus dan akan kembali lagi dengan keluarga,"4,0
/5",12 Dec 2022
Candi Ratu Boko,Novita Sari,Keren. Pakai tour guide kena charge 100k ya.,"4,0
/5",14 Nov 2022
Candi Ratu Boko,RS,buat fto bagus apalagi kalo sore hari gitu,"4,0
/5",11 Oct 2022
Candi Ratu Boko,Rini Yuniarti,Semoga kedepannya proses masuk keraton ratu boko dgn pembelian tiket via tiket.com bisa lebih cepet yaa,"4,0
/5",8 Aug 2022
Candi Ratu Boko,LN,👍🏻👍🏻👍🏻👍🏻👍🏻👍🏻,"4,0
/5",20 Jul 2022
Candi Ratu Boko,Nabila Hamera Robbi,baguuuussss... sayang aja kemarin mendung,"4,0
/5",9 Jun 2022
Candi Ratu Boko,MI,"Semoga akses kesini semakin di permudah. Karna tidak ada transportasi umum kesini, semoga nanti di sediakan/bekerja sama dengan ojek atau ojol biar mempermudah akses👍","4,0
/5",3 May 2022
Candi Ratu Boko,Reni Kusumadewi,Bagus dan lumayan masih sepi,"4,0
/5",19 Dec 2021
Candi Ratu Boko,Kiki Gumelar,Bagus banged... Cuaca saat itu hujan tapi tetap bagus untuk berpoto,"4,0
/5",26 Nov 2021
Candi Ratu Boko,Ajie Nugroho,"Tempat yang bersejarah, membuat pemikiran jadi liar hayalan massa lalunya 👍","4,0
/5",8 Nov 2021
Candi Ratu Boko,MA,mantap dan bagus mengikuti protokol kesehatan 👍,"4,0
/5",23 Apr 2021
Candi Ratu Boko,AS,"Suasana asri ada musik kaya gamelan dan lagu Jawa yang diputar. Cocok buat menikmati pemandangan. Waktu yang pas buat berkunjung pagi atau sore, kalo siang bener-bener panas.","3,0
/5",23 Feb 2025
Candi Ratu Boko,NP,"baik, berikutya akan kesana lgi","3,0
/5",13 Sep 2024
Candi Ratu Boko,Theodora Maria Putri Komul,Bagus tempat nya buat keluarga,"3,0
/5",22 Jun 2023
Candi Ratu Boko,NP,"Puanaseeee polllllLlllllLllLlllll jgn lupa bawa topi n kacamata ya guys, enak goleran di rumput ala2 piknik adem 👍🏼👍🏼","3,0
/5",21 Aug 2022
Candi Ratu Boko,FR,Lumayan ok... klo ke candi mendingan pagi biar ga panas...,"2,0
/5",22 Jan 2023
HeHa Forest,NU,Seru tapi harga makanannya lumayan mahal ya,"4,0
/5",9 Apr 2025
Official Tickets | Ramayana Ballet Purawisata – 48 Years,Santi Asrofanny,"Happy bangettt kesini, aku yg suka yg berbau” kolosal gitu jd betaah rasanya ga rela udahan ceritanya hahaha Dan baik banget kita salah lokasi dibantu reschedule","5,0
/5",9 Apr 2025
Official Tickets | Ramayana Ballet Purawisata – 48 Years,Santi Asrofanny,"Kawan kawan kalo pesen tiket yg purawisata itu dia di kota ya bukan di dkt prambanan jangan keliru, krn aku gitu huhu Booking utk tgl 2 april pas dtg ternyata salah tempat sedih banget krn kita udh ex...","5,0
/5",9 Apr 2025
Official Tickets | Ramayana Ballet Purawisata – 48 Years,LJ,Atraksi sangat bagus dan menghibur,"5,0
/5",6 Apr 2025
Official Tickets | Ramayana Ballet Purawisata – 48 Years,Muhammad Syahmarga Raden Sumatra,Seru walaupun hujan dan menikmati dinner + bisa lihat show sekalian,"5,0
/5",3 Apr 2025
Official Tickets | Ramayana Ballet Purawisata – 48 Years,Aricha chairunnisah,"keren banget, luar biasa. ingin balik lagi untuk lihat lagi.","5,0
/5",14 Jan 2025
Official Tickets | Ramayana Ballet Purawisata – 48 Years,Theresia wahyuningsetiasih,Bagusss.apalagi adegan anoman kera putih..seruu.. anak anak awalnha ga excited..tapi saat nonton jadi excited. Great show.. good job. Kekurangannya ga ada story teller pakai bahasa indonesia. Adanya s...,"5,0
/5",5 Jan 2025
Official Tickets | Ramayana Ballet Purawisata – 48 Years,Siti Hamidah,ini pertama kali kesini overall oke,"5,0
/5",30 Dec 2024
Official Tickets | Ramayana Ballet Purawisata – 48 Years,PG,Very nice and must visit experience when in yogyakarta,"5,0
/5",29 Dec 2024
Official Tickets | Ramayana Ballet Purawisata – 48 Years,Diah Ramadhani,Pertunjukan yg seru dan msh terasa kental sekali nuansa tradisionalnya... msh diiringi musik gamelan yg dimainkan lgsg di lokasi dan jg nyanyian oleh sinden... best Purawisata,"5,0
/5",15 Dec 2024
Official Tickets | Ramayana Ballet Purawisata – 48 Years,SF,Kembang api nya kerenn 👍,"5,0
/5",6 Dec 2024
Official Tickets | Ramayana Ballet Purawisata – 48 Years,Fauzhia Nurullita,"Menarik, bahkan saat saya telat untuk diner pun, saya ttp dapat jatah makanan set menu di restoran nya","5,0
/5",30 Nov 2024
Official Tickets | Ramayana Ballet Purawisata – 48 Years,BS,"Bagus banget, buat yg suka seni tari sangat cocok.","5,0
/5",26 Nov 2024
Official Tickets | Ramayana Ballet Purawisata – 48 Years,NA,Makan malam enak dan baletnya menyenangkan,"5,0
/5",22 Nov 2024
Official Tickets | Ramayana Ballet Purawisata – 48 Years,NA,Bagus dan menyenangkan. Makan malamnya jg enak,"5,0
/5",22 Nov 2024
Official Tickets | Ramayana Ballet Purawisata – 48 Years,Ida Ayu Agung Raista Mahadamaryanti,"okeee, keren, perfect, cocok buat yang pingin tau sejarah","5,0
/5",19 Nov 2024
Official Tickets | Ramayana Ballet Purawisata – 48 Years,DP,Good view and good show performance.,"5,0
/5",7 Nov 2024
Official Tickets | Ramayana Ballet Purawisata – 48 Years,TT,"Beliin tiket ramayana ballet untuk orangtua. Pembeliannya sangat mudah, admin gercep, saat di lokasi juga easy, orangtua saya yang gaptek aman. Sangat bahagia sepulangnya, karena baguss sekali..","5,0
/5",18 Aug 2024
Official Tickets | Ramayana Ballet Purawisata – 48 Years,HG,Really good experience abut hindú history! We had a dinner and ballet and it’s a really good idea if you’re in Yogyakarta and you will need to go sleep earlier.,"5,0
/5",15 Aug 2024
Official Tickets | Ramayana Ballet Purawisata – 48 Years,Hermawan Setya Nugraha,"Pemesanan mudah, metode pembayaran banyak dan tentunya banyak diskon seperti penggunaan poin..","5,0
/5",13 Aug 2024
Official Tickets | Ramayana Ballet Purawisata – 48 Years,Alfredo Piter,It was great! I only suggest to read the story before attending the ballet. they give you an English synopsis but it could be a little better.,"5,0
/5",12 Aug 2024
Official Tickets | Ramayana Ballet Purawisata – 48 Years,NY,"bagus, harus nonton kalo ke jogja","5,0
/5",9 Aug 2024
Official Tickets | Ramayana Ballet Purawisata – 48 Years,ZA,Amazing Performance 👏👏👏,"5,0
/5",19 Jul 2024
Official Tickets | Ramayana Ballet Purawisata – 48 Years,KN,"Pertunjukan yang sangat menarik, kalo ke Jogja, minimal sekali seumur hidup nonton sendratari ramayana ini","5,0
/5",10 Jul 2024
Official Tickets | Ramayana Ballet Purawisata – 48 Years,Yusiana Ana,Bagus banget suka sama para pemainnya juga,"5,0
/5",4 Jul 2024
Official Tickets | Ramayana Ballet Purawisata – 48 Years,Hastono Setyaji,"Nice performance ,nice traditional dance","5,0
/5",27 Jun 2024
Official Tickets | Ramayana Ballet Purawisata – 48 Years,Santi Sasongko,Kerennn suka dan sangat berkesan sekali liburan jogja kali ini bersama keluarga,"5,0
/5",26 Jun 2024
Official Tickets | Ramayana Ballet Purawisata – 48 Years,Santi Mawarni,"Very recommended, must try","5,0
/5",25 Jun 2024
Official Tickets | Ramayana Ballet Purawisata – 48 Years,SS,Keren dan seru harga cukup ekonomis,"5,0
/5",21 Jun 2024
Official Tickets | Ramayana Ballet Purawisata – 48 Years,FS,"Tempat pertunjukan bagus, ramai dg pengunjung lokal maupun wisatawan mancanegara. Pertunjukan yang luar biasa, cerita Ramayana dipadukn dg seni tradisional.","5,0
/5",19 Jun 2024
Official Tickets | Ramayana Ballet Purawisata – 48 Years,YA,"Sangat menakjubkan. Teater, penari dan musiknya sangat indah. Sebuah pengalaman 💕😍","5,0
/5",18 Jun 2024
Official Tickets | Ramayana Ballet Purawisata – 48 Years,hazmi azizaturrohmi,Keren banget cerita rama dan sinta yang sangat menarik Kalau mau lebih enak sekalian pesen sama dinner nya biar bisa langsung nonton,"5,0
/5",10 Jun 2024
Official Tickets | Ramayana Ballet Purawisata – 48 Years,KW,"Kerennn, ceritanya jg menarik, tempat nya cukup cozy","5,0
/5",31 May 2024
Official Tickets | Ramayana Ballet Purawisata – 48 Years,Sheila Nur Amalina,"Amaziiinggg!!! What a magnificent performance, my boyfriend and I were truly captivated.","5,0
/5",30 May 2024
Official Tickets | Ramayana Ballet Purawisata – 48 Years,TA,"It’s beautiful and magical, the fireworks adding a twist","5,0
/5",30 May 2024
Official Tickets | Ramayana Ballet Purawisata – 48 Years,AR,Teaternya seru bangett … pengalaman baruuu,"5,0
/5",28 May 2024
Official Tickets | Ramayana Ballet Purawisata – 48 Years,DU,"Pengalaman sangat mengesankan, sangat menarik & seru. Tariannya sangat luwes, atraksi-atraksinya mengesankan, gamelannya bagus. Petugasnya ramah-ramah. Saran : - Lebih bagus lagi kalau kita bisa memil...","5,0
/5",23 May 2024
Official Tickets | Ramayana Ballet Purawisata – 48 Years,YF,"Nice experience, mostly foreigner dominant, they respect our culture more than local","5,0
/5",13 May 2024
Official Tickets | Ramayana Ballet Purawisata – 48 Years,Aditya Josua Elvon,"Sangat menarik, penampilan yg bagus. Banyak wisatawan mancanegara","5,0
/5",12 May 2024
Official Tickets | Ramayana Ballet Purawisata – 48 Years,RN,Penampilan nya luar biasa meriahhhh,"5,0
/5",7 May 2024
Official Tickets | Ramayana Ballet Purawisata – 48 Years,shafira febriani,Keren banget pentas seninyaaa 👍🏻,"5,0
/5",2 May 2024
Official Tickets | Ramayana Ballet Purawisata – 48 Years,WS,"Keren banget, pertunjukan seni yang luar biasa","5,0
/5",27 Apr 2024
Official Tickets | Ramayana Ballet Purawisata – 48 Years,Heru Febriansyah,"Seru, keren, orangnya ramah”✨","5,0
/5",24 Apr 2024
Official Tickets | Ramayana Ballet Purawisata – 48 Years,MB,pertunjukkan nya benar2 worthed untuk ditonton.,"5,0
/5",22 Apr 2024
Official Tickets | Ramayana Ballet Purawisata – 48 Years,Gita Aji Adiwoso,mantab.... sekalian mengajarkan seni budaya kepada anak,"5,0
/5",17 Apr 2024
Official Tickets | Ramayana Ballet Purawisata – 48 Years,DP,Pertujukan fantastis,"5,0
/5",15 Apr 2024
Official Tickets | Ramayana Ballet Purawisata – 48 Years,KS,Josssssssssssssssssssssssssssssss,"5,0
/5",16 Feb 2024
Official Tickets | Ramayana Ballet Purawisata – 48 Years,Razan Karim,"Nice, amazing preforming","5,0
/5",5 Feb 2024
Official Tickets | Ramayana Ballet Purawisata – 48 Years,LM,"seru, anak2 suka dengan penampilan dan ceritanya","5,0
/5",28 Dec 2023
Official Tickets | Ramayana Ballet Purawisata – 48 Years,BP,"Bagus semua penampilan menarik dan keren, hanya makanan saja yang tidak panas jd gak fresh gitu but rasanya enak","5,0
/5",27 Dec 2023
Official Tickets | Ramayana Ballet Purawisata – 48 Years,BP,"Bagus penampilannya atraksinya, hanya saja buffet makanannya tidak panas jd kurang fresh aja but rasanya enak","5,0
/5",27 Dec 2023
Official Tickets | Ramayana Ballet Purawisata – 48 Years,Syahrul Mubarok,mantullllllllll banget nih,"5,0
/5",29 Nov 2023
Official Tickets | Ramayana Ballet Purawisata – 48 Years,Kesa Saufany Putri,"sangat menarikk , top","5,0
/5",21 Nov 2023
Official Tickets | Ramayana Ballet Purawisata – 48 Years,Regy Edry Miraza,"Gak bisa berkata kata, kereeeeennnn😁😁😁","5,0
/5",20 Nov 2023
Official Tickets | Ramayana Ballet Purawisata – 48 Years,FS,"Pertama kali tau ini dan BM banget kesini, Amazing Keren banget sih","5,0
/5",20 Nov 2023
Official Tickets | Ramayana Ballet Purawisata – 48 Years,EP,Pertunjukan dengan unsur kebudayaan yang perlu dilestarikan.,"5,0
/5",17 Nov 2023
Official Tickets | Ramayana Ballet Purawisata – 48 Years,UH,👍👍👍👍👍👍👍👍👍👍👍👍👍👍👍👍👍👍👍👍👍👍👍👍👍👍👍👍👍,"5,0
/5",17 Nov 2023
Official Tickets | Ramayana Ballet Purawisata – 48 Years,Audrey Madeleine Marie Steinmyller,Great show ! I really liked the story and the passion with which the actors played the acts. I recommend.,"5,0
/5",30 Sep 2023
Official Tickets | Ramayana Ballet Purawisata – 48 Years,RC,"Keunggulan : lokasi indoor, nonton di baris pertama, pencahayaan keren, musik luar biasa, efek dengan api dan kembang api asli, kemampuan penari yang profesional, bisa foto bareng dengan para penari, ...","5,0
/5",25 Aug 2023
Official Tickets | Ramayana Ballet Purawisata – 48 Years,Arifa Tuzaroh,"Bagus banget, Perlu dicoba buat pengalaman baru di jogja","5,0
/5",22 Aug 2023
Official Tickets | Ramayana Ballet Purawisata – 48 Years,GM,Uuuuapik. Worth the reservation money. Should come earlier so you can have dinner before the show 👌,"5,0
/5",22 Jul 2023
Official Tickets | Ramayana Ballet Purawisata – 48 Years,Yuri Astrida,"Dari mulai Dinner : Makanan enak semua, waiter ramah dan helpful Pertunjukannya sangaaaatt waah! I don't regret it","5,0
/5",18 Jul 2023
Official Tickets | Ramayana Ballet Purawisata – 48 Years,Dini Eka Ristanti,baguss bgt shownyaaa. kyknya bagus lg kalo nonton yg prambanan,"5,0
/5",14 Jul 2023
Official Tickets | Ramayana Ballet Purawisata – 48 Years,CS,bagus sekali pertunjukannya,"5,0
/5",11 Jul 2023
Official Tickets | Ramayana Ballet Purawisata – 48 Years,CC,"Kereen. Pelayanan bagus. Petugas sangat ramaah, terima kasih ibu security sudah sangat mengarahkan.. Pertunjukkannya epic..","5,0
/5",28 Jun 2023
Official Tickets | Ramayana Ballet Purawisata – 48 Years,David Soebagio,Cultural must see performance,"5,0
/5",22 Jun 2023
Official Tickets | Ramayana Ballet Purawisata – 48 Years,Maulana Agung Saputro,Jujur sekeren itu harus jadi wisata wajib jogja,"5,0
/5",10 Jun 2023
Official Tickets | Ramayana Ballet Purawisata – 48 Years,Nelpa Mayangsari,"Hoho.. Ini bagus banget ihh.. Bingung ga ada orang Indo yang nonton, malah bule semua. Kami menjadi representative of Indonesian viewer haha.. Asli bagus, anakku aja seneng banget. Enjoy the story wit...","5,0
/5",24 May 2023
Official Tickets | Ramayana Ballet Purawisata – 48 Years,Ali Safii,Keren bnget hiburak kek gini hrus dlestarikan,"5,0
/5",21 May 2023
Official Tickets | Ramayana Ballet Purawisata – 48 Years,Christantie Christantie,Excited banget bs lihat sendratari Ramayana 😊 ajak anak2 lbh baik utk mengenalkan budaya kita. Yg nonton antara org lokal sm bule lbh banyak bulenya malah 😄 Kl beli paketan tanpa dinner pun msh dpt ...,"5,0
/5",5 May 2023
Official Tickets | Ramayana Ballet Purawisata – 48 Years,Rio Kurniawan,Pertunjukannya sangat bagus,"5,0
/5",27 Mar 2023
Official Tickets | Ramayana Ballet Purawisata – 48 Years,ES,The best performance😊,"5,0
/5",7 Mar 2023
Official Tickets | Ramayana Ballet Purawisata – 48 Years,Ririn Dwi Anggraeni,Keren!! Semoga aja bisa nonton di outdoor nya kaya di prambanan,"5,0
/5",2 Mar 2023
Official Tickets | Ramayana Ballet Purawisata – 48 Years,Ratu Rikfi Ismuha,"Bagussssssss, worthed to watch","5,0
/5",1 Jan 2023
Official Tickets | Ramayana Ballet Purawisata – 48 Years,Achmad Basuki,"Bagus, menarik dan seru...recommended","5,0
/5",24 Dec 2022
Official Tickets | Ramayana Ballet Purawisata – 48 Years,LN,Keren....sayang waktu drng penontonnyq sepi,"5,0
/5",28 Nov 2022
Official Tickets | Ramayana Ballet Purawisata – 48 Years,Dahlia Fitri,"bagus banget , kalau ke jogja tmn"" wajib nntn ini yaa","5,0
/5",1 Oct 2022
Official Tickets | Ramayana Ballet Purawisata – 48 Years,Yosua Agustin Tri Putra,"Keren, seru, dan pelayanannya ramah","5,0
/5",26 Aug 2022
Official Tickets | Ramayana Ballet Purawisata – 48 Years,FU,"Good show, but the story is pretty hard to understand because I can’t hear well what the narrator said","4,0
/5",26 Jan 2025
Official Tickets | Ramayana Ballet Purawisata – 48 Years,rinta adita,bagus meskipun teater indoor,"4,0
/5",29 Aug 2024
Official Tickets | Ramayana Ballet Purawisata – 48 Years,Ariel Sumoro,Pertunjukan nya menarik dan mendebarkan. Iringan musiknya dimainkan dan dinyanyikan langsung dalam bahasa Jawa. Minimal nonton Ramayana 1x seumur hidup lah,"4,0
/5",23 Jul 2024
Official Tickets | Ramayana Ballet Purawisata – 48 Years,Ali Naga Saputra,"Sayang panas aja tempatnya, shownya asik","4,0
/5",5 Jan 2024
Official Tickets | Ramayana Ballet Purawisata – 48 Years,Hammond Limbong,"And the show is wonderful and the theater was pretty. Unfortunately, some tour groups were taking over the space and letting people do what they want, such as videoing the whole event.","4,0
/5",30 Aug 2023
Official Tickets | Ramayana Ballet Purawisata – 48 Years,EL,"Good experience, worth to try","4,0
/5",27 Mar 2023
Official Tickets | Ramayana Ballet Purawisata – 48 Years,Eddy Puryanto Vos,Nice and good experience.,"4,0
/5",25 Jul 2022
Official Tickets | Ramayana Ballet Purawisata – 48 Years,Danny Firmansyah,Puanas polll. Pertunjukam yg cukup baik dan memukau,"3,0
/5",9 Jul 2024
Official Tickets | Ramayana Ballet Purawisata – 48 Years,GH,Pertunjukannya bikin ngantuk. Pas saya nonton ada rombongan anak SMP yang ribut banget jadi ga nyaman.,"3,0
/5",25 Nov 2023
Official Tickets | Ramayana Ballet Purawisata – 48 Years,joshua de koster,It was a good show! If you want to experience some culture go!,"3,0
/5",21 Sep 2023
Official Tickets | Ramayana Ballet Purawisata – 48 Years,Amit Rawat,they call it ramayana but if you have been to bali kecak dance then surely you will not like it...even the performance was not that great. waste of time and money.,"1,0
/5",22 Feb 2024
La Li Sa European Park,Anjar Setiana YP,Cepat dan Murah. Tidak perlu antri dan dapat diskon dari voucher,"5,0
/5",4 Sep 2024
Waterboom Jogja,IS,Harga mantap.. tdk antri.. cepat dan mudah,"5,0
/5",31 Jan 2025
Waterboom Jogja,RP,seruuuuuuuuuuuuuuuiiuuuuuuuuuuuuuuuuuuuu,"5,0
/5",23 Jan 2025
Waterboom Jogja,SS,seru banget dan asyik,"5,0
/5",22 Jan 2025
Waterboom Jogja,IQ,"Tempat nya luas , fasilitas lengkap , wahananya mulai dari anak2 sampe dewasa aman dan nyaman","5,0
/5",11 Jan 2025
Waterboom Jogja,WS,cocok untuk liburan keluarga,"5,0
/5",9 Jan 2025
Waterboom Jogja,AA,"kalau tiketnya okee, murah jugaa kl direct 90.000 /tiketnya tp kalo beli di tiket 75.000/tiket, kalau wahananya okee seruu juga, tapi kita yg baru pertama kesitu jadi bingung soalnya ga ada yg ngasi t...","5,0
/5",8 Jan 2025
Waterboom Jogja,AR,Bagus tapi kurang bersih,"5,0
/5",6 Jan 2025
Waterboom Jogja,Farid Helmi,"Air nya bersih, nyaman dan wahananya banyak","5,0
/5",2 Jan 2025
Waterboom Jogja,NW,seruu banget emang sering kesinii!! tapi sayangnya yang perosotan hijau yang buat ber4 belom jadi jadi🥺,"5,0
/5",2 Jan 2025
Waterboom Jogja,NURFITRIA PAHLAWANTI,Having E ticket doesnt mean you can directly go through yhe entrance. You still need to stand in line and validate it. And you would need to pay another 10k per pax to enjoy the water museum,"5,0
/5",2 Jan 2025
Waterboom Jogja,Adellia Shierley Z,1000/10😍😍😍😍😍😍😍😍😍😍😍😍😍,"5,0
/5",30 Dec 2024
Waterboom Jogja,MI,Ditipu tiket.com harga tertera 45k eh malah aadi 75k,"5,0
/5",25 Dec 2024
Waterboom Jogja,Stefiana C Kusumadewi,Selalu menyenanģkan main dsni..wahananya byk dan seru utk anak2,"5,0
/5",24 Dec 2024
Waterboom Jogja,NG,"Seru bangettt!! Banyak mainan yang bisa di explore disini sama temen-temen, yang belum kesini wajib kesinii apalagi domisili jogjaa &lt;3","5,0
/5",15 Dec 2024
Waterboom Jogja,MS,Loker mahal lainnya bagus kok,"5,0
/5",4 Dec 2024
Waterboom Jogja,AI,seruuuu banget di sini gokilllll pokonya rekomended,"5,0
/5",19 Nov 2024
Waterboom Jogja,Zaskia rahmadanti Jauhari,seru banget yaaa pokoknyaaaa gt deh,"5,0
/5",10 Nov 2024
Waterboom Jogja,CK,"Seruuuu banget, cuma sayang ada beberapa wahana yg gak dibuka. Jadi gak bisa cobain semuanya","5,0
/5",7 Nov 2024
Waterboom Jogja,CW,"Seru bgt kolam ombak nya, di kolam arus banyak sekali daun","5,0
/5",4 Nov 2024
Waterboom Jogja,isna ayu wandira,Worth it banget dapet tiket promo bisa main wahana air sepuasnya,"5,0
/5",20 Oct 2024
Waterboom Jogja,AF,bagus banget gilaaa,"5,0
/5",16 Oct 2024
Waterboom Jogja,Muhammad Bima,wahana seru tapi ga semua di bukan jadi sedikit kecwwa,"5,0
/5",4 Oct 2024
Waterboom Jogja,DI,"seruuu bgtt,bagusss wlpun aku belum coba semua wahana nyaa❤️❤️❤️❤️","5,0
/5",3 Oct 2024
Waterboom Jogja,SK,"Bagus, lengkap, banyak wahananya, air bersih","5,0
/5",3 Oct 2024
Waterboom Jogja,YG,seruuyuy bgtttttt pokoknya bgtt lagiiuuuuuuu,"5,0
/5",2 Oct 2024
Waterboom Jogja,Salwa Ningrum,"Seruu bangeet, rekomended pokoknya","5,0
/5",24 Sep 2024
Waterboom Jogja,AY,Seru banget! Bener2 puas main wahana air di waterboom jogja apalagi harga tiketnya promo kalau pakai tiket.com dan tuker point,"5,0
/5",23 Sep 2024
Waterboom Jogja,Saidah Amri,Menarik...wahananya lengkap...byk yg memacu adrenalin,"5,0
/5",22 Sep 2024
Waterboom Jogja,RL,Rekomendasi area yogyakarta,"5,0
/5",21 Sep 2024
Waterboom Jogja,Yulius Dicky Pasca,Untuk tempat sudah sesuai dengan harga,"5,0
/5",19 Sep 2024
Waterboom Jogja,Gunawan Gunawan,Wahana air yg super gede tapi dg harga yg sangat ramah dikantong.,"5,0
/5",19 Sep 2024
Waterboom Jogja,Yulia Dwiva Putri,"Serruuuuu, happy... Semua wahana menyenangkan... 😎😎","5,0
/5",18 Sep 2024
Waterboom Jogja,STEFHANIE VERANDHA PUTRI,anak-anak saya suka main kesini!💖,"5,0
/5",5 Sep 2024
Waterboom Jogja,Rafel Johansyah,"It was fantastic, i got 27k per pax in the weekend, i saw in ticketing counter normaly cost 45k, but waterpark only open until 4pm, there is 2 attractions is being shut down, spare your money more bec...","5,0
/5",31 Aug 2024
Waterboom Jogja,firdya firdya,Top trus pas dpt dskon jg nh,"5,0
/5",22 Aug 2024
Waterboom Jogja,NV,aplikasi ini sangat memudahkan untuk sekali untuk pembelian tiket secara online,"5,0
/5",4 Aug 2024
Waterboom Jogja,Selvi Msen,The bestt 🥰🥰 Anak senang banyak perosotan,"5,0
/5",4 Aug 2024
Waterboom Jogja,Rusiyanawati Dwi Astuti,mantapp sekali pelayanan oke,"5,0
/5",1 Aug 2024
Waterboom Jogja,Muhammad FAUZIN,Kereen 👍muaaaaaaannnnnnnnnttttttttttttteuup,"5,0
/5",22 Jul 2024
Waterboom Jogja,MH,"Ok banget, pengalaman yang mengasyikan untuk rekreasi dengan keluarga, dan lebih di jaga lagi untuk kebersihan di kolam renang yg ada ring basket","5,0
/5",21 Jul 2024
Waterboom Jogja,Wulan dari,Ank sya suka dengan berbagai wahana airnya,"5,0
/5",16 Jul 2024
Waterboom Jogja,Berliana Eka Syafira Wulandari,Super seruuuuuuuuuuuuu,"5,0
/5",16 Jul 2024
Waterboom Jogja,NS,"Lumayan lah, meskipun ngga sebagus dulu tp gpp cukup buat rekreasi adek. Tp air nya ada yg hijau pekat yg di kolam yg deket ember tumpah itu kenapa ya?","5,0
/5",14 Jul 2024
Waterboom Jogja,mumung mulyana,Aplikasi tiket.com sangat membantu. Saya bisa pesan lebih awal dan alhamdulillah sangat memuaskan,"5,0
/5",9 Jul 2024
Waterboom Jogja,Jenzen Prasetyo Wahyujati,Sangat menyenangkan bisa liburan bersama keluarga di Jogjabay. Terima kasih tiket.com,"5,0
/5",8 Jul 2024
Waterboom Jogja,Ailyna Tiya purnama,"Wahana bervariasi , anak2 pada puas Lain waktu pingin ke sana lagi","5,0
/5",7 Jul 2024
Waterboom Jogja,Yuliana Puspa Sari,"Penukaran mudah dan murah bgt dapet buy 1 get 1, tq tiket.com","5,0
/5",5 Jul 2024
Waterboom Jogja,FIDRIANSYAH FIDRIANSYAH,Wahananya ada yg tdk operasi sedihh,"5,0
/5",5 Jun 2024
Waterboom Jogja,AR,Seruuu...banyak wahana yg menantang.....,"5,0
/5",29 May 2024
Waterboom Jogja,NK,"Cocok untuk liburan keluarga. Anak happy, ortu happy, makannya juga yahhh mayanlah rnak standar. Gazebo juga aman. Kamarmandi wanita lumayan bersih air lancar. Cuma barengan sama piinikan sekolah dr k...","5,0
/5",26 May 2024
Waterboom Jogja,dewina tya fitriana,Mantappp seru banyak prosotan nya,"5,0
/5",21 May 2024
Waterboom Jogja,Febiani Wulandari,Tempat bagus ..cuma sayangnya ga semua permainannya dibuka.. overall bagus..kamar mandi.. tempat ganti bajunya bersih besar...resto makanan jg bs diperbanyak..,"5,0
/5",16 May 2024
Waterboom Jogja,SM,Mantap. Banyak wahana dan menantang,"5,0
/5",16 May 2024
Waterboom Jogja,Irvan Irvan,Okfghdgnkkhuigjjhhhhhgffhjhftyhjjgfhjjffh,"5,0
/5",11 May 2024
Waterboom Jogja,AP,..................................................,"5,0
/5",22 Apr 2024
Waterboom Jogja,AP,............................................................,"5,0
/5",22 Apr 2024
Waterboom Jogja,SK,"Seruuu, asik, menyenangkan,harus seharian disana supaya wahananya ke coba semua","5,0
/5",21 Apr 2024
Waterboom Jogja,Boby Wibowo,"bagus, banyak wahananya","5,0
/5",16 Apr 2024
Waterboom Jogja,LF,"Seru banget pokoknya,tidak bisa berkata²...kalian kalo ke Jogja ini wajib kesini kataku mah...apalagi pas ombak itu..serunya ga ada duanya","5,0
/5",15 Mar 2024
Waterboom Jogja,AS,Lumayan untuk waterboom di jogja bisa jadi referensi,"5,0
/5",14 Mar 2024
Waterboom Jogja,Muhammad fiqih Ferdiansyah,"Enak, nyaman, banyak wahana, seru, bersih","5,0
/5",9 Mar 2024
Waterboom Jogja,Mega Grafika,"Oke, beli langsung bisa di redeem","5,0
/5",26 Feb 2024
Waterboom Jogja,WD,"Harga murah, banyak tempat bilas, banyak wahana","5,0
/5",15 Feb 2024
Waterboom Jogja,Nuri Ardiantika Sofiana,Good oke bagus seru asik jozz,"5,0
/5",13 Feb 2024
Waterboom Jogja,NK,"Baguss, wahananya banyak","5,0
/5",7 Feb 2024
Waterboom Jogja,Yudha Yudha,"bagus, cuma utk permainan ombak lantainya kasar","5,0
/5",29 Jan 2024
Waterboom Jogja,HS,bagus kok menarik seru,"5,0
/5",29 Jan 2024
Waterboom Jogja,Ekowati Sri Hariyati,"Seru, recomend lepas penat","5,0
/5",27 Jan 2024
Waterboom Jogja,Irma Musa,Sudah berapa kali kesini dan semua menyenangkan,"5,0
/5",25 Jan 2024
Waterboom Jogja,MP,"Happy, lebih murah lewat tiket.com, saran aja utk pegawainya bisa arahin pengunjung soalnya kaya saya yang dari luar kota agak bingung sistem wahananya gmn wkwk. Over all asikk, tempatnya bersih nyama...","5,0
/5",18 Jan 2024
Waterboom Jogja,alfin mahmudi,Okey...recomended banget,"5,0
/5",15 Jan 2024
Waterboom Jogja,Rafif Ramadhan Setiawan,Harga murah dan banyak wahana airnya yang patut dicoba,"5,0
/5",11 Jan 2024
Waterboom Jogja,Wulung Idianto,salah satu tempat rekreasi keluarga. yang bagus di jogja,"5,0
/5",10 Jan 2024
Waterboom Jogja,JONI KUSWANTO,MANTAPPPPPPPPPPPPPPPPPPPPPPPPPPPPPP.,"5,0
/5",6 Jan 2024
Waterboom Jogja,Solichin Solichin,"Tempatnya nyaman, permainannya banyak. Sayangnya ban doublenya jumlahnya sedikit sehingga harus antri cukup lama.","5,0
/5",5 Jan 2024
Waterboom Jogja,Irma Musa,Seru permainan nya anak anak semua jadi suka,"5,0
/5",3 Jan 2024
Waterboom Jogja,Isti Widiharjanti,Good enough and amazing experience,"5,0
/5",3 Jan 2024
Waterboom Jogja,Teguh teguh,Cocok anak2 akan senang,"5,0
/5",2 Jan 2024
Waterboom Jogja,Widya Hari Nugraha,Seru dan menyenangkan,"5,0
/5",2 Jan 2024
Waterboom Jogja,Willy Saputra,"Mantap 👍,, proses nya penukaran voucher nya gampang dan mudah","5,0
/5",2 Jan 2024
Waterboom Jogja,Sri Astuti Putri Ramdhani,"Mantappp, kolam arusnya the best, rindang bgt ga panas","5,0
/5",31 Dec 2023
Waterboom Jogja,Cukry Cuk,Oke mantaappppppppppppppp,"5,0
/5",30 Dec 2023
Waterboom Jogja,Gilang Budi Asmara,bagus nyaman 👌👌👌👌👌,"5,0
/5",30 Dec 2023
Waterboom Jogja,Gilang Budi Asmara,"bagus, nyaman 👌👌👌👌","5,0
/5",30 Dec 2023
Waterboom Jogja,Dewi Handayani,"Seru, menyenangkan, dan puas sekali main air","5,0
/5",29 Dec 2023
Waterboom Jogja,FA,Semoga bisa buka lebih pagi,"5,0
/5",27 Dec 2023
Waterboom Jogja,SS,Seru banyak wahana permainan,"5,0
/5",27 Dec 2023
Waterboom Jogja,Hadijah Hamzah,Lumayan..buat tempat hiburan keluarga..seru..,"5,0
/5",25 Dec 2023
Waterboom Jogja,HZ,seru banget. wktu itu weekdays jd sepi. sayangnya ada wahana yg ditutup. tapi overall wahana lainnya ttp seru,"5,0
/5",6 Dec 2023
Waterboom Jogja,Habib Ullah,bagus banget banget samgat rekomended,"5,0
/5",23 Nov 2023
Waterboom Jogja,Rinda Puspa,Mantappp josjis tenan,"5,0
/5",22 Nov 2023
Waterboom Jogja,Husnul Abdi,Seru banget bareng anak anak main ombak sama salju. Pasti bakal balik lagi nanti,"5,0
/5",22 Nov 2023
Waterboom Jogja,FD,wave + slides + kolam arus 👌👌👌,"5,0
/5",20 Nov 2023
Waterboom Jogja,PUTRI FEBRIANI SAFITRI,"Keren, tapi kurang bersih","5,0
/5",16 Oct 2023
Waterboom Jogja,Ery irfiyani,Baguuuuuuus bngetttt loh,"5,0
/5",9 Oct 2023
Waterboom Jogja,NA,Seruu abisssss cuman ada satu wahana yang di tutup,"5,0
/5",8 Oct 2023
Waterboom Jogja,Siti Rohmah,Asik seru menyenangkan..,"5,0
/5",5 Oct 2023
Waterboom Jogja,Rani Kilatsih,Menyenangkan dan seru,"5,0
/5",4 Oct 2023
Waterboom Jogja,novia rizky amelia,seruuu banget wahana mainan airnya asikk,"5,0
/5",2 Oct 2023
Waterboom Jogja,Farihna Nuriyanti,Oke bgttttttttttttttttttttttttttt,"5,0
/5",28 Sep 2023
Waterboom Jogja,Ain Khoeruzaman,Tempat nya enak dan nyaman,"5,0
/5",27 Sep 2023
Waterboom Jogja,Wahyu Ramadhani Gusti,Sangat memuaskan.. mantappp,"5,0
/5",23 Sep 2023
Waterboom Jogja,Wahyu Ramadhani Gusti,"Sangat memuaskan, mantap pokoknya...","5,0
/5",23 Sep 2023
Waterboom Jogja,Ninda Laila,Seru bangetttttttttyytttyy,"5,0
/5",19 Sep 2023
Waterboom Jogja,RS,Keren bangett dan tentunya se asik itu,"5,0
/5",11 Sep 2023
Waterboom Jogja,ET,"seru abis, apalagi bareng beztieee","5,0
/5",6 Sep 2023
Waterboom Jogja,Luthfia Isna Dinova,Worth it banget dengan harga segitu dan bisa main wahana yang oke2,"5,0
/5",3 Sep 2023
Waterboom Jogja,NA,SERU PARAHHH. Really worth time and money. Will be coming back soon,"5,0
/5",1 Sep 2023
Waterboom Jogja,FajarSidiq FajarSidiq,Yattttttttttttttttttb,"5,0
/5",31 Aug 2023
Waterboom Jogja,FS,"Bagus, pertama kali kesini dapet harga murah bangett","5,0
/5",30 Aug 2023
Waterboom Jogja,Michael Fandro,wbjnl nibvkvkon jib j booc k bu,"5,0
/5",30 Aug 2023
Waterboom Jogja,Kartika Dewi,Seru dan asik wahananya,"5,0
/5",30 Aug 2023
Waterboom Jogja,Dinda Patricia,Must visit sih bener bener rekomendasi bgt buat family time,"5,0
/5",30 Aug 2023
Waterboom Jogja,SP,"Rame dan seru, terutama wahana ombak","5,0
/5",29 Aug 2023
Waterboom Jogja,RA,bagusbanget untuk liburan,"5,0
/5",29 Aug 2023
Waterboom Jogja,SA,Tempatnyaa bagus banget dan wahananya banyakk😍👍🏼,"5,0
/5",28 Aug 2023
Waterboom Jogja,Aliya Mukhlisa,Bagus dan bersih nyaman,"5,0
/5",28 Aug 2023
Waterboom Jogja,raditya aji,bagus keren sempurna asik ketemu mantan 😭,"5,0
/5",28 Aug 2023
Waterboom Jogja,Dwinanto Purwandono,Rame dan bagus seruuu,"5,0
/5",28 Aug 2023
Waterboom Jogja,Ardianto Handoyo,"Sedang direnovasi, lebih baik dari setahun yg lalu","5,0
/5",27 Aug 2023
Waterboom Jogja,Andi Ramadhan,"Bagus, bersih, rapi. Mantap.","5,0
/5",26 Aug 2023
Waterboom Jogja,Troynanda Feriatna,Mantap kuuyyyyy liburan,"5,0
/5",26 Aug 2023
Waterboom Jogja,DH,Kerennn!! Bisa jadi rekomendasi tempat liburan bareng keluarga ataupun teman dan pasangan,"5,0
/5",26 Aug 2023
Waterboom Jogja,Primadita Armila Putri,"Sangat menyenangkan, anak sya suka sekali..","5,0
/5",24 Aug 2023
Waterboom Jogja,Antonia Erica Clemens,seru dan sangat menyenangkan,"5,0
/5",24 Aug 2023
Waterboom Jogja,Antonia Erica Clemens,keren sangat seru dan menyenangkan,"5,0
/5",24 Aug 2023
Waterboom Jogja,Indriyani Kusumanungrumi,Sangat menyenangkaan dan seruu banget tapi sayangnya ada wahaana yang nggak bisaa karena lagi perbaikan,"5,0
/5",23 Aug 2023
Waterboom Jogja,Fahroziah Assyifa,Tempat yg sangat cocok untuk bermain bersama keluarga tercinta. Anak happy sekali mencoba berbagai wahana. Kebagian tiket promo 17 agustus jadi cuma 25rb/orang. Next time akan datang lagi.,"5,0
/5",23 Aug 2023
Waterboom Jogja,Wahyu Nurochim,"Ok si, fasilitas lengkap.... Tiket masuk murah, dn kbetulan dpt harga dr tiket.com jg lbh murah.... Cuma mnurut sy gazebo 150rb kmahalan.... Sewa loker jg kmahalan.... Toko perlengkapan renang yg pas ...","5,0
/5",20 Aug 2023
Waterboom Jogja,Dina udaryanti,Nice vacation.. Thx tiket. Com waterboom jogja,"5,0
/5",19 Aug 2023
Waterboom Jogja,Muhammad Ridhwan Anshori,"Seruu, worth it banget kalau bareng temen/keluarga","5,0
/5",17 Aug 2023
Waterboom Jogja,Pramudya Arya,"Harga tiket masuk kalau lagi promo worth it, sepuasnya bisa semua wahana. Exclude loker dan pelampung ya biaya tambahan","5,0
/5",14 Aug 2023
Waterboom Jogja,Yunias Adhe Putri,Bagus lah.. Cuma gk boleh bwa makanan aj minus nya..,"5,0
/5",17 Jul 2023
Waterboom Jogja,Aminah Aminah,"Banyak wahana permainan menantang, byk pilihan seluncuran","5,0
/5",17 Jul 2023
Waterboom Jogja,Dewi Candraningsih,Anak2 senang sekali pingin balik lagi,"5,0
/5",10 Jul 2023
Waterboom Jogja,Dwi Mariyani,Mantap.. puas banget banyak wahananya,"5,0
/5",1 Jul 2023
Waterboom Jogja,Denta Saputra,"bagus.. tapi tempat duduk minim, akhirnya harus sewa itu","5,0
/5",26 Jun 2023
Waterboom Jogja,TB,Rebranding dari jogja bay wahana masih oke oke,"5,0
/5",24 Jun 2023
Waterboom Jogja,tomi setiawan,kayanya bakal sering ke Jogjabay barengan keluarga deh,"5,0
/5",22 Jun 2023
Waterboom Jogja,NM,"bgsssss tmptnyaaaa, seruu","5,0
/5",17 Jun 2023
Waterboom Jogja,Rhayhan Kienan N,Manteb banget bisa have fun sama keluarga dan sahabat 👊🏻😁,"5,0
/5",17 Jun 2023
Waterboom Jogja,Fhita arsya hurul aini,Happy bgtttttttttttttttttttt,"5,0
/5",14 Jun 2023
Waterboom Jogja,Lahuri Lahuri,"Mantabs pol, seruu banget","5,0
/5",6 Jun 2023
Waterboom Jogja,Ragil Syahputro,Goooodddddd pppoooolll,"5,0
/5",5 Jun 2023
Waterboom Jogja,CR,Seru banget buat healing dan refreshing diri sejenak,"5,0
/5",5 Jun 2023
Waterboom Jogja,Rizqi Ulla Amaliah,Bagus untuk anak anak dan keluarga,"5,0
/5",28 May 2023
Waterboom Jogja,Nia Rahmadina,mantapppp seruuu bgtttt,"5,0
/5",21 May 2023
Waterboom Jogja,Cahya Budi Kurniawan,"Konfirmasi instan, g ribet","5,0
/5",19 May 2023
Waterboom Jogja,PA,"lebih praktis beli tiket online,, apalagi pake tiket.com yg gak gampang dan simple banget.. tinggal klik klik klik dapet deh tiketnya.. banyak promo menarik juga.. 😊👍","5,0
/5",19 May 2023
Waterboom Jogja,Renny Haryani,Sangat mudah aksesnya,"5,0
/5",15 May 2023
Waterboom Jogja,Naufan Rifki Kahermasdita,seru mantab..........,"5,0
/5",2 May 2023
Waterboom Jogja,Cahyani Yuliantari,Beli pagi dan langsung cus,"5,0
/5",28 Apr 2023
Waterboom Jogja,Radiansyah Radiansyah,Oke banget... asek trus jalan jalann,"5,0
/5",22 Apr 2023
Waterboom Jogja,Antonius Ernadi,fasilitas masih bagus,"5,0
/5",16 Mar 2023
Waterboom Jogja,robert dian eka,Good seru banyak wahana anak jadi senang,"5,0
/5",22 Feb 2023
Waterboom Jogja,SUPRIYADI SUPRIYADI,Anak2 dan keponakan senang,"5,0
/5",21 Feb 2023
Waterboom Jogja,indra Darmawan,"mantap...cm harga sewa gazebo agak mahal, 150","5,0
/5",19 Feb 2023
Waterboom Jogja,JD,"Keren bgt,kemarin dapat harga promo cuma 45k/pax. Semua pekerja yang ada di sana ramah-ramah tanpa terkecuali🥺. Untuk setiap wahana sudah di sediakan ban/matras khusus yah dan itu free, kecuali untuk...","5,0
/5",1 Feb 2023
Waterboom Jogja,Bayu Ajie,"Biasa aja, bosan gt2 aja","5,0
/5",23 Jan 2023
Waterboom Jogja,Ria Indah Agustine,Seruuu main di sini apalagi pas ada ombak²nya,"5,0
/5",21 Jan 2023
Waterboom Jogja,Vonny Iriani Rammang,Mantappppp bangetttt anak puas maen air....😁😁😁😁,"5,0
/5",16 Jan 2023
Waterboom Jogja,DN,Menyenangkan. Wahananya beragam. Petugas ramah. Kebersihan terjaga.,"5,0
/5",15 Jan 2023
Waterboom Jogja,Umi Chasanah,Seru wahana banyak...,"5,0
/5",8 Jan 2023
Waterboom Jogja,Zaid Al Jihan,joss.. lebih bersih dan terawatt. ditambahkan lagi wahana airnya,"5,0
/5",7 Jan 2023
Waterboom Jogja,Zaid Al Jihan,"kerrenn, harga nya lebih terjangkau sekarang dan lebih bersih","5,0
/5",7 Jan 2023
Waterboom Jogja,Belatrix Widi Wulandari,"Wahana seru-seru, tidak terlalu ramai. Adem krn banyak pohon. Asyik banget.","5,0
/5",4 Jan 2023
Waterboom Jogja,day suci ramadhani,Bagus tempatnya untuk liburan keluarga,"5,0
/5",4 Jan 2023
Waterboom Jogja,IY,"Okee kalo ga pake promo mahal,,","5,0
/5",4 Jan 2023
Waterboom Jogja,MP,Oke recomended tetapi untuk harga loker dan gazebo masi termasuk mahal,"5,0
/5",4 Jan 2023
Waterboom Jogja,KN,Keren tempat nyaman banget,"5,0
/5",4 Jan 2023
Waterboom Jogja,Wati Kholis,Bagusssssssss poooollllllll,"5,0
/5",3 Jan 2023
Waterboom Jogja,Yunita Kurniati,selalu suka ke waterboom jogja,"5,0
/5",1 Jan 2023
Waterboom Jogja,Syafwan Mus,Wow worth it sih liburan kesini dpt tiket promo,"5,0
/5",1 Jan 2023
Waterboom Jogja,Nur Nayla Rahma,"keren, menyenangkan untuk berlibur","5,0
/5",31 Dec 2022
Waterboom Jogja,Toni Ariyanto,"Waterboom nya luas, harganya juga cukup murah. Banyak perosotan dari yang extrem sampai buat anak-anak. Dan yang menyenangkan adalah kolam ombaknya.","5,0
/5",29 Dec 2022
Waterboom Jogja,Bayu Ajie,Mantap jiwa pokokmen lur,"5,0
/5",25 Dec 2022
Waterboom Jogja,Aat Riyanto,Keren banget tempatnya,"5,0
/5",25 Dec 2022
Waterboom Jogja,TF,menyenangkan.. next kesini lagi,"5,0
/5",25 Dec 2022
Waterboom Jogja,Samudra syah alam akbar,uhsjaianajsudufhajajsnd,"5,0
/5",23 Dec 2022
Waterboom Jogja,Septiani Tri Rahayu,Puasssss sekali bermain di waterboom jogja. Terima kasih,"5,0
/5",22 Dec 2022
Waterboom Jogja,Dimas Adiangga,Seru banget wahana nya,"5,0
/5",21 Dec 2022
Waterboom Jogja,AP,Overall bagus ya.. Semua wahana bagus bersih dan banyak penjaga / pool guard yang selalu standby di arena.,"5,0
/5",18 Dec 2022
Waterboom Jogja,andi santoso,Bagus keren tempatnya... Harga juga ramah dikantong... Pokoknya puas kl liburan Jogja Bay..,"5,0
/5",16 Dec 2022
Waterboom Jogja,anas anas,"Baguss banget tempatnyaa, betah kemarin disini hampir cobain semua perosotan nya jugaa☺","5,0
/5",5 Dec 2022
Waterboom Jogja,Eka Sambudi,Liburan di water slide yang seru,"5,0
/5",1 Dec 2022
Waterboom Jogja,Ghassani Anggrainy Putri,Asik walaupun cuma sebentar,"5,0
/5",1 Dec 2022
Waterboom Jogja,Eman Sulaeman,Xa sjicj0wcjchjcwhacsshjslsphs psjvslvpspsvs,"5,0
/5",26 Nov 2022
Waterboom Jogja,NY,"Josjis lah pokoknya, harus coba","5,0
/5",23 Nov 2022
Waterboom Jogja,RK,Seru banget bisa dapet harga terjangkau dan sangat mudah dalam penukaranya,"5,0
/5",22 Nov 2022
Waterboom Jogja,abil haritzah,bagus sekali . bersih,"5,0
/5",21 Nov 2022
Waterboom Jogja,Fitly Yulius,Oke..harga oke.hanya dii harga makanan dan minuman agak tinggi,"5,0
/5",19 Nov 2022
Waterboom Jogja,IF,"Asikk murah, menarik untuk di kunjungi","5,0
/5",18 Nov 2022
Waterboom Jogja,Edy Mohd Ali,Great for family activities.,"5,0
/5",16 Nov 2022
Waterboom Jogja,rachel kurniawati,Mantap seharian di jogja bay,"5,0
/5",15 Nov 2022
Waterboom Jogja,Fajar Ramadhan R,Pokonya mantap ga nyesel kesini dengan harga yg terbilang murah,"5,0
/5",9 Nov 2022
Waterboom Jogja,AD,"Asik, sayang wahana gk aktif serentak. Harus nunggu jam utk nikmatin wahana lainnya","5,0
/5",29 Oct 2022
Waterboom Jogja,bayu kurniawa,Cepet GA ribet banyak disco,"5,0
/5",29 Oct 2022
Waterboom Jogja,bayu kurniawa,Keren nyaman Aman maknyus,"5,0
/5",29 Oct 2022
Waterboom Jogja,Muhammad Hadi SP,"mantap tempat nya ,gak nyesal ngajak berenang keluarga kesini","5,0
/5",27 Oct 2022
Waterboom Jogja,EK,Lokasinya luas dan besar sekali banyak wahana air yang bisa digunakan. Dateng di hari kerja biar puas main tapi ga terlalu ramai,"5,0
/5",21 Oct 2022
Waterboom Jogja,Nurul Idha,"Bagus, wahana nya banyak","5,0
/5",21 Oct 2022
Waterboom Jogja,Ilham Datu Ramang,"Gooddd, suka ke san apalagi klo lagi cuti suami... Puass main airny","5,0
/5",19 Oct 2022
Waterboom Jogja,Efpri Haut,Tempatnya bagus nyaman dan bersih Banyak wahana yang bisa kita rasakan,"5,0
/5",12 Oct 2022
Waterboom Jogja,AB,Ntaps murah menyenangkan,"5,0
/5",10 Oct 2022
Waterboom Jogja,Muhammad Burhanudin Habiburrahman,"Seru bgt sih kolamnya, udh 4x kesana pas promo trs. Kalo gak pas promo ya up deh, wkwkwk.","5,0
/5",9 Oct 2022
Waterboom Jogja,alvino alvino,mantap promo tiket.com,"5,0
/5",27 Sep 2022
Waterboom Jogja,Agung Tumanggor,"Good, good good good goog","5,0
/5",21 Sep 2022
Waterboom Jogja,MM,Seruu sih.. main2 sama keluarga happy semuanya. Terima kasih,"5,0
/5",9 May 2022
Waterboom Jogja,DA,"Bagus,asik Kalau bisa lebih variatif lagi utk acara ombak nya","4,0
/5",30 Jan 2025
Waterboom Jogja,Susi Sugianto,"Luas dengan wahana permainan banyak, anak-anak senang","4,0
/5",22 Jan 2025
Waterboom Jogja,Sando Hendrawanto,"Cukup menyenangkan bagi keluarga. Saya kesana saat liburan nataru. Cukup ramai saat itu namun kepadatannya tetap nyaman dan tidak ada masalah. Beberapa ektra diluar biaya masuk yaitu sewa ban, sewa pe...","4,0
/5",12 Jan 2025
Waterboom Jogja,BY,Tempat luas tapi sudah terlihat kurang perbaikan,"4,0
/5",4 Jan 2025
Waterboom Jogja,Novita Permata,"menyenangkan , pegaiwainya ramah , banyak sekali pilihan tempat bermain air di dalamnya","4,0
/5",1 Jan 2025
Waterboom Jogja,Al Aqsa Rofrofatul aliya,mntap harga lebih murah online dibanding offline,"4,0
/5",1 Jan 2025
Waterboom Jogja,RW,Ombak dan busa favoritt,"4,0
/5",30 Dec 2024
Waterboom Jogja,SA,Bagus wahananya banyak wahana ektrem seru sekali..bisa melatih keberanian anak2..cuma pulang2 betis kerasa..naik tangga menuju wahana seluncuran,"4,0
/5",28 Dec 2024
Waterboom Jogja,Ahmad Muhtar Wiratama,"Semua bagus, tapi lantai mulai banyak yg pecah. Bikin bahaya.","4,0
/5",28 Dec 2024
Waterboom Jogja,Ulfah Mufidati,oke.. menarik.. cukup menantang namun banyak wahana tidak beroperasu,"4,0
/5",23 Dec 2024
Waterboom Jogja,Nimas Cahya,seru banget renang disini,"4,0
/5",23 Dec 2024
Waterboom Jogja,AN,"Sesuai ekspektasi, seru banget wahananya juga banyak dan suka banget berenang di waterboom Yogyakarta. Gk kecewa sama sekali","4,0
/5",6 Dec 2024
Waterboom Jogja,RL,Tempat rekreasi keluarga,"4,0
/5",22 Nov 2024
Waterboom Jogja,syahrial azharudin,Bagus tapi harus lebih menarik wahananya dan lbh bersih,"4,0
/5",14 Oct 2024
Waterboom Jogja,Luthfiyyah Syifa,"okee banget, pelayannya ramah, serussss jg prosotannya","4,0
/5",3 Oct 2024
Waterboom Jogja,GA,Kamarandinya bersih Wahana perosotannya seruuu,"4,0
/5",24 Sep 2024
Waterboom Jogja,WISNU HENDARTO,...wwqqqwmwmwmwmwmwmmsmsmsmsmsmsmsmsmsmsmsm,"4,0
/5",22 Sep 2024
Waterboom Jogja,Nurul Qomaria,"bagus, banyak banget wahana airnya dan seru! Karena saya kesana pas weekday jadi penngunjung di ppagi ga begitu banyak dan jangan langsung nyewa ban ya, karena di bbrp wahana ada bannya. Itung2 hemat☺...","4,0
/5",1 Sep 2024
Waterboom Jogja,YR,"meski gazebo berbayar, bagi yang mau ngirit bisa memanfaatkan kursi kayu panjang untuk meletakkan barang. Petugasnya ramah dan cekatan. Menu makanan dan minuman, rasanya standar. Overall menarik untuk...","4,0
/5",1 Aug 2024
Waterboom Jogja,SS,Lebih murah daripada beli tiketnya langsung. Mantapp seru banget pokoknya,"4,0
/5",21 Jul 2024
Waterboom Jogja,Prayudha Benni Setiawan,Cukup memuaskan untuk anak anak karena wahana cukup banyak. Tetapi perlu diawasi,"4,0
/5",14 Jul 2024
Waterboom Jogja,WW,Wahana perosotan kurang banyak jumlahnya untuk dewasa,"4,0
/5",13 Jul 2024
Waterboom Jogja,RF,"Cukup asik,pelayanan oke. Semoga wahana dan fasilitas bisa lebih terawat","4,0
/5",12 Jul 2024
Waterboom Jogja,RF,"Cukup asik,pelayanan oke. Semoga wahana dan fasilitas bisa lebih terawat","4,0
/5",12 Jul 2024
Waterboom Jogja,NI,Cukup seru dan menyenangkan,"4,0
/5",6 Jul 2024
Waterboom Jogja,AP,Bagus sih tp ga ada kolam olympicnya ya hmm,"4,0
/5",19 May 2024
Waterboom Jogja,SR,Mantapppppppppppppppppppppppppppppp,"4,0
/5",13 May 2024
Waterboom Jogja,MAEKO PUTRA,"Tiket nya mahal saat high seaseon, ngatri dibsetiao wahana air, tp secara overall cukup menyenangkan liburan disini bersama anak2","4,0
/5",22 Apr 2024
Waterboom Jogja,Dita Dara Aulia,seruu banget tapi beberapa wahana perosotan banyak yang ga aktif,"4,0
/5",17 Apr 2024
Waterboom Jogja,ANDI TRIASMORO,Sangat seru dan mengasyikkan. Hanya dibutuhkan tingkat perawatan yang lebih baik lagi.,"4,0
/5",15 Mar 2024
Waterboom Jogja,Yuliana Puspa Sari,"Seru juga, banyak staff ny, kamar mandi lumayan bersih (sekalipun ada yg pesing jg). Permainan cukup terawat.","4,0
/5",11 Mar 2024
Waterboom Jogja,Desy dwi hapsari,Area luas.. walaupun ramai tidak terasa sesak.,"4,0
/5",14 Feb 2024
Waterboom Jogja,Awan Santoso Awan Santoso,lebih murah daripada langsung di lokasi,"4,0
/5",23 Jan 2024
Waterboom Jogja,Triningsih Tri,Seru pokoknya gk bakal kecewa,"4,0
/5",19 Jan 2024
Waterboom Jogja,Imam Rafif Althaf,keren bgtttttttttttttttt,"4,0
/5",13 Jan 2024
Waterboom Jogja,KK,Seruuu..tiket murah dan mudah,"4,0
/5",31 Dec 2023
Waterboom Jogja,ANIHARIANI NATALIA,Bagus semuanya banyak pilihan kolam,"4,0
/5",24 Nov 2023
Waterboom Jogja,ANIHARIANI NATALIA,Tempatnya Oke.cm Kolamnya Yg bagian Gelombang banyak lantai keramiknya Udah Copot .jadi agal tajam pas berenang Ngak kerasa Terluka ps udah Selesai berenang kaki Ada Yg berdarah.kamar mandinya Dong Di...,"4,0
/5",24 Nov 2023
Waterboom Jogja,MK,Over all bagus. Ada live music juga,"4,0
/5",13 Oct 2023
Waterboom Jogja,MZ,"Baguss, tapi ada beberapa waterbom yg ditutup","4,0
/5",13 Sep 2023
Waterboom Jogja,Firman Suyanto,Keren tempatnya tapi pengunjung nya ga begitu ramai,"4,0
/5",4 Sep 2023
Waterboom Jogja,Ahmad Zubaidi,Panasss sekali ombak nya di jam jam tertentu tidak setiap saat,"4,0
/5",4 Sep 2023
Waterboom Jogja,ZM,Mantab banget apalagi tiketnya super diskon,"4,0
/5",30 Aug 2023
Waterboom Jogja,Ariska Nurul,Mantap seru banget josss,"4,0
/5",27 Aug 2023
Waterboom Jogja,Kresna Yusuf Widodo,Lumayan dapet promo kemerdekaan dan tempatnya lumayan bagus,"4,0
/5",21 Aug 2023
Waterboom Jogja,Agus Dwi,"Seru banget tapi sayang banyak plosotan yg g licin,JD merosot harus ngayuh sendiri","4,0
/5",20 Aug 2023
Waterboom Jogja,Lufiana Hikmah,bagus banyak wahananya,"4,0
/5",18 Aug 2023
Waterboom Jogja,DS,"Wahananya seru, tapi kurang terawat, harga lebih murah.dulu kesini namanya masih Jogjabay, masih bagus. Terdapat mushalla,tempat wudhu terbuka dan csmpur","4,0
/5",10 Jul 2023
Waterboom Jogja,tomi setiawan,seru juga ternyata cm sayangnya ada jam tertentu untuk wahana tertentu,"4,0
/5",22 Jun 2023
Waterboom Jogja,Laila Fatmala Santi,Nice nice nice nicenice,"4,0
/5",19 May 2023
Waterboom Jogja,ON,Wahanya lengkap. Makanan yg dijual relatif mahal dan kurang lengkap.,"4,0
/5",15 May 2023
Waterboom Jogja,ON,"Wahananya lengkap. Makanan yg dijual disana, relatif mahal dan kurang lengkap pilihannya","4,0
/5",15 May 2023
Waterboom Jogja,Angga Suwastiko Noorsanto,Tempat yang menyenangkan untuk mengisi waktu liburan bersama teman dan keluarga,"4,0
/5",28 Apr 2023
Waterboom Jogja,RM,bagus dan seru next k sini lg bawa anak²,"4,0
/5",1 Apr 2023
Waterboom Jogja,Hartono Hartono,Banyak wahana belum di cat ulang jadi terkesan usang,"4,0
/5",6 Mar 2023
Waterboom Jogja,Dedi Rizaldi,"Bagus kurang kamar ganti baju aja abis mandi masa iya barengan sama pas bilas yo basah semua baju gantinya, yoo diliat semua lah🤣","4,0
/5",10 Jan 2023
Waterboom Jogja,Dedi Rizaldi,"Mantep, yang kurang hanya kamar mandi ganti bajunya susah","4,0
/5",10 Jan 2023
Waterboom Jogja,Yanuar Budi Haristono,"Tempat ok, petugas banyak","4,0
/5",10 Jan 2023
Waterboom Jogja,Tivano Antoni,Harga dan fasilitas sebanding,"4,0
/5",9 Jan 2023
Waterboom Jogja,Fajar Ardiansyah,"👌, overall untuk liburan bersama keluarga","4,0
/5",8 Jan 2023
Waterboom Jogja,EH,"Oke lah. Cukup seru wahananya. Worth it dengan harga tiket nya. Cuman parkirannya yg di depan waterboom terbatas sekali. Jd harus parkir di tempat parkir yang jauh lokasinya. Sewa loker Rp.30.000, sew...","4,0
/5",31 Dec 2022
Waterboom Jogja,Oktorina Oktorina,Mbak bagian lokernya judes 😅 padahal karyawan bagian lainnya ramah2 bgt,"4,0
/5",20 Dec 2022
Waterboom Jogja,NK,Seru sekali berenang di jogjabay kapan kapan kesini lagi,"4,0
/5",6 Dec 2022
Waterboom Jogja,Fajar Ardi Prastowo,"bagus saja, mungkin perlu sedikit perbaikan sana sini","4,0
/5",20 Nov 2022
Waterboom Jogja,JS,bagus tapi wahananya sedikit yg dibuka,"4,0
/5",18 Nov 2022
Waterboom Jogja,Bimo Aditya,"Tempatnya luas, banyak wahana, petugas ramah².. Overall oke","4,0
/5",7 Nov 2022
Waterboom Jogja,Aldila Ashatilla,"Seru, tapi sayang Waterboom nya tidak beroperasi semua nya","4,0
/5",8 Oct 2022
Waterboom Jogja,Muhamad Agis A W,Lumayan sih tp agak sepi dan peosotan nya di bagi dan ada waktunya,"4,0
/5",4 Oct 2022
Waterboom Jogja,Herry Hertanto,"Perlu peremajaan, punya potensi yg baik sebenarnya..","4,0
/5",1 Oct 2022
Waterboom Jogja,Agung Tumanggor,Bagus bafus bagus bagus,"4,0
/5",29 Sep 2022
Waterboom Jogja,David A. Abdulgani,"kolam2 lumayan bersih, area loker harus diperhatikan, agak kotor. makanan lumayan, harga memang agak tinggi tapi ya memang segituan lah harga2 didalam. banyak pohon yang bikin enak, teduh.","4,0
/5",28 Sep 2022
Waterboom Jogja,AW,"Udah beberapa kali kesini,, oke","4,0
/5",18 Sep 2022
Waterboom Jogja,Wildan Arifin,"ada beberapa wahana yang berbayar padahal di tiket sudah tertera ""Termasuk seluruh wahana permainan"" aneh sih tapi yaa gpp tempatnya worth kok buat spend money to find happiness.","4,0
/5",18 May 2021
Waterboom Jogja,Bayu Malik Fajar,Banyak wahana yg gk dibuka dgn alasan kekurangan karyawan yg masuk pada saat itu,"3,0
/5",8 Nov 2024
Waterboom Jogja,EE,Bagus. Hanya saja keramik di kolam anak banyak yg lepas. Dan agak tajam. Bahaya sih klo untuk anak2 takut tergores keramik yg tajam.,"3,0
/5",16 Oct 2024
Waterboom Jogja,AM,sekarang agak kotor ya terus udah gak serame dulu sama perosotannya gak semuanya bisa dicoba. mungkin karena datengnya bukan weekend sih,"3,0
/5",11 Sep 2024
Waterboom Jogja,OS,👍yuhuuu yuhuuuuuu yuhuuuuuuuuuuuuuu yuhuuuuuu yuhuuuuuu yuhuuuuuu yuhuuuuuuuu yyyuuuuhhuuu,"3,0
/5",12 Jul 2024
Waterboom Jogja,Chandra Arie Wiwaha,Banyak oerubaham d bandingvwaltu masih brand jogka bay,"3,0
/5",26 May 2024
Waterboom Jogja,AM,Bagus sih hanya loker yg bayar nya kemahalan,"3,0
/5",17 Apr 2024
Waterboom Jogja,DP,"Ada wahana yang sudah nggak bisa digunakan sebelum jam tutup, padahal lagi high season. Jadi agak kurang puas.","3,0
/5",23 Dec 2023
Waterboom Jogja,KS,seru tapi fasilitas nya kurang,"3,0
/5",18 Oct 2023
Waterboom Jogja,AA,kemaren pas mau beli tulisannya sudah termasuk ban tp pas disana gabisa tulisan free bannya juga ulang,"3,0
/5",21 Aug 2023
Waterboom Jogja,JW,So far so good 👌👍🌻,"3,0
/5",18 Aug 2023
Waterboom Jogja,Muhammad Ridhwan Anshori,"Seru bgt, cocok untuk liburan keluarga/teman","3,0
/5",17 Aug 2023
Waterboom Jogja,Anggita Laksmi,Okelah Next untk pembelian tiket online sebaiknya pihak waterboom menyediakan mesin scan QR tersndri biar gk usah antree laghee☹️,"3,0
/5",29 Jun 2023
Waterboom Jogja,Andi Masdian,BAGUS NYAMAN KURANG TERTATA,"3,0
/5",9 Jan 2023
Waterboom Jogja,JT,"B masih bagus kayak dulu, tapi sudah tidak terlalu ketat, dan banyak yang meludah sembarangan","3,0
/5",31 Dec 2022
Waterboom Jogja,KE,"Tidak kondusif,penggunaan qris kurang,stafnya ramah","3,0
/5",5 Dec 2022
Waterboom Jogja,ruwisyani ruwisyani,Tolong lantai kolam ombak diperbaiki,"3,0
/5",27 Nov 2022
Waterboom Jogja,RS,"Lantai kolam harus sering di bersihkan ya, kamar mandinya bersih","3,0
/5",25 Nov 2022
Waterboom Jogja,Lulu Sanaafashila Rizqiana,No coment yaa...........................,"3,0
/5",30 Sep 2022
Waterboom Jogja,TS,"Mengenai keluar biaya lagi setelah tiket masuk, tidak apa-apa dan bahkan bagus. Tapi, kalau bisa bukanya lebih lama. Misalnya jam 8 sampai jam 6 sore. Jangan tutup jam 4 sore. Karena lokasi waterboomn...","3,0
/5",23 Sep 2022
Waterboom Jogja,DP,Cukup asyik waterboomnya. Tapi harga lebih tinggi lewat app daripada bayar ditempat. Ada promo beli langsung.,"2,0
/5",1 Oct 2024
Waterboom Jogja,CV,Too bad. Good place but very lack maintenance. Been there when it was recently opened years ago. Slides lack of water so you couldn't slide easily Tiles broken here and there so it's dangerous to walk...,"2,0
/5",3 Aug 2024
Waterboom Jogja,DS,"Parahhh, beli di website 45ribu, di tiket.com 42 ribu. Tapi mending kalian beli di website nya aja, biar sekalian dapet tiket museum air, kalo beli disini ga dapet tiket masuk museum air nya. Dah mana...","2,0
/5",27 Jan 2024
Waterboom Jogja,Fahmi Nuriman,"Banyak wahana tutup lebih awal dari jam yg seharusnya. Jika tinggi anak kurang dari 110 cm, hanya wahana anak2 dan kolam sungai yg bisa dikunjungi, selebihnya tidak bisa. Tidak ada fasilitas photo oti...","2,0
/5",31 May 2023
Waterboom Jogja,DF,pas rame bgt parkiran bis smpe penuh. ramai bgt nunggu ban udh kyk ban gratisan habis trs ga kbagian. kamarmandi jg mludag bgt mana gada cantelannya. lantai kolam arus rusak hrs dibenerin itu dengkul ...,"2,0
/5",17 May 2023
Waterboom Jogja,Rizal Apr,Cara klaim asuransi bagaimana ya?,"2,0
/5",1 Apr 2023
Waterboom Jogja,Ghina Raudhatul Jannah,mahal apa2 bayar kurang tidak menarik,"1,0
/5",16 Jul 2024
Waterboom Jogja,AB,Benennya sewa lagi 25 ribu terus tempat naroh barang sewa lagi 30 ribu,"1,0
/5",2 Feb 2024
Waterboom Jogja,Priscilla S Gracia Siregar,"Air nya kotor, kaporitnya terlalu kuat. Kulit saya sampe merah-merah","1,0
/5",15 Dec 2023
Waterboom Jogja,CT,"Beda bgt sm waterboom di kota2 lain, gak seluas itu dan kurang terawat. Tiketnya jg gak dibatesin per harinya jd ada &gt;5 bus rombongan anak sekolah & perusahaan dateng di saat bersamaan, rame bgt ky...","1,0
/5",4 Jul 2023
Waterboom Jogja,SINTIA FAWW,Mantappppppppppppppp bangetttt yaampun rame banget jogja bay,"1,0
/5",22 May 2023
Waterboom Jogja,WE,"kurang bersih, makanan kurang terjangkau","1,0
/5",30 May 2021
De MANGOL VIEW,FI,"Tempatnya Bagus, Sesuai ekspektasi","5,0
/5",1 Jan 2025
De MANGOL VIEW,Tita Dwi Puspita sari,"Viewnya bagus banget . Paling enak Dateng pagi , suasana masih sepi banget . Puas foto2 d semua spot . Resto buka jam 1 siang , dan biasanya banyak pengunjung d jam 3 sore","5,0
/5",20 Jun 2024
The Legend of Roro Jonggrang Ticket in Yogyakarta,GADIS ADRIANA NUGRAHENI,Out of expectation 🙂 . Agak mix dengan komedi tapi still has a good performance.. nice to watch,"5,0
/5",29 Jan 2025
The Legend of Roro Jonggrang Ticket in Yogyakarta,Sandy Deborah,"A legend brought alive by very talented actors, a play with all the right elements. Excellent choreography. Certainly not to be missed after visiting Prambanan!","5,0
/5",18 Sep 2023
Jomblang Cave Experience in Yogyakarta,Ng,"A relatively safe and interesting experience down in the caves, rather touristy but still a good experience to go once! The guides are very good at helping you take photos as well","5,0
/5",6 Sep 2023
Merapi Jeep Ticket in Yogyakarta,Andari Putri Wardhani,"Samgat recomended buat wisatawan luar. Guidenya asyik, jago buat tukang foto juga.","4,0
/5",4 Dec 2024
Merapi Jeep Ticket in Yogyakarta,Dwi Brananto Ari Buana,Rekomendasi rekreasi petualangan,"4,0
/5",29 Dec 2023
Merapi Park Jogja,Bagus Ade Burhanuddin,tempatnya bagus dan sepi,"5,0
/5",23 Oct 2024
Merapi Park Jogja,Alizar Prihandani,Viewnya indah dan tempat ngopinya keren,"5,0
/5",29 Aug 2024
Merapi Park Jogja,MS,"Sebenarnya bagus, hanya saja banyak dinonya yg mati jd banyak yg tidak bunyi, untuk wahana permainan untuk anak banyak, kolam renangnya juga bersih, kedepannya perlu ditingkatkan lagi perawatannya","3,0
/5",31 May 2024
